line,station,lat,lng
JR上越線,高崎,36.3228267,139.0126623
JR上越線,高崎問屋町,36.34606,139.0171158
JR上越線,井野,36.3572949,139.0229725
JR上越線,新前橋,36.3789167,139.0470967
JR上越線,群馬総社,36.4158198,139.0323929
JR上越線,八木原,36.4635627,139.0191274
JR上越線,渋川,36.4913217,139.0087977
JR上越線,敷島,36.53865529999999,139.0339521
JR上越線,津久田,36.5610369,139.0428197
JR上越線,岩本,36.6031556,139.0471395
JR上越線,沼田,36.6424996,139.0356225
JR上越線,後閑,36.67955,138.9999852
JR上越線,上牧,37.1478952,138.236135
JR上越線,水上,36.778636,138.9688398
JR上越線,湯檜曽,36.80271159999999,138.9865917
JR上越線,土合,36.8313766,138.9670159
JR上越線,土樽,36.8752738,138.8617668
JR上越線,越後中里,36.9104083,138.8484887
JR上越線,岩原スキー場前,36.9243542,138.8393796
JR上越線,越後湯沢,36.9359839,138.8096335
JR上越線,石打,36.9889814,138.8041559
JR上越線,大沢,37.0212004,138.821292
JR上越線,上越国際スキー場前,37.0290052,138.8278744
JR上越線,塩沢,37.041398,138.848529
JR上越線,六日町,37.0666966,138.8755353
JR上越線,五日町,37.1199136,138.9083913
JR上越線,浦佐,37.1674363,138.9228047
JR上越線,八色,37.1917672,138.9350526
JR上越線,小出,37.2335129,138.953577
JR上越線,越後堀之内,37.2389283,138.9282179
JR上越線,北堀之内,37.2557032,138.8961922
JR上越線,越後川口,37.2730892,138.8615833
JR上越線,小千谷,37.3096392,138.8135304
JR上越線,越後滝谷,37.3686885,138.8349149
JR上越線,宮内,37.4220992,138.8402455
JR上越線,長岡,37.448014,138.8540468
JR上野東京ライン,品川,35.6284713,139.7387597
JR上野東京ライン,新橋,35.666379,139.7583398
JR上野東京ライン,東京,35.68123620000001,139.7671248
JR上野東京ライン,上野,35.7141672,139.7774091
JR両毛線,高崎,36.3228267,139.0126623
JR両毛線,高崎問屋町,36.34606,139.0171158
JR両毛線,井野,36.3572949,139.0229725
JR両毛線,新前橋,36.3789167,139.0470967
JR両毛線,前橋,36.38332219999999,139.0731784
JR両毛線,前橋大島,36.3705444,139.1096538
JR両毛線,駒形,36.3541186,139.1393199
JR両毛線,伊勢崎,36.3269062,139.1938954
JR両毛線,国定,36.358843,139.2421164
JR両毛線,岩宿,36.3958681,139.2972768
JR両毛線,桐生,36.4110162,139.3331401
JR両毛線,小俣,36.375067,139.3743266
JR両毛線,山前,36.3474045,139.411269
JR両毛線,足利,36.3318241,139.455877
JR両毛線,あしかがフラワーパーク,36.315106,139.518445
JR両毛線,富田,36.3161612,139.5289824
JR両毛線,佐野,36.3168661,139.57884
JR両毛線,岩舟,36.326739,139.65768
JR両毛線,大平下,36.3442912,139.6975969
JR両毛線,栃木,36.3716588,139.7314296
JR両毛線,思川,36.3510808,139.7810983
JR両毛線,小山,36.3131205,139.8063241
JR中央・総武線各駅停車,三鷹,35.7027156,139.5610291
JR中央・総武線各駅停車,吉祥寺,35.7031485,139.5798087
JR中央・総武線各駅停車,西荻窪,35.7036961,139.600182
JR中央・総武線各駅停車,荻窪,35.7045751,139.6200629
JR中央・総武線各駅停車,阿佐ケ谷,35.7049247,139.6361231
JR中央・総武線各駅停車,高円寺,35.7053457,139.6499291
JR中央・総武線各駅停車,中野,35.7054067,139.6658254
JR中央・総武線各駅停車,東中野,35.7062478,139.6837613
JR中央・総武線各駅停車,大久保,0.0,0.0
JR中央・総武線各駅停車,新宿,35.6896067,139.7005713
JR中央・総武線各駅停車,代々木,35.683033,139.7020555
JR中央・総武線各駅停車,千駄ケ谷,35.6811956,139.7112808
JR中央・総武線各駅停車,信濃町,35.6800602,139.7203199
JR中央・総武線各駅停車,四ツ谷,35.6861525,139.7302183
JR中央・総武線各駅停車,市ケ谷,35.6910121,139.7355674
JR中央・総武線各駅停車,飯田橋,35.7020837,139.7450232
JR中央・総武線各駅停車,水道橋,35.7020484,139.7535016
JR中央・総武線各駅停車,御茶ノ水,35.6997175,139.7644404
JR中央・総武線各駅停車,秋葉原,35.698383,139.7730717
JR中央・総武線各駅停車,浅草橋,35.6974952,139.7859834
JR中央・総武線各駅停車,両国,35.6961328,139.7927196
JR中央・総武線各駅停車,錦糸町,35.6967393,139.8144835
JR中央・総武線各駅停車,亀戸,35.6973225,139.8265658
JR中央・総武線各駅停車,平井,35.7065625,139.8427227
JR中央・総武線各駅停車,新小岩,35.7174462,139.8586312
JR中央・総武線各駅停車,小岩,35.7333003,139.881958
JR中央・総武線各駅停車,市川,35.728821,139.908197
JR中央・総武線各駅停車,本八幡,35.7210914,139.9272341
JR中央・総武線各駅停車,下総中山,35.7143133,139.9430576
JR中央・総武線各駅停車,西船橋,35.7074443,139.9590775
JR中央・総武線各駅停車,船橋,35.7017357,139.9853815
JR中央・総武線各駅停車,東船橋,35.6998137,140.0042979
JR中央・総武線各駅停車,津田沼,35.6912149,140.0204072
JR中央・総武線各駅停車,幕張本郷,35.6727454,140.042304
JR中央・総武線各駅停車,幕張,35.6593754,140.0579636
JR中央・総武線各駅停車,新検見川,35.651751,140.073325
JR中央・総武線各駅停車,稲毛,35.63717,140.09249
JR中央・総武線各駅停車,西千葉,35.622644,140.103295
JR中央・総武線各駅停車,千葉,35.6129259,140.1134781
JR中央本線,東京,35.68123620000001,139.7671248
JR中央本線,新宿,35.6896067,139.7005713
JR中央本線,三鷹,35.7027156,139.5610291
JR中央本線,立川,35.6979144,139.4137408
JR中央本線,日野,35.6793641,139.3940577
JR中央本線,豊田,35.6595199,139.3815002
JR中央本線,八王子,35.6556157,139.3388529
JR中央本線,西八王子,35.6565083,139.3124204
JR中央本線,高尾,35.64222609999999,139.2818312
JR中央本線,相模湖,35.6170681,139.1889685
JR中央本線,藤野,35.616036,139.151349
JR中央本線,上野原,35.6188568,139.1160605
JR中央本線,四方津,35.614303,139.0728002
JR中央本線,梁川,35.6053989,139.0382207
JR中央本線,鳥沢,35.608283,139.0032412
JR中央本線,猿橋,35.612806,138.9680999
JR中央本線,大月,35.6132125,138.9427266
JR中央本線,初狩,35.5946216,138.8844431
JR中央本線,笹子,35.6041451,138.8270688
JR中央本線,甲斐大和,35.6396216,138.7804532
JR中央本線,勝沼ぶどう郷,35.6724373,138.7430054
JR中央本線,塩山,35.7054135,138.7346248
JR中央本線,東山梨,35.6942577,138.7028252
JR中央本線,山梨市,35.6849321,138.6834355
JR中央本線,春日居町,35.6738052,138.6592611
JR中央本線,石和温泉,35.6576641,138.6352719
JR中央本線,酒折,35.6594887,138.5991941
JR中央本線,甲府,35.666674,138.5687848
JR中央本線,竜王,35.6687593,138.5197473
JR中央本線,塩崎,35.6877985,138.4877787
JR中央本線,韮崎,35.7103837,138.4509603
JR中央本線,新府,35.7371986,138.433367
JR中央本線,穴山,35.7511399,138.4142931
JR中央本線,日野春,35.7900483,138.3947115
JR中央本線,長坂,35.8273971,138.3669062
JR中央本線,小淵沢,35.8636976,138.3161057
JR中央本線,信濃境,35.8849269,138.2754132
JR中央本線,富士見,35.9122284,138.2378598
JR中央本線,すずらんの里,35.9305312,138.2117225
JR中央本線,青柳,35.9428072,138.1974177
JR中央本線,茅野,35.9948,138.152503
JR中央本線,上諏訪,36.0467933,138.1162817
JR中央本線,下諏訪,36.071984,138.0850612
JR中央本線,岡谷,36.0567409,138.0446108
JR中央本線,みどり湖,36.0942844,137.9818749
JR中央本線,塩尻,36.1143325,137.9478588
JR中央線,東京,35.68123620000001,139.7671248
JR中央線,神田,35.6918216,139.7709318
JR中央線,御茶ノ水,35.6997175,139.7644404
JR中央線,四ツ谷,35.6861525,139.7302183
JR中央線,新宿,35.6896067,139.7005713
JR中央線,中野,35.7054067,139.6658254
JR中央線,高円寺,35.7053457,139.6499291
JR中央線,阿佐ケ谷,35.7049247,139.6361231
JR中央線,荻窪,35.7045751,139.6200629
JR中央線,西荻窪,35.7036961,139.600182
JR中央線,吉祥寺,35.7031485,139.5798087
JR中央線,三鷹,35.7027156,139.5610291
JR中央線,武蔵境,35.7021388,139.5436578
JR中央線,東小金井,35.7015507,139.5239042
JR中央線,武蔵小金井,35.7011232,139.506912
JR中央線,国分寺,35.7002201,139.4802697
JR中央線,西国分寺,35.6998082,139.4657772
JR中央線,国立,35.69917300000001,139.446376
JR中央線,立川,35.6979144,139.4137408
JR中央線,日野,35.6793641,139.3940577
JR中央線,豊田,35.6595199,139.3815002
JR中央線,八王子,35.6556157,139.3388529
JR中央線,西八王子,35.6565083,139.3124204
JR中央線,高尾,35.64222609999999,139.2818312
JR久留里線,木更津,35.3815785,139.926229
JR久留里線,祇園,33.5940958,130.4145184
JR久留里線,上総清川,35.3909554,139.9655329
JR久留里線,東清川,35.39002809999999,139.9858005
JR久留里線,横田,35.3861959,140.0201175
JR久留里線,東横田,35.3862769,140.0364353
JR久留里線,馬来田,35.3667824,140.0585317
JR久留里線,下郡,35.3552795,140.0554536
JR久留里線,小櫃,35.3280923,140.0598387
JR久留里線,俵田,35.31454000000001,140.0613769
JR久留里線,久留里,35.29586949999999,140.0757362
JR久留里線,平山,35.2742929,140.0645627
JR久留里線,上総松丘,35.2577822,140.0640014
JR久留里線,上総亀山,34.855829,136.4515719
JR五日市線,拝島,35.72113,139.3436514
JR五日市線,熊川,35.7284086,139.3354048
JR五日市線,東秋留,35.7259108,139.3108079
JR五日市線,秋川,35.728084,139.2866522
JR五日市線,武蔵引田,35.72986119999999,139.2702242
JR五日市線,武蔵増戸,35.7309423,139.2563073
JR五日市線,武蔵五日市,35.732303,139.228337
JR京浜東北線,大宮,35.9064485,139.6238548
JR京浜東北線,さいたま新都心,35.893795,139.633741
JR京浜東北線,与野,35.8843917,139.6390764
JR京浜東北線,北浦和,35.872187,139.645713
JR京浜東北線,浦和,35.8587283,139.6573784
JR京浜東北線,南浦和,35.8473849,139.6695734
JR京浜東北線,蕨,35.8280777,139.6903234
JR京浜東北線,西川口,35.8155374,139.7043642
JR京浜東北線,川口,35.8018754,139.7177024
JR京浜東北線,赤羽,35.7776951,139.7205691
JR京浜東北線,東十条,35.763949,139.7268722
JR京浜東北線,王子,35.7529945,139.7378714
JR京浜東北線,上中里,35.7465785,139.7469573
JR京浜東北線,田端,35.7381581,139.7608154
JR京浜東北線,西日暮里,35.7324125,139.7677967
JR京浜東北線,日暮里,35.7281578,139.7706414
JR京浜東北線,鶯谷,35.7214573,139.7780133
JR京浜東北線,上野,35.7141672,139.7774091
JR京浜東北線,御徒町,35.7075185,139.7748564
JR京浜東北線,秋葉原,35.698383,139.7730717
JR京浜東北線,神田,35.6918216,139.7709318
JR京浜東北線,東京,35.68123620000001,139.7671248
JR京浜東北線,有楽町,35.6750133,139.7630204
JR京浜東北線,新橋,35.666379,139.7583398
JR京浜東北線,浜松町,35.6553809,139.7571289
JR京浜東北線,田町,35.6457361,139.7475624
JR京浜東北線,高輪ゲートウェイ,35.6355207,139.7406809
JR京浜東北線,品川,35.6284713,139.7387597
JR京浜東北線,大井町,35.6076153,139.7346592
JR京浜東北線,大森,35.5884467,139.7278683
JR京浜東北線,蒲田,35.5624794,139.7160731
JR京浜東北線,川崎,35.5313654,139.696889
JR京浜東北線,鶴見,35.5080356,139.6762625
JR京浜東北線,新子安,35.4870546,139.6548105
JR京浜東北線,東神奈川,35.4779292,139.6333614
JR京浜東北線,横浜,35.46598110000001,139.622062
JR京浜東北線,桜木町,35.4509136,139.6310595
JR京浜東北線,関内,35.4439663,139.6354978
JR京浜東北線,石川町,35.4387746,139.6430494
JR京浜東北線,山手,35.42686,139.6463741
JR京浜東北線,根岸,35.415819,139.6350457
JR京浜東北線,磯子,35.3998639,139.6179011
JR京浜東北線,新杉田,35.3867269,139.619549
JR京浜東北線,洋光台,35.378769,139.597042
JR京浜東北線,港南台,35.37513,139.576405
JR京浜東北線,本郷台,35.3674373,139.5502526
JR京浜東北線,大船,35.3540475,139.5312989
JR京葉線,東京,35.68123620000001,139.7671248
JR京葉線,八丁堀,35.6746248,139.7768846
JR京葉線,越中島,35.6679621,139.7926487
JR京葉線,潮見,35.6587316,139.8174046
JR京葉線,新木場,35.6459065,139.8267917
JR京葉線,葛西臨海公園,35.6444342,139.8615775
JR京葉線,舞浜,35.6361543,139.8838749
JR京葉線,新浦安,35.6495086,139.9125145
JR京葉線,市川塩浜,35.6665779,139.9235242
JR京葉線,二俣新町,35.6913568,139.959505
JR京葉線,南船橋,35.6819092,139.9955789
JR京葉線,新習志野,35.667386,140.012968
JR京葉線,幕張豊砂（2023年3月18日開業）,35.6580566,140.0270059
JR京葉線,海浜幕張,35.6484764,140.0419868
JR京葉線,検見川浜,35.637204,140.0592067
JR京葉線,稲毛海岸,35.629503,140.073825
JR京葉線,千葉みなと,35.606701,140.102768
JR京葉線,蘇我,35.5814199,140.1311605
JR信越本線（群馬県）,高崎,36.3228267,139.0126623
JR信越本線（群馬県）,北高崎,36.3384778,139.0024712
JR信越本線（群馬県）,群馬八幡,36.3378688,138.9574643
JR信越本線（群馬県）,安中,36.3317906,138.9136112
JR信越本線（群馬県）,磯部,36.2985126,138.8494417
JR信越本線（群馬県）,松井田,36.3095938,138.7974474
JR信越本線（群馬県）,西松井田,36.3095938,138.7974474
JR信越本線（群馬県）,横川,36.3363317,138.737046
JR八高線,八王子,35.6556157,139.3388529
JR八高線,北八王子,35.6693584,139.3633717
JR八高線,小宮,35.685518,139.3688694
JR八高線,拝島,35.72113,139.3436514
JR八高線,東福生,35.7459195,139.3359822
JR八高線,箱根ケ崎,35.771662,139.346742
JR八高線,金子,35.810796,139.328604
JR八高線,東飯能,35.853014,139.32613
JR八高線,高麗川,35.8962482,139.3379637
JR八高線,毛呂,35.9407256,139.3093221
JR八高線,越生,35.9621646,139.2993754
JR八高線,明覚,36.0033412,139.2888535
JR八高線,小川町,36.0584173,139.2613431
JR八高線,竹沢,36.075486,139.2299346
JR八高線,折原,36.0962049,139.1952423
JR八高線,寄居,36.1178872,139.1945371
JR八高線,用土,36.1534903,139.2009318
JR八高線,松久,36.1729598,139.1821264
JR八高線,児玉,36.1925208,139.1359073
JR八高線,丹荘,36.2167652,139.1023958
JR八高線,群馬藤岡,36.2501593,139.0833239
JR八高線,北藤岡,36.2826529,139.0804668
JR八高線,倉賀野,36.3002847,139.0491638
JR八高線,高崎,36.3228267,139.0126623
JR内房線,千葉,35.6129259,140.1134781
JR内房線,本千葉,35.6018503,140.1207196
JR内房線,蘇我,35.5814199,140.1311605
JR内房線,浜野,35.5520062,140.1320503
JR内房線,八幡宿,35.5363502,140.1200926
JR内房線,五井,35.5133059,140.0896418
JR内房線,姉ケ崎,35.4785957,140.042129
JR内房線,長浦,35.4504102,139.9954503
JR内房線,袖ケ浦,35.4321885,139.9578287
JR内房線,巌根,35.414552,139.933679
JR内房線,木更津,35.3815785,139.926229
JR内房線,君津,35.3336671,139.8950422
JR内房線,青堀,35.3305311,139.8589388
JR内房線,大貫,35.2917576,139.8556351
JR内房線,佐貫町,35.2606378,139.8760935
JR内房線,上総湊,35.2222772,139.8712827
JR内房線,竹岡,35.1975452,139.8300299
JR内房線,浜金谷,35.1681316,139.8222539
JR内房線,保田,35.1410571,139.8383573
JR内房線,安房勝山,35.1140268,139.833394
JR内房線,岩井,35.0932796,139.8498934
JR内房線,富浦,35.0460623,139.837813
JR内房線,那古船形,35.02900899999999,139.8513958
JR内房線,館山,34.9959574,139.8618962
JR内房線,九重,34.997678,139.9111008
JR内房線,千倉,34.9767087,139.9547124
JR内房線,千歳,34.9912662,139.9661377
JR内房線,南三原,35.0211799,139.9790243
JR内房線,和田浦,35.0416787,140.0197423
JR内房線,江見,35.0625108,140.0611269
JR内房線,太海,35.0814819,140.096151
JR内房線,安房鴨川,35.1075625,140.1035382
JR南武線,立川,35.6979144,139.4137408
JR南武線,西国立,35.693459,139.4242584
JR南武線,矢川,35.685063,139.431572
JR南武線,谷保,35.68137,139.446738
JR南武線,西府,35.6709726,139.4573727
JR南武線,分倍河原,35.6685677,139.46874
JR南武線,府中本町,35.6662815,139.4770873
JR南武線,南多摩,35.6492761,139.4899059
JR南武線,稲城長沼,35.644292,139.502568
JR南武線,矢野口,35.6417094,139.5204551
JR南武線,稲田堤,35.6334204,139.5356629
JR南武線,中野島,35.6301215,139.5500898
JR南武線,登戸,35.6207662,139.5700976
JR南武線,宿河原,35.6153801,139.5797295
JR南武線,久地,35.6106071,139.5925028
JR南武線,津田山,35.6036047,139.6007276
JR南武線,武蔵溝ノ口,35.5993971,139.6105195
JR南武線,武蔵新城,35.58718,139.6298424
JR南武線,武蔵中原,35.5807143,139.642107
JR南武線,武蔵小杉,35.5766335,139.659466
JR南武線,向河原,35.5721934,139.6672787
JR南武線,平間,35.5605559,139.6710844
JR南武線,鹿島田,35.5512456,139.6751584
JR南武線,矢向,35.5389245,139.6804314
JR南武線,尻手,35.5311934,139.6844966
JR南武線,川崎,35.5313654,139.696889
JR埼京線,川越,35.9071163,139.4824443
JR埼京線,南古谷,35.90318,139.519139
JR埼京線,指扇,35.91693,139.56494
JR埼京線,日進,35.1184274,137.0487428
JR埼京線,大宮,35.9064485,139.6238548
JR埼京線,北与野,35.8907795,139.6286808
JR埼京線,与野本町,35.88088,139.62602
JR埼京線,南与野,35.8674942,139.6311953
JR埼京線,中浦和,35.8538,139.637353
JR埼京線,武蔵浦和,35.84595729999999,139.6476293
JR埼京線,北戸田,35.827581,139.660269
JR埼京線,戸田,35.8176661,139.6696195
JR埼京線,戸田公園,35.8080807,139.6780402
JR埼京線,浮間舟渡,35.7912024,139.6914026
JR埼京線,北赤羽,35.7866831,139.706194
JR埼京線,赤羽,35.7776951,139.7205691
JR埼京線,十条,35.760257,139.7222387
JR埼京線,板橋,35.7454959,139.7197748
JR埼京線,池袋,35.7295028,139.7109001
JR埼京線,新宿,35.6896067,139.7005713
JR埼京線,渋谷,35.6580339,139.7016358
JR埼京線,恵比寿,35.6467145,139.7100818
JR埼京線,大崎,35.6198513,139.7281892
JR埼京線,西大井,35.60179189999999,139.7218021
JR埼京線,武蔵小杉,35.5766335,139.659466
JR埼京線,羽沢横浜国大,35.48117,139.5860839
JR外房線,千葉,35.6129259,140.1134781
JR外房線,本千葉,35.6018503,140.1207196
JR外房線,蘇我,35.5814199,140.1311605
JR外房線,鎌取,35.5626526,140.1787359
JR外房線,誉田,35.54700589999999,140.2138166
JR外房線,土気,35.530742,140.269841
JR外房線,大網,35.522522,140.311032
JR外房線,永田,35.5026351,140.3110883
JR外房線,本納,35.482054,140.307534
JR外房線,新茂原,35.4494741,140.2996748
JR外房線,茂原,35.4268738,140.3040484
JR外房線,八積,35.4040082,140.3453672
JR外房線,上総一ノ宮,35.3736839,140.3650207
JR外房線,東浪見,35.34714170000001,140.376705
JR外房線,太東,35.3201019,140.3812565
JR外房線,長者町,35.2962435,140.3849794
JR外房線,三門,35.2823784,140.3915894
JR外房線,大原,35.2508913,140.3908475
JR外房線,浪花,35.2228904,140.3792606
JR外房線,御宿,35.18756,140.351431
JR外房線,勝浦,35.152563,140.311936
JR外房線,鵜原,35.1411746,140.2789111
JR外房線,上総興津,35.1372305,140.2509416
JR外房線,行川アイランド,35.1182313,140.225972
JR外房線,安房小湊,35.128618,140.1897802
JR外房線,安房天津,35.12575630000001,140.1546999
JR外房線,安房鴨川,35.1075625,140.1035382
JR宇都宮線,黒磯,36.9699004,140.0594458
JR宇都宮線,那須塩原,36.931771,140.021192
JR宇都宮線,西那須野,36.8843805,139.9867256
JR宇都宮線,野崎,36.84375720000001,139.9577286
JR宇都宮線,矢板,36.8066165,139.9329549
JR宇都宮線,片岡,36.7545395,139.9455672
JR宇都宮線,蒲須坂,36.7207656,139.9504293
JR宇都宮線,氏家,36.6816315,139.9620967
JR宇都宮線,宝積寺,36.6314759,139.9794978
JR宇都宮線,岡本,34.7291136,135.2759736
JR宇都宮線,宇都宮,36.5590234,139.8984511
JR宇都宮線,雀宮,36.493823,139.8769105
JR宇都宮線,石橋,36.4363234,139.8666152
JR宇都宮線,自治医大,36.3954111,139.8547291
JR宇都宮線,小金井,36.3743489,139.8420524
JR宇都宮線,小山,36.3131205,139.8063241
JR宇都宮線,間々田,36.2577575,139.7612428
JR宇都宮線,野木,36.2299543,139.7347184
JR宇都宮線,古河,36.194597,139.709555
JR宇都宮線,栗橋,36.1367718,139.6942492
JR宇都宮線,東鷲宮,36.0894695,139.6791581
JR宇都宮線,久喜,36.0659584,139.6776327
JR宇都宮線,新白岡,36.0387413,139.6721114
JR宇都宮線,白岡,36.017588,139.667094
JR宇都宮線,蓮田,35.981286,139.653069
JR宇都宮線,東大宮,35.9487549,139.6402863
JR宇都宮線,土呂,35.9318741,139.6321561
JR宇都宮線,大宮,35.9064485,139.6238548
JR宇都宮線,さいたま新都心,35.893795,139.633741
JR宇都宮線,浦和,35.8587283,139.6573784
JR宇都宮線,赤羽,35.7776951,139.7205691
JR宇都宮線,尾久,35.746768,139.7546
JR宇都宮線,上野,35.7141672,139.7774091
JR山手線,大崎,35.6198513,139.7281892
JR山手線,五反田,35.6261591,139.7236022
JR山手線,目黒,35.63391319999999,139.7155561
JR山手線,恵比寿,35.6467145,139.7100818
JR山手線,渋谷,35.6580339,139.7016358
JR山手線,原宿,35.6700901,139.7024662
JR山手線,代々木,35.683033,139.7020555
JR山手線,新宿,35.6896067,139.7005713
JR山手線,新大久保,35.7012459,139.7002258
JR山手線,高田馬場,35.7125654,139.7038615
JR山手線,目白,35.7212199,139.7066115
JR山手線,池袋,35.7295028,139.7109001
JR山手線,大塚,35.7317124,139.7285029
JR山手線,巣鴨,35.7334192,139.7392848
JR山手線,駒込,35.7365665,139.7470098
JR山手線,田端,35.7381581,139.7608154
JR山手線,西日暮里,35.7324125,139.7677967
JR山手線,日暮里,35.7281578,139.7706414
JR山手線,鶯谷,35.7214573,139.7780133
JR山手線,上野,35.7141672,139.7774091
JR山手線,御徒町,35.7075185,139.7748564
JR山手線,秋葉原,35.698383,139.7730717
JR山手線,神田,35.6918216,139.7709318
JR山手線,東京,35.68123620000001,139.7671248
JR山手線,有楽町,35.6750133,139.7630204
JR山手線,新橋,35.666379,139.7583398
JR山手線,浜松町,35.6553809,139.7571289
JR山手線,田町,35.6457361,139.7475624
JR山手線,高輪ゲートウェイ,35.6355207,139.7406809
JR山手線,品川,35.6284713,139.7387597
JR川越線,大宮,35.9064485,139.6238548
JR川越線,日進,35.1184274,137.0487428
JR川越線,西大宮,35.9223389,139.5798987
JR川越線,指扇,35.91693,139.56494
JR川越線,南古谷,35.90318,139.519139
JR川越線,川越,35.9071163,139.4824443
JR川越線,西川越,35.9190654,139.4599213
JR川越線,的場,35.917645,139.4360663
JR川越線,笠幡,35.9075733,139.4064771
JR川越線,武蔵高萩,35.9016761,139.3710962
JR川越線,高麗川,35.8962482,139.3379637
JR常磐線,仙台,38.2601316,140.8824375
JR常磐線,長町,38.2268376,140.8855833
JR常磐線,太子堂,38.2182318,140.8834208
JR常磐線,南仙台,38.19734529999999,140.8835884
JR常磐線,名取,38.1731665,140.882873
JR常磐線,館腰,38.1431015,140.8801468
JR常磐線,岩沼,38.1119075,140.8641585
JR常磐線,逢隈,38.067236,140.8547825
JR常磐線,亘理,38.0398906,140.8612644
JR常磐線,浜吉田,38.0022569,140.8900692
JR常磐線,山下,35.6539428,139.6465895
JR常磐線,坂元,37.9243307,140.9009363
JR常磐線,新地,37.879427,140.9254572
JR常磐線,駒ケ嶺,37.8422485,140.9251292
JR常磐線,相馬,37.7970426,140.9190868
JR常磐線,日立木,37.75611980000001,140.9347157
JR常磐線,鹿島,37.7028769,140.9700484
JR常磐線,原ノ町,37.638134,140.970968
JR常磐線,磐城太田,37.6051665,140.9914955
JR常磐線,小高,37.562727,140.9961915
JR常磐線,桃内,37.5284806,140.9841663
JR常磐線,浪江,37.4923182,140.9895564
JR常磐線,双葉,37.4540453,141.0058345
JR常磐線,大野,37.4093275,140.9841995
JR常磐線,夜ノ森,37.3659741,140.992407
JR常磐線,富岡,37.3352399,141.0223364
JR常磐線,竜田,37.282648,141.0028425
JR常磐線,木戸,37.258012,141.0024826
JR常磐線,Jヴィレッジ,37.24318410000001,141.0077493
JR常磐線,広野,37.2116282,140.9986516
JR常磐線,末続,37.1723271,140.9955426
JR常磐線,久ノ浜,37.1425805,140.9956828
JR常磐線,四ツ倉,37.1023624,140.9807414
JR常磐線,草野,37.0738924,140.9472177
JR常磐線,いわき,37.058174,140.8920926
JR常磐線,内郷,37.0359774,140.8548939
JR常磐線,湯本,37.0069806,140.8497845
JR常磐線,泉,36.9555017,140.8541501
JR常磐線,植田,36.9204611,140.7964596
JR常磐線,勿来,36.883354,140.7871564
JR常磐線,大津港,36.8467745,140.7780755
JR常磐線,磯原,36.7905022,140.746164
JR常磐線,南中郷,36.7528116,140.7289449
JR常磐線,高萩,36.7144822,140.7170031
JR常磐線,十王,36.6713751,140.6859798
JR常磐線,小木津,36.6366565,140.6752323
JR常磐線,日立,36.590439,140.661847
JR常磐線,常陸多賀,36.5520816,140.632684
JR常磐線,大甕,36.5128356,140.6194923
JR常磐線,東海,36.4654424,140.5659002
JR常磐線,佐和,36.4296464,140.5400125
JR常磐線,勝田,36.3944787,140.5242313
JR常磐線,水戸,36.3707551,140.476308
JR常磐線,偕楽園,36.3731868,140.4563477
JR常磐線,赤塚,36.3819102,140.4151928
JR常磐線,内原,36.3705866,140.3533065
JR常磐線,友部,36.3504842,140.3060536
JR常磐線,岩間,36.2954645,140.2765219
JR常磐線,羽鳥,36.247523,140.2867541
JR常磐線,石岡,36.1909503,140.2802496
JR常磐線,高浜,0.0,0.0
JR常磐線,神立,36.1204786,140.2485896
JR常磐線,土浦,36.078484,140.206212
JR常磐線,荒川沖,36.0312941,140.1666344
JR常磐線,ひたち野うしく,36.007352,140.158247
JR常磐線,牛久,35.9756237,140.1410386
JR常磐線,佐貫,35.9300659,140.1382285
JR常磐線,藤代,35.9205553,140.1181431
JR常磐線,取手,35.8956987,140.0628753
JR常磐線,天王台,35.8725378,140.0409088
JR常磐線,我孫子,35.8727034,140.0107941
JR常磐線,柏,35.8621498,139.9709172
JR常磐線,松戸,35.7843004,139.9006607
JR常磐線,北千住,35.7496762,139.8053433
JR常磐線,南千住,35.7331617,139.7989223
JR常磐線,三河島,35.7331755,139.7784846
JR常磐線,日暮里,35.7281578,139.7706414
JR常磐線,上野,35.7141672,139.7774091
JR常磐線各駅停車,綾瀬,35.762315,139.824924
JR常磐線各駅停車,亀有,35.7665375,139.8475334
JR常磐線各駅停車,金町,35.769538,139.870476
JR常磐線各駅停車,松戸,35.7843004,139.9006607
JR常磐線各駅停車,北松戸,35.8005413,139.9117619
JR常磐線各駅停車,馬橋,35.81134000000001,139.917276
JR常磐線各駅停車,新松戸,35.8254725,139.920711
JR常磐線各駅停車,北小金,35.833227,139.930774
JR常磐線各駅停車,南柏,35.8446412,139.9541741
JR常磐線各駅停車,柏,35.8621498,139.9709172
JR常磐線各駅停車,北柏,35.8755954,139.9880873
JR常磐線各駅停車,我孫子,35.8727034,140.0107941
JR御殿場線,国府津,35.281353,139.21494
JR御殿場線,下曽我,35.3038915,139.1833416
JR御殿場線,上大井,35.3223391,139.1632941
JR御殿場線,相模金子,35.3338672,139.1504616
JR御殿場線,松田,35.346822,139.1375478
JR御殿場線,東山北,35.3572024,139.1081397
JR御殿場線,山北,35.3609955,139.0799411
JR御殿場線,谷峨,35.3655541,139.0385285
JR御殿場線,駿河小山,35.3587061,138.9988435
JR御殿場線,足柄,35.2721651,139.1545376
JR御殿場線,御殿場,35.3001232,138.9340564
JR御殿場線,南御殿場,35.2770906,138.9254826
JR御殿場線,富士岡,35.2561129,138.920259
JR御殿場線,岩波,35.2159078,138.9190635
JR御殿場線,裾野,35.1718434,138.9093246
JR御殿場線,長泉なめり,35.147573,138.899368
JR御殿場線,下土狩,35.1295352,138.8952821
JR御殿場線,大岡,35.1158159,138.8808396
JR御殿場線,沼津,35.1026494,138.8598006
JR成田線,佐倉,35.7097115,140.2260837
JR成田線,酒々井,35.7316641,140.2752487
JR成田線,成田,35.777327,140.313605
JR成田線,久住,35.8323451,140.3389085
JR成田線,滑河,35.8775664,140.3482921
JR成田線,下総神崎,35.8949368,140.4105304
JR成田線,大戸,35.89023460000001,140.4583934
JR成田線,佐原,35.89506799999999,140.493557
JR成田線,香取,35.8979025,140.5323035
JR成田線,水郷,35.8854883,140.5701619
JR成田線,小見川,35.84996539999999,140.6045494
JR成田線,笹川,35.8393847,140.6558233
JR成田線,下総橘,35.8186688,140.7022965
JR成田線,下総豊里,35.7931025,140.7207285
JR成田線,椎柴,35.7652292,140.7589288
JR成田線,松岸,35.739537,140.7952774
JR成田線,銚子,35.7296659,140.8274186
JR日光線,宇都宮,36.5590234,139.8984511
JR日光線,鶴田,36.5383394,139.858806
JR日光線,鹿沼,36.5712219,139.7629795
JR日光線,文挟,36.6376579,139.7280075
JR日光線,下野大沢,36.6859303,139.7326717
JR日光線,今市,36.7207853,139.686834
JR日光線,日光,36.74744800000001,139.62204
JR東海道線,東京,35.68123620000001,139.7671248
JR東海道線,新橋,35.666379,139.7583398
JR東海道線,品川,35.6284713,139.7387597
JR東海道線,川崎,35.5313654,139.696889
JR東海道線,横浜,35.46598110000001,139.622062
JR東海道線,戸塚,35.40076639999999,139.5342039
JR東海道線,大船,35.3540475,139.5312989
JR東海道線,藤沢,35.3388984,139.4874695
JR東海道線,辻堂,35.3368951,139.4470874
JR東海道線,茅ケ崎,35.3303025,139.4068167
JR東海道線,平塚,35.3276448,139.3504658
JR東海道線,大磯,35.311435,139.313291
JR東海道線,二宮,35.2987859,139.2575981
JR東海道線,国府津,35.281353,139.21494
JR東海道線,鴨宮,35.275658,139.180026
JR東海道線,小田原,35.2564449,139.1553932
JR東海道線,早川,35.238689,139.145003
JR東海道線,根府川,35.202526,139.138644
JR東海道線,真鶴,35.156809,139.13234
JR東海道線,湯河原,35.146087,139.102177
JR東海道線,熱海,35.1038422,139.0778841
JR東金線,大網,35.522522,140.311032
JR東金線,福俵,35.5462144,140.3418617
JR東金線,東金,35.560158,140.363609
JR東金線,求名,35.5800177,140.3964113
JR東金線,成東,35.6083867,140.410859
JR根岸線,大船,35.3540475,139.5312989
JR根岸線,本郷台,35.3674373,139.5502526
JR根岸線,港南台,35.37513,139.576405
JR根岸線,洋光台,35.378769,139.597042
JR根岸線,新杉田,35.3867269,139.619549
JR根岸線,磯子,35.3998639,139.6179011
JR根岸線,根岸,35.415819,139.6350457
JR根岸線,山手,35.42686,139.6463741
JR根岸線,石川町,35.4387746,139.6430494
JR根岸線,関内,35.4439663,139.6354978
JR根岸線,桜木町,35.4509136,139.6310595
JR根岸線,横浜,35.46598110000001,139.622062
JR横浜線,八王子,35.6556157,139.3388529
JR横浜線,片倉,35.6397424,139.3414569
JR横浜線,八王子みなみ野,35.631317,139.330972
JR横浜線,相原,35.6069027,139.3316669
JR横浜線,橋本,35.5948639,139.3449224
JR横浜線,相模原,35.5813315,139.3712564
JR横浜線,矢部,35.5730965,139.3867762
JR横浜線,淵野辺,35.5687398,139.3950611
JR横浜線,古淵,35.555994,139.419189
JR横浜線,町田,35.546656,139.4385568
JR横浜線,成瀬,35.5355157,139.4729137
JR横浜線,長津田,35.5319546,139.4943049
JR横浜線,十日市場,35.526222,139.516543
JR横浜線,中山,35.5148115,139.53935
JR横浜線,鴨居,35.5109924,139.5669896
JR横浜線,小机,35.5085857,139.5998778
JR横浜線,新横浜,35.5076585,139.6175553
JR横浜線,菊名,35.5099195,139.6313685
JR横浜線,大口,35.4921609,139.6461469
JR横浜線,東神奈川,35.4779292,139.6333614
JR横須賀線,東京,35.68123620000001,139.7671248
JR横須賀線,新橋,35.666379,139.7583398
JR横須賀線,品川,35.6284713,139.7387597
JR横須賀線,西大井,35.60179189999999,139.7218021
JR横須賀線,武蔵小杉,35.5766335,139.659466
JR横須賀線,新川崎,35.551696,139.671529
JR横須賀線,横浜,35.46598110000001,139.622062
JR横須賀線,保土ケ谷,35.4467618,139.5996306
JR横須賀線,東戸塚,35.4305843,139.5567901
JR横須賀線,戸塚,35.40076639999999,139.5342039
JR横須賀線,大船,35.3540475,139.5312989
JR横須賀線,北鎌倉,35.3372266,139.5451937
JR横須賀線,鎌倉,35.3190647,139.5504119
JR横須賀線,逗子,35.2973885,139.5783805
JR横須賀線,東逗子,35.2986836,139.6010998
JR横須賀線,田浦,35.2928072,139.637459
JR横須賀線,横須賀,35.284198,139.654875
JR横須賀線,衣笠,35.2571472,139.6610915
JR横須賀線,久里浜,35.2331101,139.7013339
JR武蔵野線,府中本町,35.6662815,139.4770873
JR武蔵野線,北府中,35.6807728,139.4718419
JR武蔵野線,西国分寺,35.6998082,139.4657772
JR武蔵野線,新小平,35.7309094,139.4705899
JR武蔵野線,新秋津,35.77811,139.493563
JR武蔵野線,東所沢,35.794886,139.514477
JR武蔵野線,新座,35.8036922,139.5564949
JR武蔵野線,北朝霞,35.815469,139.58722
JR武蔵野線,西浦和,35.8442783,139.6280249
JR武蔵野線,武蔵浦和,35.84595729999999,139.6476293
JR武蔵野線,南浦和,35.8473849,139.6695734
JR武蔵野線,東浦和,35.8641332,139.7046531
JR武蔵野線,東川口,35.8760773,139.7439577
JR武蔵野線,南越谷,35.8760514,139.7911171
JR武蔵野線,越谷レイクタウン,35.87621730000001,139.8221853
JR武蔵野線,吉川,35.8765681,139.8435376
JR武蔵野線,吉川美南,35.8680263,139.858445
JR武蔵野線,新三郷,35.8586743,139.8693395
JR武蔵野線,三郷,35.8448353,139.8868324
JR武蔵野線,南流山,35.8382182,139.9037128
JR武蔵野線,新松戸,35.8254725,139.920711
JR武蔵野線,新八柱,35.7915688,139.937986
JR武蔵野線,東松戸,35.769929,139.94297
JR武蔵野線,市川大野,35.755403,139.951275
JR武蔵野線,船橋法典,35.730267,139.96683
JR武蔵野線,西船橋,35.7074443,139.9590775
JR水戸線,小山,36.3131205,139.8063241
JR水戸線,小田林,36.3007551,139.8535664
JR水戸線,結城,36.2982229,139.8723709
JR水戸線,東結城,36.2966177,139.8913134
JR水戸線,川島,36.2960144,139.9160409
JR水戸線,玉戸,36.298591,139.9385871
JR水戸線,下館,36.3043842,139.9786648
JR水戸線,新治,36.3279516,140.0391328
JR水戸線,大和,35.4698305,139.4614634
JR水戸線,岩瀬,36.3595884,140.1082705
JR水戸線,羽黒,36.3552847,140.1429562
JR水戸線,福原,36.3515363,140.1872026
JR水戸線,稲田,36.3685442,140.2142141
JR水戸線,笠間,36.3733017,140.246142
JR水戸線,宍戸,36.344614,140.2893598
JR水戸線,友部,36.3504842,140.3060536
JR湘南新宿ライン（宇都宮線・横須賀線）,大宮,35.9064485,139.6238548
JR湘南新宿ライン（宇都宮線・横須賀線）,浦和,35.8587283,139.6573784
JR湘南新宿ライン（宇都宮線・横須賀線）,赤羽,35.7776951,139.7205691
JR湘南新宿ライン（宇都宮線・横須賀線）,池袋,35.7295028,139.7109001
JR湘南新宿ライン（宇都宮線・横須賀線）,新宿,35.6896067,139.7005713
JR湘南新宿ライン（宇都宮線・横須賀線）,渋谷,35.6580339,139.7016358
JR湘南新宿ライン（宇都宮線・横須賀線）,恵比寿,35.6467145,139.7100818
JR湘南新宿ライン（宇都宮線・横須賀線）,大崎,35.6198513,139.7281892
JR湘南新宿ライン（宇都宮線・横須賀線）,西大井駅,35.60179189999999,139.7218021
JR湘南新宿ライン（宇都宮線・横須賀線）,武蔵小杉,35.5766335,139.659466
JR湘南新宿ライン（宇都宮線・横須賀線）,新川崎,35.551696,139.671529
JR湘南新宿ライン（宇都宮線・横須賀線）,横浜,35.46598110000001,139.622062
JR湘南新宿ライン（高崎線・東海道線）,大宮,35.9064485,139.6238548
JR湘南新宿ライン（高崎線・東海道線）,浦和,35.8587283,139.6573784
JR湘南新宿ライン（高崎線・東海道線）,赤羽,35.7776951,139.7205691
JR湘南新宿ライン（高崎線・東海道線）,池袋,35.7295028,139.7109001
JR湘南新宿ライン（高崎線・東海道線）,新宿,35.6896067,139.7005713
JR湘南新宿ライン（高崎線・東海道線）,渋谷,35.6580339,139.7016358
JR湘南新宿ライン（高崎線・東海道線）,恵比寿,35.6467145,139.7100818
JR湘南新宿ライン（高崎線・東海道線）,大崎,35.6198513,139.7281892
JR湘南新宿ライン（高崎線・東海道線）,西大井,35.60179189999999,139.7218021
JR湘南新宿ライン（高崎線・東海道線）,武蔵小杉,35.5766335,139.659466
JR湘南新宿ライン（高崎線・東海道線）,新川崎,35.551696,139.671529
JR湘南新宿ライン（高崎線・東海道線）,横浜,35.46598110000001,139.622062
JR湘南新宿ライン（高崎線・東海道線）,保土ケ谷,35.4467618,139.5996306
JR湘南新宿ライン（高崎線・東海道線）,東戸塚,35.4305843,139.5567901
JR湘南新宿ライン（高崎線・東海道線）,戸塚,35.40076639999999,139.5342039
JR湘南新宿ライン（高崎線・東海道線）,大船,35.3540475,139.5312989
JR烏山線,宝積寺,36.6314759,139.9794978
JR烏山線,下野花岡,36.6499975,140.0086774
JR烏山線,仁井田,36.6572751,140.0295642
JR烏山線,鴻野山,36.6665246,140.0519507
JR烏山線,大金,36.6563048,140.0956697
JR烏山線,小塙,36.6431957,140.1166129
JR烏山線,滝,36.6485846,140.1381941
JR烏山線,烏山,36.6504168,140.1549742
JR相模線,橋本,35.5948639,139.3449224
JR相模線,南橋本,35.5801949,139.352503
JR相模線,上溝,35.5577463,139.3631973
JR相模線,番田,35.5453633,139.362987
JR相模線,原当麻,35.5292125,139.3751572
JR相模線,下溝,35.5181537,139.3804993
JR相模線,相武台下,35.492778,139.386306
JR相模線,入谷,35.7208778,139.7846947
JR相模線,海老名,35.4525691,139.3909752
JR相模線,厚木,35.4433795,139.3784274
JR相模線,社家,35.4207597,139.3774321
JR相模線,門沢橋,35.4065625,139.3801704
JR相模線,倉見,35.39495280000001,139.3785732
JR相模線,宮山,35.3822738,139.3797415
JR相模線,寒川,35.3676414,139.3874495
JR相模線,香川,35.3564832,139.399819
JR相模線,北茅ケ崎,35.3390845,139.4076111
JR相模線,茅ケ崎,35.3303025,139.4068167
JR総武本線,東京,35.68123620000001,139.7671248
JR総武本線,新日本橋,35.6890164,139.774265
JR総武本線,馬喰町,35.693752,139.7829511
JR総武本線,錦糸町,35.6967393,139.8144835
JR総武本線,新小岩,35.7174462,139.8586312
JR総武本線,市川,35.728821,139.908197
JR総武本線,船橋,35.7017357,139.9853815
JR総武本線,津田沼,35.6912149,140.0204072
JR総武本線,稲毛,35.63717,140.09249
JR総武本線,千葉,35.6129259,140.1134781
JR総武本線,東千葉,35.6168558,140.1220896
JR総武本線,都賀,35.6360953,140.1492014
JR総武本線,四街道,35.6630053,140.1656201
JR総武本線,物井,35.6856462,140.2002758
JR総武本線,佐倉,35.7097115,140.2260837
JR総武本線,南酒々井,35.7043058,140.2678893
JR総武本線,榎戸,35.684142,140.2880273
JR総武本線,八街,35.6631451,140.3173313
JR総武本線,日向,35.6284003,140.36244
JR総武本線,成東,35.6083867,140.410859
JR総武本線,松尾,35.635977,140.4577093
JR総武本線,横芝,35.66176919999999,140.4912319
JR総武本線,飯倉,35.6856543,140.5224028
JR総武本線,八日市場,35.699286,140.552366
JR総武本線,干潟,35.718369,140.6032494
JR総武本線,旭,35.7220089,140.6549394
JR総武本線,飯岡,35.7295922,140.6834089
JR総武本線,倉橋,35.7380818,140.7144692
JR総武本線,猿田,35.747425,140.7373203
JR総武本線,松岸,35.739537,140.7952774
JR総武本線,銚子,35.7296659,140.8274186
JR総武線快速,東京,35.68123620000001,139.7671248
JR総武線快速,新日本橋,35.6890164,139.774265
JR総武線快速,馬喰町,35.693752,139.7829511
JR総武線快速,錦糸町,35.6967393,139.8144835
JR総武線快速,新小岩,35.7174462,139.8586312
JR総武線快速,市川,35.728821,139.908197
JR総武線快速,船橋,35.7017357,139.9853815
JR総武線快速,津田沼,35.6912149,140.0204072
JR総武線快速,稲毛,35.63717,140.09249
JR総武線快速,千葉,35.6129259,140.1134781
JR総武線快速,東千葉,35.6168558,140.1220896
JR総武線快速,都賀,35.6360953,140.1492014
JR総武線快速,四街道,35.6630053,140.1656201
JR総武線快速,物井,35.6856462,140.2002758
JR総武線快速,佐倉,35.7097115,140.2260837
JR総武線快速,南酒々井,35.7043058,140.2678893
JR総武線快速,榎戸,35.684142,140.2880273
JR総武線快速,八街,35.6631451,140.3173313
JR総武線快速,日向,35.6284003,140.36244
JR総武線快速,成東,35.6083867,140.410859
JR総武線快速,松尾,35.635977,140.4577093
JR総武線快速,横芝,35.66176919999999,140.4912319
JR総武線快速,飯倉,35.6856543,140.5224028
JR総武線快速,八日市場,35.699286,140.552366
JR総武線快速,干潟,35.718369,140.6032494
JR総武線快速,旭,35.7220089,140.6549394
JR総武線快速,飯岡,35.7295922,140.6834089
JR総武線快速,倉橋,35.7380818,140.7144692
JR総武線快速,猿田,35.747425,140.7373203
JR総武線快速,松岸,35.739537,140.7952774
JR総武線快速,銚子,35.7296659,140.8274186
JR青梅線,立川,35.6979144,139.4137408
JR青梅線,西立川,35.7036031,139.3937133
JR青梅線,東中神,35.7063467,139.3844948
JR青梅線,中神,35.7090171,139.3758143
JR青梅線,昭島,35.7135485,139.3609268
JR青梅線,拝島,35.72113,139.3436514
JR青梅線,牛浜,35.7346625,139.3335115
JR青梅線,福生,35.7423642,139.3278649
JR青梅線,羽村,35.7584547,139.3159445
JR青梅線,小作,35.7763135,139.3019204
JR青梅線,河辺,35.7844627,139.2847176
JR青梅線,東青梅,35.7899423,139.2723871
JR青梅線,青梅,35.7902971,139.2583877
JR青梅線,宮ノ平,35.7873043,139.2368877
JR青梅線,日向和田,35.788518,139.229557
JR青梅線,石神前,35.796767,139.22528
JR青梅線,二俣尾,35.803878,139.216197
JR青梅線,軍畑,35.8075713,139.207614
JR青梅線,沢井,35.8058773,139.1937693
JR青梅線,御嶽,35.8013769,139.1827274
JR青梅線,川井,35.813736,139.164256
JR青梅線,古里,35.816291,139.151063
JR青梅線,鳩ノ巣,35.8149406,139.128745
JR青梅線,白丸,35.811707,139.114761
JR青梅線,奥多摩,35.809374,139.096929
JR高崎線,高崎,36.3228267,139.0126623
JR高崎線,倉賀野,36.3002847,139.0491638
JR高崎線,新町,36.2731351,139.1055107
JR高崎線,神保原,36.2534636,139.1494065
JR高崎線,本庄,36.2361639,139.1886112
JR高崎線,岡部,36.2057214,139.237512
JR高崎線,深谷,36.1914187,139.2813977
JR高崎線,籠原,36.1746675,139.330475
JR高崎線,熊谷,36.1393899,139.3900334
JR高崎線,行田,36.11376490000001,139.432249
JR高崎線,吹上,36.1032184,139.4531895
JR高崎線,北鴻巣,36.0854359,139.4770242
JR高崎線,鴻巣,36.0592413,139.5096429
JR高崎線,北本,36.0316056,139.5340041
JR高崎線,桶川,35.9987564,139.5640318
JR高崎線,北上尾,35.985623,139.5771969
JR高崎線,上尾,35.9735224,139.5888177
JR高崎線,宮原,35.9402916,139.6095706
JR高崎線,大宮,35.9064485,139.6238548
JR高崎線,さいたま新都心,35.893795,139.633741
JR高崎線,浦和,35.8587283,139.6573784
JR高崎線,赤羽,35.7776951,139.7205691
JR高崎線,尾久,35.746768,139.7546
JR高崎線,上野,35.7141672,139.7774091
JR鶴見線,鶴見,35.5080356,139.6762625
JR鶴見線,国道,35.5008127,139.6756975
JR鶴見線,鶴見小野,35.497344,139.6809751
JR鶴見線,弁天橋,35.4959232,139.6897811
JR鶴見線,浅野,35.4975914,139.6956404
JR鶴見線,新芝浦,35.4918977,139.7001403
JR鶴見線,海芝浦,35.485901,139.7003867
JR鶴見線,安善,35.4998135,139.7012787
JR鶴見線,大川,35.4955801,139.7110847
JR鶴見線,武蔵白石,35.5018412,139.7064449
JR鶴見線,浜川崎,35.5102284,139.7138465
JR鶴見線,昭和,35.5065319,139.7240616
JR鶴見線,扇町,34.7037154,135.5108915
JR鹿島線,佐原,35.89506799999999,140.493557
JR鹿島線,香取,35.8979025,140.5323035
JR鹿島線,十二橋,35.916984,140.5458293
JR鹿島線,潮来,35.937343,140.5496059
JR鹿島線,延方,35.9581195,140.5887962
JR鹿島線,鹿島神宮,35.9706714,140.6259941
JR鹿島線,鹿島サッカースタジアム（臨）,35.9921725,140.636263
つくばエクスプレス,秋葉原,35.698383,139.7730717
つくばエクスプレス,新御徒町,35.7069936,139.7819408
つくばエクスプレス,浅草,35.7098669,139.7971675
つくばエクスプレス,南千住,35.7339347,139.7994102
つくばエクスプレス,北千住,35.7496762,139.8053433
つくばエクスプレス,青井,35.772368,139.8203769
つくばエクスプレス,六町,35.7848987,139.8216325
つくばエクスプレス,八潮,35.8078127,139.8448461
つくばエクスプレス,三郷中央,35.824115,139.878056
つくばエクスプレス,南流山,35.8382182,139.9037128
つくばエクスプレス,流山セントラルパーク,35.8544125,139.9151365
つくばエクスプレス,流山おおたかの森,35.8719046,139.9252409
つくばエクスプレス,柏の葉キャンパス,35.893248,139.952603
つくばエクスプレス,柏たなか,35.910947,139.957486
つくばエクスプレス,守谷,35.9507158,139.9922001
つくばエクスプレス,みらい平,35.9945054,140.0382828
つくばエクスプレス,みどりの,36.0299062,140.0561934
つくばエクスプレス,万博記念公園,34.806815,135.530025
つくばエクスプレス,研究学園,36.082114,140.08237
つくばエクスプレス,つくば,36.0821307,140.1114102
りんかい線,大崎,35.6198513,139.7281892
りんかい線,大井町,35.6076153,139.7346592
りんかい線,品川シーサイド,35.609715,139.749688
りんかい線,天王洲アイル,35.6204405,139.7508021
りんかい線,東京テレポート,35.627235,139.7787204
りんかい線,国際展示場,35.63451250000001,139.7916346
りんかい線,東雲,35.6407226,139.8036715
りんかい線,新木場,35.6459065,139.8267917
ディズニーリゾートライン,リゾートゲートウェイ・ステーション,35.6351088,139.8852855
ディズニーリゾートライン,東京ディズニーランド・ステーション,35.6358863,139.8786472
ディズニーリゾートライン,ベイサイド・ステーション,35.6279149,139.8767588
ディズニーリゾートライン,東京ディズニーシー・ステーション,35.6273876,139.8895355
京急久里浜線,堀ノ内,35.2635239,139.686708
京急久里浜線,新大津,35.2566271,139.689877
京急久里浜線,北久里浜,35.249091,139.686346
京急久里浜線,京急久里浜,35.2315701,139.7022359
京急久里浜線,ＹＲＰ野比,35.212568,139.685264
京急久里浜線,京急長沢,35.2055645,139.6741823
京急久里浜線,津久井浜,35.1986888,139.6657369
京急久里浜線,三浦海岸,35.1880928,139.6533044
京急久里浜線,三崎口,35.178209,139.633353
京急大師線,京急川崎,35.5329877,139.7008715
京急大師線,港町,35.5349,139.712567
京急大師線,鈴木町,35.5353076,139.7202714
京急大師線,川崎大師,35.535681,139.7261452
京急大師線,東門前,35.5367374,139.734725
京急大師線,産業道路,35.536727,139.740635
京急大師線,小島新田,35.5347732,139.7479391
京急本線,泉岳寺,35.6386442,139.7399771
京急本線,品川,35.6284713,139.7387597
京急本線,北品川,35.622041,139.7392953
京急本線,新馬場,35.616516,139.7414667
京急本線,青物横丁,35.6092793,139.7429839
京急本線,鮫洲,35.6050378,139.742288
京急本線,立会川,35.59847,139.738938
京急本線,大森海岸,35.58769960000001,139.7354656
京急本線,平和島,35.5787778,139.7349051
京急本線,大森町,35.5724704,139.7320923
京急本線,梅屋敷,35.5668067,139.728246
京急本線,京急蒲田,35.5613144,139.724151
京急本線,雑色,35.5494967,139.714922
京急本線,六郷土手,35.540531,139.707582
京急本線,京急川崎,35.5329877,139.7008715
京急本線,八丁畷,35.523005,139.691445
京急本線,鶴見市場,35.517842,139.6866381
京急本線,京急鶴見,35.5073064,139.6779355
京急本線,花月園前,35.500456,139.6729925
京急本線,生麦,35.4953221,139.6669431
京急本線,京急新子安,35.487097,139.6554621
京急本線,子安,35.4849388,139.645546
京急本線,神奈川新町,35.4808858,139.6396221
京急本線,仲木戸,35.4772739,139.6343656
京急本線,神奈川,35.4710145,139.6271196
京急本線,横浜,35.46598110000001,139.622062
京急本線,戸部,35.4566877,139.6195624
京急本線,日ノ出町,35.4455459,139.6267666
京急本線,黄金町,35.43970700000001,139.62251
京急本線,南太田,35.4370778,139.6141561
京急本線,井土ヶ谷,35.433874,139.600512
京急本線,弘明寺,35.4243856,139.5968031
京急本線,上大岡,35.4091218,139.5966291
京急本線,屏風浦,35.39412900000001,139.61043
京急本線,杉田,35.3835612,139.615876
京急本線,京急富岡,35.366688,139.629735
京急本線,能見台,35.3608848,139.629443
京急本線,金沢文庫,35.342926,139.6216477
京急本線,金沢八景,35.3312442,139.6202471
京急本線,追浜,35.315638,139.624904
京急本線,京急田浦,35.300909,139.6255342
京急本線,安針塚,35.2867587,139.6429974
京急本線,逸見,35.2806888,139.65283
京急本線,汐入,35.280282,139.662485
京急本線,横須賀中央,35.278699,139.67004
京急本線,県立大学,35.2702997,139.676624
京急本線,堀ノ内,35.2635239,139.686708
京急本線,京急大津,35.2607699,139.6962995
京急本線,馬堀海岸,35.259535,139.708038
京急本線,浦賀,35.251731,139.715176
京急空港線,京急蒲田,35.5613144,139.724151
京急空港線,糀谷,35.5547524,139.7294866
京急空港線,大鳥居,35.552281,139.740162
京急空港線,穴守稲荷,35.5504391,139.746748
京急空港線,天空橋,35.548032,139.754661
京急空港線,羽田空港第3ターミナル,35.5446693,139.7676181
京急空港線,羽田空港第1・第2ターミナル,35.5499709,139.786427
京急逗子線,金沢八景,35.3312442,139.6202471
京急逗子線,六浦,35.322581,139.611259
京急逗子線,神武寺,35.306277,139.592879
京急逗子線,新逗子,35.2959112,139.5812162
京成千原線,千葉中央,35.607479,140.117739
京成千原線,千葉寺,35.590287,140.132322
京成千原線,大森台,35.584011,140.149543
京成千原線,学園前,34.6972834,135.7505464
京成千原線,おゆみ野,35.550265,140.166099
京成千原線,ちはら台,35.533767,140.170321
京成千葉線,京成津田沼,35.683195,140.0241953
京成千葉線,京成幕張本郷,35.6726299,140.042064
京成千葉線,京成幕張,35.66044400000001,140.056076
京成千葉線,検見川,35.652617,140.066279
京成千葉線,京成稲毛,35.6377689,140.085488
京成千葉線,みどり台,35.6248001,140.0977112
京成千葉線,西登戸,35.6177251,140.1026967
京成千葉線,新千葉,35.6124184,140.1083463
京成千葉線,京成千葉,35.6116356,140.1142016
京成千葉線,千葉中央,35.607479,140.117739
京成成田空港線,京成上野,35.711208,139.773542
京成成田空港線,日暮里,35.7281578,139.7706414
京成成田空港線,青砥,35.7456437,139.8561328
京成成田空港線,京成高砂,35.7509628,139.8675536
京成成田空港線,東松戸,35.769929,139.94297
京成成田空港線,新鎌ヶ谷,35.779401,139.998853
京成成田空港線,千葉ニュータウン中央,35.8001328,140.1162738
京成成田空港線,印旛日本医大,35.787711,140.203364
京成成田空港線,成田湯川,35.7995708,140.2911972
京成成田空港線,空港第２ビル（第２・第３旅客ターミナル）,35.7731182,140.3871838
京成成田空港線,成田空港（第１旅客ターミナル）,35.7647224,140.38487
京成押上線,押上（スカイツリー前）,35.710332,139.8132971
京成押上線,京成曳舟,35.718101,139.8196323
京成押上線,八広,35.7272484,139.8283594
京成押上線,四ツ木,35.7318394,139.8349402
京成押上線,京成立石,35.7382817,139.8486384
京成押上線,青砥,35.7456437,139.8561328
京成押上線,京成高砂,35.7509628,139.8675536
京成本線,成田空港（第１旅客ターミナル）,35.7647224,140.38487
京成本線,空港第２ビル（第２・第３旅客ターミナル）,35.7731182,140.3871838
京成本線,京成成田,35.7767266,140.3156532
京成本線,公津の杜,35.7603501,140.2948618
京成本線,宗吾参道,35.7526148,140.2809955
京成本線,京成酒々井,35.7367315,140.2700156
京成本線,大佐倉,35.7301384,140.251069
京成本線,京成佐倉,35.725188,140.22972
京成本線,京成臼井,35.7299197,140.1807494
京成本線,ユーカリが丘,35.7217699,140.1563228
京成本線,志津,35.7174685,140.1450103
京成本線,勝田台,35.7155055,140.1259513
京成本線,京成大和田,35.7122694,140.1086088
京成本線,八千代台,35.701385,140.090766
京成本線,実籾,35.686858,140.06824
京成本線,京成大久保,35.6858988,140.0487691
京成本線,京成津田沼,35.683195,140.0241953
京成本線,谷津,35.68530880000001,140.0075816
京成本線,船橋競馬場,35.6896128,139.9981661
京成本線,大神宮下,35.69407,139.991392
京成本線,京成船橋,35.7001512,139.9854356
京成本線,海神,35.7058516,139.9720732
京成本線,京成西船,35.7115501,139.9589401
京成本線,東中山,35.71442589999999,139.9528869
京成本線,京成中山,35.7167479,139.944867
京成本線,鬼越,35.719712,139.938
京成本線,京成八幡,35.723822,139.928167
京成本線,菅野,35.7282163,139.9195717
京成本線,市川真間,35.7314197,139.9115382
京成本線,国府台,35.7364267,139.9027779
京成本線,江戸川,35.7376627,139.8960845
京成本線,京成小岩,35.7420784,139.8839119
京成本線,京成高砂,35.7509628,139.8675536
京成本線,青砥,35.7456437,139.8561328
京成本線,お花茶屋,35.7475917,139.8401103
京成本線,堀切菖蒲園,35.747622,139.827536
京成本線,京成関屋,35.7439417,139.8118024
京成本線,千住大橋,35.742372,139.797261
京成本線,町屋,35.742397,139.780335
京成本線,新三河島,35.7371879,139.7739183
京成本線,日暮里,35.7281578,139.7706414
京成本線,京成上野,35.7115602,139.7746488
京成金町線,京成高砂,35.7509628,139.8675536
京成金町線,柴又,35.75670780000001,139.875498
京成金町線,京成金町,35.7685695,139.8704944
京王井の頭線,渋谷,35.6580339,139.7016358
京王井の頭線,神泉,35.6572704,139.6936227
京王井の頭線,駒場東大前,35.6586634,139.6844907
京王井の頭線,池ノ上,35.660462,139.6730494
京王井の頭線,下北沢,35.6615848,139.6668918
京王井の頭線,新代田,35.6625779,139.66052
京王井の頭線,東松原,35.662658,139.6555128
京王井の頭線,明大前,35.6684407,139.6504908
京王井の頭線,永福町,35.676272,139.6426236
京王井の頭線,西永福,35.6786872,139.6355635
京王井の頭線,浜田山,35.681636,139.6275022
京王井の頭線,高井戸,35.683263,139.615195
京王井の頭線,富士見ヶ丘,35.6847865,139.6072018
京王井の頭線,久我山,35.688151,139.599308
京王井の頭線,三鷹台,35.692235,139.58892
京王井の頭線,井の頭公園,35.6974902,139.5827401
京王井の頭線,吉祥寺,35.7031125,139.5801608
京王動物園線,高幡不動,35.6621387,139.4132073
京王動物園線,多摩動物公園,35.6489944,139.4039394
京王相模原線,調布,35.651788,139.5447823
京王相模原線,京王多摩川,35.644376,139.536537
京王相模原線,京王稲田堤,35.6337511,139.5312067
京王相模原線,京王よみうりランド,35.633044,139.517761
京王相模原線,稲城,35.6362285,139.5003665
京王相模原線,若葉台,35.619238,139.472405
京王相模原線,京王永山,35.6302365,139.4482672
京王相模原線,京王多摩センター,35.6252662,139.4244263
京王相模原線,京王堀之内,35.62443,139.400299
京王相模原線,南大沢,35.6141774,139.3800458
京王相模原線,多摩境,35.601904,139.367303
京王相模原線,橋本,35.5948639,139.3449224
京王競馬場線,東府中,35.6689181,139.4950907
京王競馬場線,府中競馬正門前,35.6681728,139.4846773
京王線,初台,35.6809863,139.6861815
京王線,幡ヶ谷,35.6770576,139.6761859
京王線,新宿,35.6896067,139.7005713
京王線,笹塚,35.673654,139.667136
京王線,代田橋,35.671071,139.659387
京王線,明大前,35.6684407,139.6504908
京王線,下高井戸,35.6661402,139.6414073
京王線,桜上水,35.6675857,139.6319134
京王線,上北沢,35.6688641,139.6233742
京王線,八幡山,35.6698304,139.6161352
京王線,芦花公園,35.6706012,139.6086903
京王線,千歳烏山,35.6681814,139.6010149
京王線,仙川,35.66230360000001,139.5849083
京王線,つつじヶ丘,35.6581118,139.5753087
京王線,柴崎,35.6541654,139.5667501
京王線,国領,35.6502031,139.5584739
京王線,布田,35.64984990000001,139.5518261
京王線,調布,35.651788,139.5447823
京王線,西調布,35.6570844,139.5300797
京王線,飛田給,35.6600815,139.5235242
京王線,武蔵野台,35.6641996,139.5110719
京王線,多磨霊園,35.6660926,139.5030064
京王線,東府中,35.6689181,139.4950907
京王線,府中,35.67243089999999,139.4801784
京王線,分倍河原,35.6685677,139.46874
京王線,中河原,35.6596161,139.4578874
京王線,聖蹟桜ヶ丘,35.65079,139.446933
京王線,百草園,35.65751789999999,139.430835
京王線,高幡不動,35.6621387,139.4132073
京王線,南平,35.65462,139.391944
京王線,平山城址公園,35.6473373,139.3799404
京王線,長沼,35.6428043,139.3660475
京王線,北野,35.6443991,139.3544968
京王線,京王八王子,35.6579325,139.3430318
京王高尾線,北野,35.6443991,139.3544968
京王高尾線,京王片倉,35.6443985,139.3373021
京王高尾線,山田,34.8044545,135.5156721
京王高尾線,めじろ台,35.6434197,139.3077388
京王高尾線,狭間,35.640565,139.293641
京王高尾線,高尾,35.64222609999999,139.2818312
京王高尾線,高尾山口,35.6324936,139.269922
北総鉄道北総線,京成高砂,35.7509628,139.8675536
北総鉄道北総線,新柴又,35.75114689999999,139.8794192
北総鉄道北総線,矢切,35.75729,139.899752
北総鉄道北総線,北国分,35.762929,139.913889
北総鉄道北総線,秋山,35.765484,139.93111
北総鉄道北総線,東松戸,35.769929,139.94297
北総鉄道北総線,松飛台,35.775317,139.957607
北総鉄道北総線,大町,34.461454,132.470836
北総鉄道北総線,新鎌ヶ谷,35.779401,139.998853
北総鉄道北総線,西白井,35.784402,140.031767
北総鉄道北総線,白井,35.78470799999999,140.05421
北総鉄道北総線,小室,35.787014,140.076013
北総鉄道北総線,千葉ニュータウン中央,35.8001328,140.1162738
北総鉄道北総線,印西牧の原,35.8036433,140.1669324
北総鉄道北総線,印旛日本医大,35.787711,140.203364
千葉モノレール1号線,千葉みなと,35.606701,140.102768
千葉モノレール1号線,市役所前,0.0,0.0
千葉モノレール1号線,千葉,35.6129259,140.1134781
千葉モノレール1号線,栄町,0.0,0.0
千葉モノレール1号線,葭川公園,35.6088834,140.1201432
千葉モノレール1号線,県庁前,0.0,0.0
多摩モノレール,上北台,35.7459673,139.4158115
多摩モノレール,桜街道,35.738918,139.416682
多摩モノレール,玉川上水,35.7318915,139.4183678
多摩モノレール,砂川七番,35.723392,139.418127
多摩モノレール,泉体育館,35.7188242,139.4195487
多摩モノレール,立飛,35.7143864,139.4171489
多摩モノレール,高松,34.3508968,134.0467094
多摩モノレール,立川北,35.69950559999999,139.4124342
多摩モノレール,立川南,35.69614180000001,139.4126105
多摩モノレール,柴崎体育館,35.6897342,139.4093141
多摩モノレール,甲州街道,35.6783134,139.4094353
多摩モノレール,万願寺,35.671203,139.420046
多摩モノレール,高幡不動,35.6621387,139.4132073
多摩モノレール,程久保,35.6552969,139.4108225
多摩モノレール,多摩動物公園,35.6486261,139.4037523
多摩モノレール,中央大学・明星大学,35.6419553,139.4085967
多摩モノレール,大塚・帝京大学,35.6368975,139.4165036
多摩モノレール,松が谷,35.6318078,139.42213
多摩モノレール,多摩センター,35.623931,139.422853
小田急多摩線,新百合ヶ丘,35.60344,139.5077543
小田急多摩線,五月台,35.6001505,139.4936716
小田急多摩線,栗平,35.6060289,139.4809158
小田急多摩線,黒川,35.6131725,139.470803
小田急多摩線,はるひ野,35.6188249,139.4646427
小田急多摩線,小田急永山,35.629931,139.4480172
小田急多摩線,小田急多摩センター,35.625112,139.4245179
小田急多摩線,唐木田,35.616626,139.411771
小田急小田原線,新宿,35.6896067,139.7005713
小田急小田原線,南新宿,35.6836894,139.6989165
小田急小田原線,参宮橋,35.6786577,139.6935182
小田急小田原線,代々木八幡,35.6695502,139.6886476
小田急小田原線,代々木上原,35.6690026,139.6797332
小田急小田原線,東北沢,35.6654689,139.673059
小田急小田原線,下北沢,35.6615848,139.6668918
小田急小田原線,世田谷代田,35.6582291,139.6613023
小田急小田原線,梅ヶ丘,35.6559198,139.6535836
小田急小田原線,豪徳寺,35.6536518,139.6474222
小田急小田原線,経堂,35.651208,139.6368059
小田急小田原線,千歳船橋,35.647502,139.6238843
小田急小田原線,祖師ヶ谷大蔵,35.6433164,139.6095789
小田急小田原線,成城学園前,35.640128,139.599087
小田急小田原線,喜多見,35.636684,139.587422
小田急小田原線,狛江,35.6323896,139.577638
小田急小田原線,和泉多摩川,35.6272844,139.5737096
小田急小田原線,登戸,35.6207662,139.5700976
小田急小田原線,向ヶ丘遊園,35.6171694,139.5645675
小田急小田原線,生田,35.6150136,139.5422351
小田急小田原線,読売ランド前,35.6147668,139.5279379
小田急小田原線,百合ヶ丘,35.608963,139.515901
小田急小田原線,新百合ヶ丘,35.60344,139.5077543
小田急小田原線,柿生,35.5898073,139.4979307
小田急小田原線,鶴川,35.5831257,139.4813915
小田急小田原線,玉川学園前,35.563495,139.463408
小田急小田原線,町田,35.546656,139.4385568
小田急小田原線,相模大野,35.5324566,139.4381701
小田急小田原線,小田急相模原,35.5151912,139.4226534
小田急小田原線,相武台前,35.4991495,139.4084055
小田急小田原線,座間,35.480919,139.399888
小田急小田原線,海老名,35.4542331,139.3893342
小田急小田原線,厚木,35.4433795,139.3784274
小田急小田原線,本厚木,35.4394083,139.3644221
小田急小田原線,愛甲石田,35.417605,139.3439017
小田急小田原線,伊勢原,35.3960371,139.3135935
小田急小田原線,鶴巻温泉,35.3811517,139.2778559
小田急小田原線,東海大学前,35.372872,139.270904
小田急小田原線,秦野,35.3702076,139.2257829
小田急小田原線,渋沢,35.3741686,139.1845616
小田急小田原線,新松田,35.344594,139.139444
小田急小田原線,開成,35.326485,139.135806
小田急小田原線,栢山,35.310626,139.142584
小田急小田原線,富水,35.2962144,139.1455158
小田急小田原線,螢田,35.2850544,139.1519914
小田急小田原線,足柄,35.2721651,139.1545376
小田急小田原線,小田原,35.2564449,139.1553932
小田急江ノ島線,相模大野,35.5324566,139.4381701
小田急江ノ島線,東林間,35.52051489999999,139.4389007
小田急江ノ島線,中央林間,35.5080279,139.4441058
小田急江ノ島線,南林間,35.4957294,139.447992
小田急江ノ島線,鶴間,35.4905886,139.4506333
小田急江ノ島線,大和,35.4698284,139.4614179
小田急江ノ島線,桜ヶ丘,35.4505747,139.4657593
小田急江ノ島線,高座渋谷,35.4321788,139.464706
小田急江ノ島線,長後,35.4125215,139.4654723
小田急江ノ島線,湘南台,35.3963123,139.4664926
小田急江ノ島線,六会日大前,35.38350399999999,139.4708432
小田急江ノ島線,善行,35.36224,139.473304
小田急江ノ島線,藤沢本町,35.3479933,139.4762733
小田急江ノ島線,藤沢,35.3388984,139.4874695
小田急江ノ島線,本鵠沼,35.3307868,139.4748692
小田急江ノ島線,鵠沼海岸,35.3207914,139.4710712
小田急江ノ島線,片瀬江ノ島,35.3087721,139.4834867
新京成線,京成津田沼,35.683195,140.0241953
新京成線,新津田沼,35.690134,140.023716
新京成線,前原,35.7011242,140.0279198
新京成線,薬園台,35.7101927,140.037685
新京成線,習志野,35.7150279,140.042843
新京成線,北習志野,35.7213256,140.0421854
新京成線,高根木戸,35.726797,140.034991
新京成線,高根公団,35.730408,140.029408
新京成線,滝不動,35.7376899,140.0259442
新京成線,三咲,35.749155,140.028547
新京成線,二和向台,35.753877,140.023741
新京成線,鎌ヶ谷大仏,35.757849,140.013909
新京成線,初富,35.7722973,140.0005802
新京成線,新鎌ヶ谷,35.779401,139.998853
新京成線,北初富,35.7772434,139.991909
新京成線,くぬぎ山,35.7822395,139.9758314
新京成線,元山,35.790203,139.9758509
新京成線,五香,35.7969034,139.9660327
新京成線,常盤平,35.8033894,139.9501102
新京成線,八柱,35.7915703,139.9380859
新京成線,みのり台,35.7893535,139.9294876
新京成線,松戸新田,35.7906492,139.9229877
新京成線,上本郷,35.7897487,139.9163439
新京成線,松戸,35.7843004,139.9006607
日暮里・舎人ライナー,見沼代親水公園,35.814558,139.770732
日暮里・舎人ライナー,舎人,35.8056686,139.7701293
日暮里・舎人ライナー,舎人公園,35.7963955,139.7701791
日暮里・舎人ライナー,谷在家,35.788783,139.770039
日暮里・舎人ライナー,西新井大師西,35.781478,139.770095
日暮里・舎人ライナー,江北,33.2193926,130.160758
日暮里・舎人ライナー,高野,35.7684126,139.7707005
日暮里・舎人ライナー,扇大橋,35.763891,139.7708649
日暮里・舎人ライナー,足立小台,35.7546735,139.7703922
日暮里・舎人ライナー,熊野前,35.7485267,139.7698487
日暮里・舎人ライナー,赤土小学校前,35.7428664,139.7690332
日暮里・舎人ライナー,西日暮里,35.7328473,139.7676078
日暮里・舎人ライナー,日暮里,35.7281578,139.7706414
東京モノレール,浜松町,35.6553809,139.7571289
東京モノレール,天王洲アイル,35.6204405,139.7508021
東京モノレール,大井競馬場前,35.5956475,139.7469415
東京モノレール,流通センター,35.581445,139.74916
東京モノレール,昭和島,35.570682,139.7498986
東京モノレール,整備場,35.5551801,139.7534099
東京モノレール,天空橋,35.548032,139.754661
東京モノレール,羽田空港第3ターミナル,35.5442587,139.7683199
東京モノレール,新整備場,35.5428648,139.7872944
東京モノレール,羽田空港第1ターミナル,35.5491383,139.7847121
東京モノレール,羽田空港第2ターミナル,35.55070020000001,139.7879961
東急こどもの国線,長津田,35.5319546,139.4943049
東急こどもの国線,恩田,35.5456004,139.4921258
東急こどもの国線,こどもの国,35.558218,139.486656
東急世田谷線,三軒茶屋,35.6436399,139.6713265
東急世田谷線,西太子堂,35.6445185,139.6663315
東急世田谷線,若林,35.0266238,137.0968776
東急世田谷線,松陰神社前,35.6440032,139.655263
東急世田谷線,世田谷,0.0,0.0
東急世田谷線,上町,35.6433787,139.6467074
東急世田谷線,宮の坂,35.6478292,139.6449316
東急世田谷線,山下,0.0,0.0
東急世田谷線,松原,32.9778798,129.9461881
東急世田谷線,下高井戸,35.6661402,139.6414073
東急多摩川線,多摩川,35.589497,139.6687779
東急多摩川線,沼部,35.58282630000001,139.6730957
東急多摩川線,鵜の木,35.5754987,139.6806138
東急多摩川線,下丸子,35.5712152,139.6858078
東急多摩川線,武蔵新田,35.5679766,139.6922031
東急多摩川線,矢口渡,35.5625586,139.7002623
東急多摩川線,蒲田,35.5624794,139.7160731
東急大井町線,大井町,35.6076153,139.7346592
東急大井町線,下神明,35.6087973,139.7262243
東急大井町線,戸越公園,35.6089128,139.718384
東急大井町線,中延,35.6058183,139.7127554
東急大井町線,荏原町,35.6038632,139.707503
東急大井町線,旗の台,35.6048821,139.7027206
東急大井町線,北千束,35.6064301,139.6929472
東急大井町線,大岡山,35.607486,139.685643
東急大井町線,緑が丘,43.7309898,142.3657982
東急大井町線,自由が丘,35.6072728,139.6686661
東急大井町線,九品仏,35.6053587,139.6614803
東急大井町線,尾山台,35.6069669,139.6538896
東急大井町線,等々力,35.6083487,139.648072
東急大井町線,上野毛,35.6119618,139.6389246
東急大井町線,二子玉川,35.6124172,139.6275666
東急大井町線,二子新地,35.60695750000001,139.6224949
東急大井町線,高津,35.6032996,139.6172539
東急大井町線,溝の口,35.5999649,139.6106234
東急新横浜線,新横浜,35.5076585,139.6175553
東急新横浜線,新綱島,35.536071,139.6361167
東急新横浜線,日吉,35.553449,139.6470623
東急東横線,渋谷,35.6580339,139.7016358
東急東横線,代官山,35.6480919,139.703148
東急東横線,中目黒,35.6441631,139.6988444
東急東横線,祐天寺,35.6374425,139.6909485
東急東横線,学芸大学,35.6288624,139.6853301
東急東横線,都立大学,35.6177525,139.6763956
東急東横線,自由が丘,35.6072728,139.6686661
東急東横線,田園調布,35.5968481,139.6673415
東急東横線,多摩川,35.589497,139.6687779
東急東横線,新丸子,35.5805941,139.6619306
東急東横線,武蔵小杉,35.5766335,139.659466
東急東横線,元住吉,35.5643213,139.6540395
東急東横線,日吉,35.553449,139.6470623
東急東横線,綱島,35.5367529,139.6348167
東急東横線,大倉山,35.5218361,139.6298577
東急東横線,菊名,35.5099195,139.6313685
東急東横線,妙蓮寺,35.4984086,139.6331408
東急東横線,白楽,35.4897067,139.6279197
東急東横線,東白楽,35.4832623,139.6294695
東急東横線,反町,35.4746702,139.6252473
東急東横線,横浜,35.46598110000001,139.622062
東急池上線,五反田,35.6261591,139.7236022
東急池上線,大崎広小路,35.6226336,139.7226662
東急池上線,戸越銀座,35.6159746,139.7150258
東急池上線,荏原中延,35.6099618,139.7119604
東急池上線,旗の台,35.6048821,139.7027206
東急池上線,長原,35.6022186,139.6979694
東急池上線,洗足池,35.5999476,139.6914069
東急池上線,石川台,35.5969326,139.6852664
東急池上線,雪が谷大塚,35.5919662,139.6809615
東急池上線,御嶽山,35.5852756,139.682388
東急池上線,久が原,35.5798491,139.685354
東急池上線,千鳥町,35.5729995,139.6914155
東急池上線,池上,35.5720944,139.7029729
東急池上線,蓮沼,35.5641984,139.7084797
東急池上線,蒲田,35.5624794,139.7160731
東急田園都市線,渋谷,35.6580339,139.7016358
東急田園都市線,池尻大橋,35.6506294,139.6845797
東急田園都市線,三軒茶屋,35.6436399,139.6713265
東急田園都市線,駒沢大学,35.6332937,139.6613891
東急田園都市線,桜新町,35.6318735,139.6450254
東急田園都市線,用賀,35.6263427,139.6338175
東急田園都市線,二子玉川,35.6124172,139.6275666
東急田園都市線,二子新地,35.60695750000001,139.6224949
東急田園都市線,高津,35.6032996,139.6172539
東急田園都市線,溝の口,35.5999649,139.6106234
東急田園都市線,梶が谷,35.5937453,139.6056828
東急田園都市線,宮崎台,35.5872174,139.5912012
東急田園都市線,宮前平,35.5849047,139.5817279
東急田園都市線,鷺沼,35.5797753,139.573327
東急田園都市線,たまプラーザ,35.5774058,139.5585278
東急田園都市線,あざみ野,35.5685796,139.5534552
東急田園都市線,江田,35.5586471,139.5515112
東急田園都市線,市が尾,35.5514428,139.5413635
東急田園都市線,藤が丘,35.5434959,139.5278557
東急田園都市線,青葉台,35.5432506,139.5172181
東急田園都市線,田奈,35.535888,139.504516
東急田園都市線,長津田,35.5319546,139.4943049
東急田園都市線,つくし野,35.5276343,139.4851046
東急田園都市線,すずかけ台,35.5169205,139.4814272
東急田園都市線,南町田,35.5114471,139.4706636
東急田園都市線,つきみ野,35.5103418,139.458048
東急田園都市線,中央林間,35.5080279,139.4441058
東急目黒線,目黒,35.6340929,139.7158331
東急目黒線,不動前,35.6257683,139.713569
東急目黒線,武蔵小山,35.6205185,139.7044048
東急目黒線,西小山,35.6156922,139.6988653
東急目黒線,洗足,35.6104126,139.6944011
東急目黒線,大岡山,35.607486,139.685643
東急目黒線,奥沢,35.6039879,139.6722637
東急目黒線,田園調布,35.5968481,139.6673415
東急目黒線,多摩川,35.589497,139.6687779
東急目黒線,新丸子,35.5805941,139.6619306
東急目黒線,武蔵小杉,35.5766335,139.659466
東急目黒線,元住吉,35.5643213,139.6540395
東急目黒線,日吉,35.553449,139.6470623
東武亀戸線,亀戸,35.6973225,139.8265658
東武亀戸線,亀戸水神,35.7002625,139.8336793
東武亀戸線,東あずま,35.7070922,139.831884
東武亀戸線,小村井,35.7101364,139.8280191
東武亀戸線,曳舟,35.7183941,139.8167618
東武伊勢崎線,浅草,35.7098669,139.7971675
東武伊勢崎線,とうきょうスカイツリー,35.7095445,139.8090493
東武伊勢崎線,押上〈スカイツリー前〉,35.7113453,139.8150661
東武伊勢崎線,曳舟,35.7183941,139.8167618
東武伊勢崎線,東向島,35.7245871,139.8192932
東武伊勢崎線,鐘ヶ淵,35.7334267,139.8200022
東武伊勢崎線,堀切,35.7429583,139.817731
東武伊勢崎線,牛田,35.744385,139.811289
東武伊勢崎線,北千住,35.7496762,139.8053433
東武伊勢崎線,小菅,35.7587165,139.8126622
東武伊勢崎線,五反野,35.7660319,139.8093604
東武伊勢崎線,梅島,35.7723647,139.7980149
東武伊勢崎線,西新井,35.777174,139.790427
東武伊勢崎線,竹ノ塚,35.7943026,139.7910205
東武伊勢崎線,谷塚,35.814215,139.801345
東武伊勢崎線,草加,35.8283858,139.8035406
東武伊勢崎線,獨協大学前〈草加松原〉,35.8432776,139.8006731
東武伊勢崎線,新田,35.8541228,139.7954309
東武伊勢崎線,蒲生,35.8670178,139.7916685
東武伊勢崎線,新越谷,35.8754968,139.78984
東武伊勢崎線,越谷,35.8881369,139.786019
東武伊勢崎線,北越谷,35.9018879,139.7799319
東武伊勢崎線,大袋,35.9241674,139.7779287
東武伊勢崎線,せんげん台,35.9357906,139.7745324
東武伊勢崎線,武里,35.949086,139.770572
東武伊勢崎線,一ノ割,35.9641641,139.7663049
東武伊勢崎線,春日部,35.979918,139.7526206
東武伊勢崎線,北春日部,35.9906501,139.7440323
東武伊勢崎線,姫宮,36.0041819,139.7388462
東武伊勢崎線,東武動物公園,36.02495,139.7267
東武伊勢崎線,和戸,36.040236,139.7006313
東武伊勢崎線,久喜,36.0659584,139.6776327
東武伊勢崎線,鷲宮,36.0964925,139.656809
東武伊勢崎線,花崎,36.1099253,139.6335233
東武伊勢崎線,加須,36.1229977,139.5956913
東武伊勢崎線,南羽生,36.1500028,139.5562135
東武伊勢崎線,羽生,36.17036119999999,139.5341036
東武伊勢崎線,川俣,36.2089233,139.5265149
東武伊勢崎線,茂林寺前,36.225585,139.5271503
東武伊勢崎線,館林,36.2459941,139.5282023
東武伊勢崎線,多々良,36.273402,139.5005477
東武伊勢崎線,県,36.2909128,139.471762
東武伊勢崎線,福居,36.305327,139.458404
東武伊勢崎線,東武和泉,36.3150871,139.455282
東武伊勢崎線,足利市,36.329463,139.448128
東武伊勢崎線,野州山辺,36.326351,139.4320387
東武伊勢崎線,韮川,36.307907,139.401682
東武伊勢崎線,太田,36.2941368,139.3785178
東武伊勢崎線,細谷,36.2825228,139.3485118
東武伊勢崎線,木崎,36.2711387,139.3124919
東武伊勢崎線,世良田,36.2729799,139.2812257
東武伊勢崎線,境町,36.2770432,139.2565776
東武伊勢崎線,剛志,36.2955101,139.2241021
東武伊勢崎線,新伊勢崎,36.3182883,139.2017749
東武伊勢崎線,伊勢崎,36.3269062,139.1938954
東武佐野線,館林,36.2459941,139.5282023
東武佐野線,渡瀬,36.2617458,139.5369097
東武佐野線,田島,36.2905805,139.564951
東武佐野線,佐野市,36.3060632,139.5751518
東武佐野線,佐野,36.3168661,139.57884
東武佐野線,堀米,36.3279561,139.5801658
東武佐野線,吉水,36.34554809999999,139.579588
東武佐野線,田沼,36.3669524,139.5815936
東武佐野線,多田,36.3782342,139.5932196
東武佐野線,葛生,36.3981424,139.6089603
東武大師線,西新井,35.777174,139.790427
東武大師線,大師前,35.7788779,139.7816241
東武宇都宮線,栃木,36.3716588,139.7314296
東武宇都宮線,新栃木,36.389782,139.7422711
東武宇都宮線,野州平川,36.401743,139.753895
東武宇都宮線,野州大塚,36.408824,139.7726244
東武宇都宮線,壬生,36.42295319999999,139.8050711
東武宇都宮線,国谷,36.451622,139.823727
東武宇都宮線,おもちゃのまち,36.46635980000001,139.8293921
東武宇都宮線,安塚,36.485472,139.835389
東武宇都宮線,西川田,36.5145506,139.8504098
東武宇都宮線,江曽島,36.5305452,139.8605644
東武宇都宮線,南宇都宮,36.5441167,139.8723017
東武宇都宮線,東武宇都宮,36.558893,139.880553
東武小泉線,館林,36.2459941,139.5282023
東武小泉線,成島,36.2490856,139.5058693
東武小泉線,本中野,36.2585515,139.4697577
東武小泉線,篠塚,36.2566612,139.4466253
東武小泉線,東小泉,36.2594455,139.4290935
東武小泉線,小泉町,36.2614951,139.4201208
東武小泉線,西小泉,36.258285,139.4083438
東武小泉線,太田,36.2941368,139.3785178
東武小泉線,竜舞,36.2791879,139.4088878
東武日光線,東武動物公園,36.02495,139.7267
東武日光線,杉戸高野台,36.051502,139.714422
東武日光線,幸手,36.074555,139.714949
東武日光線,南栗橋,36.1131759,139.7129368
東武日光線,栗橋,36.1367718,139.6942492
東武日光線,新古河,36.1927057,139.6869256
東武日光線,柳生,36.2065938,139.6598924
東武日光線,板倉東洋大前,36.2220084,139.6485594
東武日光線,藤岡,36.2556157,139.6455583
東武日光線,静和,36.3170017,139.6851415
東武日光線,新大平下,36.3386002,139.7014574
東武日光線,栃木,36.3716588,139.7314296
東武日光線,新栃木,36.389782,139.7422711
東武日光線,合戦場,36.4077255,139.7410141
東武日光線,家中,36.429459,139.7473158
東武日光線,東武金崎,36.4662911,139.7495367
東武日光線,楡木,36.5071118,139.7454803
東武日光線,樅山,36.53315389999999,139.7418708
東武日光線,新鹿沼,36.5572655,139.7449686
東武日光線,北鹿沼,36.5813204,139.7373907
東武日光線,板荷,36.61994200000001,139.707781
東武日光線,下小代,36.6510557,139.7138005
東武日光線,明神,36.6762786,139.7122017
東武日光線,下今市,36.72550210000001,139.6923539
東武日光線,上今市,36.72777960000001,139.6814671
東武日光線,東武日光,36.748309,139.61954
東武東上線,寄居,36.1178872,139.1945371
東武東上線,玉淀,36.1170611,139.2001177
東武東上線,鉢形,36.1138541,139.2092523
東武東上線,男衾,36.1075258,139.2341561
東武東上線,みなみ寄居（2020年10月31日開業）,36.0908823,139.2363584
東武東上線,東武竹沢,36.0753652,139.237683
東武東上線,小川町,35.6951799,139.7668774
東武東上線,武蔵嵐山,36.0444052,139.3277256
東武東上線,つきのわ,36.0434584,139.3453047
東武東上線,森林公園,36.0452287,139.3749651
東武東上線,東松山,36.0348165,139.4016153
東武東上線,高坂,36.0026601,139.3976086
東武東上線,北坂戸,35.972198,139.3968355
東武東上線,坂戸,35.95708,139.3939536
東武東上線,若葉,35.949105,139.40873
東武東上線,鶴ヶ島,35.9369399,139.423724
東武東上線,川越市,35.9140851,139.4772306
東武東上線,川越,35.9071163,139.4824443
東武東上線,新河岸,35.8914814,139.4968579
東武東上線,上福岡,35.8738668,139.5117306
東武東上線,ふじみ野,35.8608216,139.5231273
東武東上線,鶴瀬,35.8458048,139.5395148
東武東上線,みずほ台,35.8382458,139.5508554
東武東上線,柳瀬川,35.830495,139.562555
東武東上線,志木,35.822163,139.575249
東武東上線,朝霞台,35.814553,139.587081
東武東上線,朝霞,35.7971204,139.6001982
東武東上線,和光市,35.788363,139.6127811
東武東上線,成増,35.7775982,139.6329467
東武東上線,下赤塚,35.770476,139.644884
東武東上線,東武練馬,35.7686261,139.6617156
東武東上線,上板橋,35.7635268,139.6764216
東武東上線,ときわ台,35.7587403,139.6895284
東武東上線,中板橋,35.75560189999999,139.6954142
東武東上線,大山,35.7485637,139.7022837
東武東上線,下板橋,35.7457094,139.7148162
東武東上線,北池袋,35.7406552,139.7166436
東武東上線,池袋,35.7295028,139.7109001
東武桐生線,太田,36.2941368,139.3785178
東武桐生線,三枚橋,36.3135836,139.3548129
東武桐生線,治良門橋,36.3329748,139.341164
東武桐生線,藪塚,36.3589735,139.315283
東武桐生線,阿左美,36.3870638,139.3085818
東武桐生線,新桐生,36.3951021,139.3202502
東武桐生線,相老,36.4104767,139.3044459
東武桐生線,赤城,36.4257626,139.2762847
東武越生線,坂戸,35.95708,139.3939536
東武越生線,一本松,35.9404455,139.3703434
東武越生線,西大家,35.9317279,139.3564296
東武越生線,川角,35.9375128,139.3468546
東武越生線,武州長瀬,35.9419785,139.3257651
東武越生線,東毛呂,35.9468636,139.3153813
東武越生線,武州唐沢,35.9521965,139.3092384
東武越生線,越生,35.9621867,139.2993547
東武野田線,大宮,35.9064485,139.6238548
東武野田線,北大宮,35.9171964,139.6247293
東武野田線,大宮公園,35.9234976,139.6321636
東武野田線,大和田,35.9293778,139.6503575
東武野田線,七里,35.9365546,139.6662907
東武野田線,岩槻,35.950263,139.693122
東武野田線,東岩槻,35.9633724,139.7122721
東武野田線,豊春,35.9679527,139.7262049
東武野田線,八木崎,35.9783575,139.741815
東武野田線,春日部,35.979918,139.7526206
東武野田線,藤の牛島,35.9801407,139.7775825
東武野田線,南桜井,35.9804354,139.8080072
東武野田線,川間,35.9790234,139.8338502
東武野田線,七光台,35.9706238,139.8529487
東武野田線,清水公園,35.95884119999999,139.8602632
東武野田線,愛宕,35.9505845,139.8644604
東武野田線,野田市,35.943851,139.8702577
東武野田線,梅郷,35.9313619,139.8912266
東武野田線,運河,35.9140502,139.9060825
東武野田線,江戸川台,35.897247,139.910495
東武野田線,初石,35.8841011,139.9175805
東武野田線,流山おおたかの森,35.8719046,139.9252409
東武野田線,豊四季,35.866536,139.939532
東武野田線,柏,35.8621498,139.9709172
東武野田線,新柏,35.8387226,139.966663
東武野田線,増尾,35.8295651,139.9767454
東武野田線,逆井,35.8232231,139.983935
東武野田線,高柳,35.8081914,139.9988642
東武野田線,六実,35.793705,139.999353
東武野田線,新鎌ヶ谷,35.779401,139.998853
東武野田線,鎌ヶ谷,35.7637249,139.9972711
東武野田線,馬込沢,35.7416333,139.9923391
東武野田線,塚田,35.7220485,139.9827873
東武野田線,新船橋,35.711515,139.979873
東武野田線,船橋,35.7017357,139.9853815
東武鬼怒川線,下今市,36.72550210000001,139.6923539
東武鬼怒川線,大谷向,36.7324963,139.6919306
東武鬼怒川線,大桑,36.7605407,139.7132938
東武鬼怒川線,新高徳,36.7794621,139.7111891
東武鬼怒川線,小佐越,36.8022962,139.7066127
東武鬼怒川線,東武ワールドスクウェア,36.8086281,139.7093176
東武鬼怒川線,鬼怒川温泉,36.8232715,139.7166767
東武鬼怒川線,鬼怒川公園,36.8409006,139.7228485
東武鬼怒川線,新藤原,36.8527931,139.7327927
東葉高速線,東葉勝田台,35.7154771,140.1259566
東葉高速線,村上,38.2203182,139.4635738
東葉高速線,八千代中央,35.7279252,140.1033855
東葉高速線,八千代緑が丘,35.72902,140.073294
東葉高速線,船橋日大前,35.7268934,140.0588412
東葉高速線,北習志野,35.7213256,140.0421854
東葉高速線,飯山満,35.7140502,140.0222372
東葉高速線,東海神,35.7062911,139.981519
東葉高速線,西船橋,35.7074443,139.9590775
湘南モノレール,大船,35.3540475,139.5312989
湘南モノレール,富士見町,35.4346656,133.3365881
湘南モノレール,湘南町屋,35.3378269,139.5226892
湘南モノレール,湘南深沢,35.3329662,139.5189119
湘南モノレール,西鎌倉,35.3194118,139.5043303
湘南モノレール,片瀬山,35.3172665,139.4960982
湘南モノレール,目白山下,35.3140164,139.4914837
湘南モノレール,湘南江の島,35.3117812,139.4877095
相鉄いずみ野線,二俣川,35.4635766,139.5323099
相鉄いずみ野線,南万騎が原,35.45253599999999,139.526351
相鉄いずみ野線,緑園都市,35.4395193,139.5219504
相鉄いずみ野線,弥生台,35.4299397,139.5064623
相鉄いずみ野線,いずみ野,35.429455,139.494993
相鉄いずみ野線,いずみ中央,35.4152459,139.4872587
相鉄いずみ野線,ゆめが丘,35.4056754,139.4824202
相鉄いずみ野線,湘南台,35.3963123,139.4664926
相鉄・JR直通線,羽沢横浜国大,35.48117,139.5860839
相鉄・JR直通線,西谷,35.4780848,139.5656182
相鉄新横浜線,西谷,35.4780848,139.5656182
相鉄新横浜線,羽沢横浜国大,35.48117,139.5860839
相鉄新横浜線,新横浜,35.5076585,139.6175553
相鉄本線,横浜,35.46598110000001,139.622062
相鉄本線,平沼橋,35.4595591,139.6162066
相鉄本線,西横浜,35.4534061,139.608495
相鉄本線,天王町,35.4539572,139.6028281
相鉄本線,星川,35.458881,139.5947656
相鉄本線,和田町,35.4635684,139.5868889
相鉄本線,上星川,35.467286,139.580429
相鉄本線,西谷,35.4780848,139.5656182
相鉄本線,鶴ケ峰,35.4749169,139.5492277
相鉄本線,二俣川,35.4635766,139.5323099
相鉄本線,希望ヶ丘,35.4604235,139.5141563
相鉄本線,三ツ境,35.4677563,139.5027413
相鉄本線,瀬谷,35.47031390000001,139.4824961
相鉄本線,大和,35.4698284,139.4614179
相鉄本線,相模大塚,35.470563,139.4408415
相鉄本線,さがみ野,35.4715394,139.4285244
相鉄本線,かしわ台,35.4666958,139.4151649
相鉄本線,海老名,35.4542331,139.3893342
芝山鉄道,東成田,35.7700782,140.3871955
芝山鉄道,芝山千代田,35.7540859,140.3995208
西武国分寺線,国分寺,35.7002201,139.4802697
西武国分寺線,恋ヶ窪,35.711339,139.463902
西武国分寺線,鷹の台,35.7234,139.461022
西武国分寺線,小川,35.737527,139.4635691
西武国分寺線,東村山,35.760471,139.46585
西武多摩川線,武蔵境,35.7021388,139.5436578
西武多摩川線,新小金井,35.695926,139.526786
西武多摩川線,多磨,35.6766308,139.5170499
西武多摩川線,白糸台,35.6665179,139.5096129
西武多摩川線,競艇場前,35.6562249,139.4996999
西武多摩川線,是政,35.6563503,139.4888503
西武多摩湖線,国分寺,35.7002201,139.4802697
西武多摩湖線,一橋学園,35.72206,139.480039
西武多摩湖線,青梅街道,35.730976,139.476566
西武多摩湖線,萩山,35.74048550000001,139.4774398
西武多摩湖線,八坂,35.744863,139.467761
西武多摩湖線,武蔵大和,35.756417,139.444263
西武多摩湖線,多摩湖,35.7661519,139.4426132
西武山口線,多摩湖,35.7661519,139.4426132
西武山口線,西武園ゆうえんち,35.7690263,139.4401512
西武山口線,西武球場前,35.7704984,139.4190427
西武拝島線,小平,35.7370711,139.4881602
西武拝島線,萩山,35.74048550000001,139.4774398
西武拝島線,小川,35.737527,139.4635691
西武拝島線,東大和市,35.732891,139.434403
西武拝島線,玉川上水,35.731964,139.4183325
西武拝島線,武蔵砂川,35.7290364,139.3922419
西武拝島線,西武立川,35.7262964,139.3705392
西武拝島線,拝島,35.72113,139.3436514
西武新宿線,西武新宿,35.695363,139.7000521
西武新宿線,高田馬場,35.7125654,139.7038615
西武新宿線,下落合,35.71587410000001,139.6950191
西武新宿線,中井,35.7150776,139.6871252
西武新宿線,新井薬師前,35.71578950000001,139.6719543
西武新宿線,沼袋,35.719315,139.6644193
西武新宿線,野方,35.7196848,139.6532117
西武新宿線,都立家政,35.722366,139.644539
西武新宿線,鷺ノ宮,35.7226237,139.638906
西武新宿線,下井草,35.72387000000001,139.624693
西武新宿線,井荻,35.724675,139.61561
西武新宿線,上井草,35.725258,139.602945
西武新宿線,上石神井,35.7262543,139.5921496
西武新宿線,武蔵関,35.72761790000001,139.5763635
西武新宿線,東伏見,35.7286904,139.5642362
西武新宿線,西武柳沢,35.728637,139.5525518
西武新宿線,田無,35.7273335,139.5394451
西武新宿線,花小金井,35.726172,139.5132046
西武新宿線,小平,35.7370711,139.4881602
西武新宿線,久米川,35.7500258,139.472007
西武新宿線,東村山,35.760471,139.46585
西武新宿線,所沢,35.7866173,139.4732246
西武新宿線,航空公園,35.798329,139.465592
西武新宿線,新所沢,35.8068135,139.4560541
西武新宿線,入曽,35.832435,139.427178
西武新宿線,狭山市,35.8572319,139.413282
西武新宿線,新狭山,35.8739956,139.4334541
西武新宿線,南大塚,35.8898055,139.4543388
西武新宿線,本川越,35.915122,139.481892
西武有楽町線,小竹向原,35.74334109999999,139.6795208
西武有楽町線,新桜台,35.7412366,139.6688231
西武有楽町線,練馬,35.737841,139.653912
西武池袋線,池袋,35.7295028,139.7109001
西武池袋線,椎名町,35.7264722,139.6949221
西武池袋線,東長崎,35.7303273,139.6829125
西武池袋線,江古田,35.737481,139.672744
西武池袋線,桜台,33.4717096,130.5421781
西武池袋線,練馬,35.737841,139.653912
西武池袋線,中村橋,35.7367952,139.6376668
西武池袋線,富士見台,35.7356895,139.629611
西武池袋線,練馬高野台,35.7406329,139.6168772
西武池袋線,石神井公園,35.7436447,139.6065548
西武池袋線,大泉学園,35.7493601,139.5865462
西武池袋線,保谷,35.7483557,139.5676
西武池袋線,ひばりヶ丘,35.75142,139.545782
西武池袋線,東久留米,35.76034509999999,139.5339486
西武池袋線,清瀬,35.7720993,139.51984
西武池袋線,秋津,35.77843490000001,139.4967816
西武池袋線,所沢,35.7866173,139.4732246
西武池袋線,西所沢,35.7892995,139.4560334
西武池袋線,小手指,35.8005786,139.4380557
西武池袋線,狭山ヶ丘,35.810382,139.417013
西武池袋線,武蔵藤沢,35.820853,139.412763
西武池袋線,稲荷山公園,35.844683,139.399402
西武池袋線,入間市,35.8420017,139.3895814
西武池袋線,仏子,35.837794,139.360155
西武池袋線,元加治,35.84053919999999,139.3457582
西武池袋線,飯能,35.851264,139.318769
西武池袋線,東飯能,35.853014,139.32613
西武池袋線,高麗,35.88201,139.304408
西武池袋線,武蔵横手,35.885141,139.2808447
西武池袋線,東吾野,35.8921014,139.2606942
西武池袋線,吾野,35.908503,139.226706
西武狭山線,西所沢,35.7892995,139.4560334
西武狭山線,下山口,35.7793925,139.4408485
西武狭山線,西武球場前,35.7704984,139.4190427
西武秩父線,飯能,35.851264,139.318769
西武秩父線,東飯能,35.853014,139.32613
西武秩父線,高麗,35.88201,139.304408
西武秩父線,武蔵横手,35.885141,139.2808447
西武秩父線,東吾野,35.8921014,139.2606942
西武秩父線,吾野,35.908503,139.226706
西武秩父線,西吾野,35.9263675,139.2021935
西武秩父線,正丸,35.9383115,139.1820895
西武秩父線,芦ヶ久保,35.976328,139.136002
西武秩父線,横瀬,35.985508,139.0978613
西武秩父線,西武秩父,35.990047,139.083062
西武西武園線,東村山,35.760471,139.46585
西武西武園線,西武園,35.767721,139.448901
西武豊島線,練馬,35.737841,139.653912
西武豊島線,豊島園,35.7425725,139.6489471
都電荒川線,三ノ輪橋,35.7321051,139.7916155
都電荒川線,荒川一中前,35.7336766,139.7889264
都電荒川線,荒川区役所前,35.7349357,139.7864979
都電荒川線,荒川二丁目,35.7385432,139.7847008
都電荒川線,荒川七丁目,35.7418313,139.7837401
都電荒川線,町屋駅前,35.7427846,139.7809419
都電荒川線,町屋二丁目,35.74369799999999,139.7770331
都電荒川線,東尾久三丁目,35.7457854,139.7736639
都電荒川線,熊野前,35.7485267,139.7698487
都電荒川線,宮ノ前,35.749997,139.765577
都電荒川線,小台,35.7505233,139.7615643
都電荒川線,荒川遊園地前,35.7506878,139.7579215
都電荒川線,荒川車庫前,35.7508582,139.7527811
都電荒川線,梶原,35.7510889,139.7478397
都電荒川線,栄町,35.6130005,140.1186178
都電荒川線,王子駅前,35.7528359,139.7381972
都電荒川線,飛鳥山,35.7501771,139.7373504
都電荒川線,滝野川一丁目,35.7472737,139.7354215
都電荒川線,西ヶ原四丁目,35.7444235,139.732777
都電荒川線,新庚申塚,35.7415497,139.7306585
都電荒川線,庚申塚,35.7396241,139.729754
都電荒川線,巣鴨新田,35.735704,139.7276824
都電荒川線,大塚駅前,35.7315799,139.7293294
都電荒川線,向原,35.7288949,139.7248761
都電荒川線,東池袋四丁目,35.7252827,139.7201591
都電荒川線,都電雑司ヶ谷,35.7241592,139.717881
都電荒川線,鬼子母神前,35.7200509,139.7146731
都電荒川線,学習院下,35.7166025,139.7125984
都電荒川線,面影橋,35.7130162,139.7142544
都電荒川線,早稲田（都電）,35.7117809,139.7191898
金沢シーサイドライン,新杉田,35.3867269,139.619549
金沢シーサイドライン,南部市場,35.380158,139.633206
金沢シーサイドライン,鳥浜,35.3771188,139.641745
金沢シーサイドライン,並木北,35.3719099,139.6426979
金沢シーサイドライン,並木中央,35.3654381,139.6429557
金沢シーサイドライン,幸浦,35.3584023,139.6437267
金沢シーサイドライン,産業振興センター,35.3534409,139.6463012
金沢シーサイドライン,福浦,35.349633,139.6485568
金沢シーサイドライン,市大医学部,35.3439584,139.6501483
金沢シーサイドライン,八景島,35.3408344,139.6408293
金沢シーサイドライン,海の公園柴口,35.3421219,139.6359027
金沢シーサイドライン,海の公園南口,35.3372071,139.632055
金沢シーサイドライン,野島公園,35.3305806,139.6315414
金沢シーサイドライン,金沢八景,35.3312442,139.6202471
みなとみらい線,横浜,35.46598110000001,139.622062
みなとみらい線,新高島,35.462038,139.626731
みなとみらい線,みなとみらい,35.4573889,139.6327216
みなとみらい線,馬車道,35.4501774,139.636271
みなとみらい線,日本大通り,35.4468153,139.6425887
みなとみらい線,元町・中華街,35.4427858,139.6499956
埼玉高速鉄道線,浦和美園,35.893687,139.727872
埼玉高速鉄道線,東川口,35.8760773,139.7439577
埼玉高速鉄道線,戸塚安行,35.8590492,139.7537087
埼玉高速鉄道線,新井宿,35.842748,139.737956
埼玉高速鉄道線,鳩ヶ谷,35.8309104,139.7360684
埼玉高速鉄道線,南鳩ヶ谷,35.8162585,139.7361382
埼玉高速鉄道線,川口元郷,35.800392,139.730209
埼玉高速鉄道線,赤羽岩淵,35.783504,139.721821
東京メトロ丸ノ内線,池袋,35.7295028,139.7109001
東京メトロ丸ノ内線,新大塚,35.7258009,139.7298975
東京メトロ丸ノ内線,茗荷谷,35.7173731,139.7367799
東京メトロ丸ノ内線,後楽園,35.7084859,139.7518216
東京メトロ丸ノ内線,本郷三丁目,35.70750659999999,139.760436
東京メトロ丸ノ内線,御茶ノ水,35.6997175,139.7644404
東京メトロ丸ノ内線,淡路町,35.69496,139.7674597
東京メトロ丸ノ内線,大手町,35.6853494,139.7632784
東京メトロ丸ノ内線,東京,35.6812996,139.7670658
東京メトロ丸ノ内線,銀座,35.67172790000001,139.7644425
東京メトロ丸ノ内線,霞ケ関,35.6726028,139.7511763
東京メトロ丸ノ内線,国会議事堂前,35.67389590000001,139.7449634
東京メトロ丸ノ内線,赤坂見附,35.677067,139.7373586
東京メトロ丸ノ内線,四ツ谷,35.6861525,139.7302183
東京メトロ丸ノ内線,四谷三丁目,35.6879318,139.7206307
東京メトロ丸ノ内線,新宿御苑前,35.6885809,139.7106837
東京メトロ丸ノ内線,新宿三丁目,35.6908823,139.7048821
東京メトロ丸ノ内線,新宿,35.6896067,139.7005713
東京メトロ丸ノ内線,西新宿,35.6943389,139.6929086
東京メトロ丸ノ内線,中野坂上,35.6970686,139.6821613
東京メトロ丸ノ内線,新中野,35.6974924,139.6689374
東京メトロ丸ノ内線,東高円寺,35.698027,139.6579834
東京メトロ丸ノ内線,新高円寺,35.697845,139.64847
東京メトロ丸ノ内線,南阿佐ケ谷,35.699456,139.6355541
東京メトロ丸ノ内線,荻窪,35.7045751,139.6200629
東京メトロ副都心線,和光市,35.788363,139.6127811
東京メトロ副都心線,地下鉄成増,35.7766972,139.6311902
東京メトロ副都心線,地下鉄赤塚,35.769976,139.6440227
東京メトロ副都心線,平和台,35.7575611,139.6543279
東京メトロ副都心線,氷川台,35.7495622,139.6654662
東京メトロ副都心線,小竹向原,35.74334109999999,139.6795208
東京メトロ副都心線,千川,35.7382658,139.6893487
東京メトロ副都心線,要町,35.733148,139.698492
東京メトロ副都心線,池袋,35.7295028,139.7109001
東京メトロ副都心線,雑司が谷,35.720199,139.7148445
東京メトロ副都心線,西早稲田,35.7076468,139.7090048
東京メトロ副都心線,東新宿,35.6979303,139.7074092
東京メトロ副都心線,新宿三丁目,35.6908823,139.7048821
東京メトロ副都心線,北参道,35.6783688,139.7055537
東京メトロ副都心線,明治神宮前〈原宿〉,35.6690374,139.7042217
東京メトロ副都心線,渋谷,35.6580339,139.7016358
東京メトロ千代田線,北綾瀬,35.7770135,139.8321012
東京メトロ千代田線,綾瀬,35.762315,139.824924
東京メトロ千代田線,北千住,35.7496762,139.8053433
東京メトロ千代田線,町屋,35.742397,139.780335
東京メトロ千代田線,西日暮里,35.7328473,139.7676078
東京メトロ千代田線,千駄木,35.725483,139.7632433
東京メトロ千代田線,根津,35.7173463,139.7657368
東京メトロ千代田線,湯島,35.7071802,139.7699414
東京メトロ千代田線,新御茶ノ水,35.696932,139.7654321
東京メトロ千代田線,大手町,35.6853494,139.7632784
東京メトロ千代田線,二重橋前〈丸の内〉,35.680665,139.7617446
東京メトロ千代田線,日比谷,35.6743573,139.7596196
東京メトロ千代田線,霞ケ関,35.6726028,139.7511763
東京メトロ千代田線,国会議事堂前,35.67389590000001,139.7449634
東京メトロ千代田線,赤坂,35.6722117,139.73638
東京メトロ千代田線,乃木坂,35.6668266,139.7264971
東京メトロ千代田線,表参道,35.6652511,139.7120921
東京メトロ千代田線,明治神宮前〈原宿〉,35.6690374,139.7042217
東京メトロ千代田線,代々木公園,35.6690987,139.6899634
東京メトロ千代田線,代々木上原,35.6690026,139.6797332
東京メトロ半蔵門線,渋谷,35.6580339,139.7016358
東京メトロ半蔵門線,表参道,35.6652511,139.7120921
東京メトロ半蔵門線,青山一丁目,35.6727759,139.7239663
東京メトロ半蔵門線,永田町,35.6786011,139.7402861
東京メトロ半蔵門線,半蔵門,35.6856667,139.7416475
東京メトロ半蔵門線,九段下,35.6954816,139.7511544
東京メトロ半蔵門線,神保町,35.6959319,139.7576272
東京メトロ半蔵門線,大手町,35.6853494,139.7632784
東京メトロ半蔵門線,三越前,35.6871555,139.7735707
東京メトロ半蔵門線,水天宮前,35.68299,139.785153
東京メトロ半蔵門線,清澄白河,35.6822525,139.7987778
東京メトロ半蔵門線,住吉,35.6890128,139.8158219
東京メトロ半蔵門線,錦糸町,35.6967393,139.8144835
東京メトロ半蔵門線,押上〈スカイツリー前〉,35.710332,139.8132971
東京メトロ南北線,赤羽岩淵,35.783504,139.721821
東京メトロ南北線,志茂,35.778324,139.7322949
東京メトロ南北線,王子神谷,35.7654235,139.7356263
東京メトロ南北線,王子,35.7529945,139.7378714
東京メトロ南北線,西ケ原,35.7459577,139.7422689
東京メトロ南北線,駒込,35.7365665,139.7470098
東京メトロ南北線,本駒込,35.7246424,139.7537444
東京メトロ南北線,東大前,35.71762349999999,139.7581202
東京メトロ南北線,後楽園,35.7084859,139.7518216
東京メトロ南北線,飯田橋,35.7020837,139.7450232
東京メトロ南北線,市ケ谷,35.6910121,139.7355674
東京メトロ南北線,四ツ谷,35.6861525,139.7302183
東京メトロ南北線,永田町,35.6786011,139.7402861
東京メトロ南北線,溜池山王,35.6721312,139.7414004
東京メトロ南北線,六本木一丁目,35.6654626,139.7389911
東京メトロ南北線,麻布十番,35.6561336,139.7368813
東京メトロ南北線,白金高輪,35.6430963,139.7342256
東京メトロ南北線,白金台,35.63793450000001,139.7261466
東京メトロ南北線,目黒,35.6340929,139.7158331
東京メトロ日比谷線,小伝馬町,35.6907124,139.7785074
東京メトロ日比谷線,北千住,35.7496762,139.8053433
東京メトロ日比谷線,南千住,35.7339347,139.7994102
東京メトロ日比谷線,三ノ輪,35.7296256,139.7913624
東京メトロ日比谷線,入谷,35.7208778,139.7846947
東京メトロ日比谷線,上野,35.7141672,139.7774091
東京メトロ日比谷線,仲御徒町,35.706635,139.7761787
東京メトロ日比谷線,秋葉原,35.698383,139.7730717
東京メトロ日比谷線,人形町,35.6863395,139.7823384
東京メトロ日比谷線,茅場町,35.6799355,139.7801631
東京メトロ日比谷線,八丁堀,35.6746248,139.7768846
東京メトロ日比谷線,築地,35.6681139,139.7726249
東京メトロ日比谷線,東銀座,35.6697003,139.7671399
東京メトロ日比谷線,銀座,35.67172790000001,139.7644425
東京メトロ日比谷線,日比谷,35.6743573,139.7596196
東京メトロ日比谷線,霞ケ関,35.6726028,139.7511763
東京メトロ日比谷線,虎ノ門ヒルズ,35.6677126,139.7479069
東京メトロ日比谷線,神谷町,35.6631176,139.7451826
東京メトロ日比谷線,六本木,35.6632707,139.7320854
東京メトロ日比谷線,広尾,35.6518505,139.722174
東京メトロ日比谷線,恵比寿,35.6467145,139.7100818
東京メトロ日比谷線,中目黒,35.6441631,139.6988444
東京メトロ有楽町線,和光市,35.788363,139.6127811
東京メトロ有楽町線,地下鉄成増,35.7766972,139.6311902
東京メトロ有楽町線,地下鉄赤塚,35.769976,139.6440227
東京メトロ有楽町線,平和台,35.7575611,139.6543279
東京メトロ有楽町線,氷川台,35.7495622,139.6654662
東京メトロ有楽町線,小竹向原,35.74334109999999,139.6795208
東京メトロ有楽町線,千川,35.7382658,139.6893487
東京メトロ有楽町線,要町,35.733148,139.698492
東京メトロ有楽町線,池袋,35.7295028,139.7109001
東京メトロ有楽町線,東池袋,35.7260173,139.7189977
東京メトロ有楽町線,護国寺,35.7189737,139.7275081
東京メトロ有楽町線,江戸川橋,35.7097251,139.7329826
東京メトロ有楽町線,飯田橋,35.7020837,139.7450232
東京メトロ有楽町線,市ケ谷,35.6910121,139.7355674
東京メトロ有楽町線,麹町,35.6847194,139.7373252
東京メトロ有楽町線,永田町,35.6786011,139.7402861
東京メトロ有楽町線,桜田門,35.6773322,139.7513691
東京メトロ有楽町線,有楽町,35.6750133,139.7630204
東京メトロ有楽町線,銀座一丁目,35.6743941,139.7669788
東京メトロ有楽町線,新富町,35.6705851,139.7735117
東京メトロ有楽町線,月島,35.663861,139.7840845
東京メトロ有楽町線,豊洲,35.6537595,139.7954412
東京メトロ有楽町線,辰巳,35.6457723,139.810347
東京メトロ有楽町線,新木場,35.6459065,139.8267917
東京メトロ東西線,西船橋,35.7074443,139.9590775
東京メトロ東西線,原木中山,35.7033579,139.9418925
東京メトロ東西線,妙典,35.6914851,139.9248953
東京メトロ東西線,行徳,35.682604,139.914142
東京メトロ東西線,南行徳,35.672716,139.902227
東京メトロ東西線,浦安,35.6658833,139.8932558
東京メトロ東西線,葛西,35.6635395,139.8726529
東京メトロ東西線,西葛西,35.664577,139.8592032
東京メトロ東西線,南砂町,35.6686978,139.8308161
東京メトロ東西線,東陽町,35.6696241,139.8177096
東京メトロ東西線,木場,35.6693678,139.8067878
東京メトロ東西線,門前仲町,35.6720326,139.7956907
東京メトロ東西線,茅場町,35.6799355,139.7801631
東京メトロ東西線,日本橋,35.6821193,139.7747086
東京メトロ東西線,大手町,35.6853494,139.7632784
東京メトロ東西線,竹橋,35.6902225,139.7582927
東京メトロ東西線,九段下,35.6954816,139.7511544
東京メトロ東西線,飯田橋,35.7020837,139.7450232
東京メトロ東西線,神楽坂,35.703869,139.7344316
東京メトロ東西線,早稲田,35.7058216,139.7212004
東京メトロ東西線,高田馬場,35.7125654,139.7038615
東京メトロ東西線,落合,35.7106227,139.6861327
東京メトロ東西線,中野,35.7054067,139.6658254
東京メトロ東西線,高円寺,35.7053457,139.6499291
東京メトロ東西線,阿佐ケ谷,35.7049247,139.6361231
東京メトロ東西線,荻窪,35.7045751,139.6200629
東京メトロ東西線,西荻窪,35.7036961,139.600182
東京メトロ東西線,吉祥寺,35.7031485,139.5798087
東京メトロ東西線,三鷹,35.7027156,139.5610291
東京メトロ銀座線,浅草,35.7098669,139.7971675
東京メトロ銀座線,田原町,35.7098833,139.7907335
東京メトロ銀座線,稲荷町,35.7113443,139.7826841
東京メトロ銀座線,上野,35.7141672,139.7774091
東京メトロ銀座線,上野広小路,35.7078788,139.7729859
東京メトロ銀座線,末広町,35.7028977,139.7716539
東京メトロ銀座線,神田,35.6918216,139.7709318
東京メトロ銀座線,三越前,35.6871555,139.7735707
東京メトロ銀座線,日本橋,35.6821193,139.7747086
東京メトロ銀座線,京橋,34.6960502,135.5341723
東京メトロ銀座線,銀座,35.67172790000001,139.7644425
東京メトロ銀座線,新橋,35.666379,139.7583398
東京メトロ銀座線,虎ノ門,35.670129,139.7500733
東京メトロ銀座線,溜池山王,35.6721312,139.7414004
東京メトロ銀座線,赤坂見附,35.677067,139.7373586
東京メトロ銀座線,青山一丁目,35.6727759,139.7239663
東京メトロ銀座線,外苑前,35.6706165,139.7180621
東京メトロ銀座線,表参道,35.6652511,139.7120921
東京メトロ銀座線,渋谷,35.6580339,139.7016358
横浜市営地下鉄グリーンライン,中山,35.5148115,139.53935
横浜市営地下鉄グリーンライン,川和町,35.5284388,139.5492424
横浜市営地下鉄グリーンライン,都筑ふれあいの丘,35.5365677,139.5613048
横浜市営地下鉄グリーンライン,センター南,35.5455828,139.5745099
横浜市営地下鉄グリーンライン,センター北,35.553138,139.578482
横浜市営地下鉄グリーンライン,北山田,35.560915,139.59273
横浜市営地下鉄グリーンライン,東山田,35.554194,139.60484
横浜市営地下鉄グリーンライン,高田,0.0,0.0
横浜市営地下鉄グリーンライン,日吉本町,35.550036,139.6336133
横浜市営地下鉄グリーンライン,日吉,35.553449,139.6470623
横浜市営地下鉄ブルーライン,湘南台,35.3963123,139.4664926
横浜市営地下鉄ブルーライン,下飯田,35.4034517,139.4831672
横浜市営地下鉄ブルーライン,立場,35.4144844,139.5009935
横浜市営地下鉄ブルーライン,中田,35.4111582,139.511299
横浜市営地下鉄ブルーライン,踊場,35.4055836,139.5187107
横浜市営地下鉄ブルーライン,戸塚,35.40076639999999,139.5342039
横浜市営地下鉄ブルーライン,舞岡,35.4025543,139.5512281
横浜市営地下鉄ブルーライン,下永谷,35.4026259,139.5591115
横浜市営地下鉄ブルーライン,上永谷,35.401349,139.572766
横浜市営地下鉄ブルーライン,港南中央,35.4010785,139.5908585
横浜市営地下鉄ブルーライン,上大岡,35.4091218,139.5966291
横浜市営地下鉄ブルーライン,弘明寺,35.4243856,139.5968031
横浜市営地下鉄ブルーライン,蒔田,35.429902,139.609956
横浜市営地下鉄ブルーライン,吉野町,35.4353957,139.6184715
横浜市営地下鉄ブルーライン,阪東橋,35.437596,139.625177
横浜市営地下鉄ブルーライン,伊勢佐木長者町,35.4411351,139.6329989
横浜市営地下鉄ブルーライン,関内,35.4439663,139.6354978
横浜市営地下鉄ブルーライン,桜木町,35.4509136,139.6310595
横浜市営地下鉄ブルーライン,高島町,35.458788,139.623537
横浜市営地下鉄ブルーライン,横浜,35.46598110000001,139.622062
横浜市営地下鉄ブルーライン,三ツ沢下町,35.4765007,139.6150268
横浜市営地下鉄ブルーライン,三ツ沢上町,35.4764874,139.6046976
横浜市営地下鉄ブルーライン,片倉町,35.489951,139.6064261
横浜市営地下鉄ブルーライン,岸根公園,35.4965468,139.6171984
横浜市営地下鉄ブルーライン,新横浜,35.5076585,139.6175553
横浜市営地下鉄ブルーライン,北新横浜,35.519226,139.612813
横浜市営地下鉄ブルーライン,新羽,35.527475,139.612119
横浜市営地下鉄ブルーライン,仲町台,35.5353086,139.5896081
横浜市営地下鉄ブルーライン,センター南,35.5455828,139.5745099
横浜市営地下鉄ブルーライン,センター北,35.553138,139.578482
横浜市営地下鉄ブルーライン,中川,35.5629773,139.5697136
横浜市営地下鉄ブルーライン,あざみ野,35.5685796,139.5534552
都営三田線,西高島平,35.7918903,139.6458828
都営三田線,新高島平,35.7902275,139.6542777
都営三田線,高島平,35.788919,139.661271
都営三田線,西台,35.7870582,139.6727974
都営三田線,蓮根,35.7841976,139.6790192
都営三田線,志村三丁目,35.7774805,139.6858707
都営三田線,志村坂上,35.7757692,139.6953874
都営三田線,本蓮沼,35.7685159,139.70247
都営三田線,板橋本町,35.7612601,139.7055333
都営三田線,板橋区役所前,35.7515914,139.7097176
都営三田線,新板橋,35.7488113,139.7201652
都営三田線,西巣鴨,35.7436944,139.7285589
都営三田線,巣鴨,35.7334192,139.7392848
都営三田線,千石,35.7278755,139.7448665
都営三田線,白山,35.72123029999999,139.7521623
都営三田線,春日,35.7084518,139.7535896
都営三田線,水道橋,35.7020484,139.7535016
都営三田線,神保町,35.6959319,139.7576272
都営三田線,大手町,35.6853494,139.7632784
都営三田線,日比谷,35.6743573,139.7596196
都営三田線,内幸町,35.6693954,139.7553294
都営三田線,御成門,35.6605129,139.7512247
都営三田線,芝公園,35.6539326,139.7498313
都営三田線,三田,35.6476602,139.7486572
都営三田線,白金高輪,35.6430963,139.7342256
都営三田線,白金台,35.63793450000001,139.7261466
都営三田線,目黒,35.6340929,139.7158331
都営大江戸線,都庁前,35.6905696,139.6926607
都営大江戸線,新宿西口,35.6932917,139.6991323
都営大江戸線,東新宿,35.6979303,139.7074092
都営大江戸線,若松河田,35.699236,139.7180749
都営大江戸線,牛込柳町,35.699462,139.7255394
都営大江戸線,牛込神楽坂,35.7008576,139.7358743
都営大江戸線,飯田橋,35.7020837,139.7450232
都営大江戸線,春日,35.7084518,139.7535896
都営大江戸線,本郷三丁目,35.70750659999999,139.760436
都営大江戸線,上野御徒町,35.7075185,139.7748564
都営大江戸線,新御徒町,35.7069936,139.7819408
都営大江戸線,蔵前,35.7031637,139.7908275
都営大江戸線,両国,35.6959325,139.7928696
都営大江戸線,森下,35.6880172,139.7982074
都営大江戸線,清澄白河,35.6822525,139.7987778
都営大江戸線,門前仲町,35.6720326,139.7956907
都営大江戸線,月島,35.663861,139.7840845
都営大江戸線,勝どき,35.6589787,139.7771494
都営大江戸線,築地市場,35.6648801,139.7668777
都営大江戸線,汐留,35.6628989,139.7599699
都営大江戸線,大門,35.6567191,139.7555724
都営大江戸線,赤羽橋,35.6549848,139.7440021
都営大江戸線,麻布十番,35.6561336,139.7368813
都営大江戸線,六本木,35.6632707,139.7320854
都営大江戸線,青山一丁目,35.6727759,139.7239663
都営大江戸線,国立競技場,35.6801659,139.7137789
都営大江戸線,代々木,35.683033,139.7020555
都営大江戸線,新宿,35.6896067,139.7005713
都営大江戸線,西新宿五丁目,35.689875,139.6845503
都営大江戸線,中野坂上,35.6970686,139.6821613
都営大江戸線,東中野,35.7062478,139.6837613
都営大江戸線,中井,35.7150776,139.6871252
都営大江戸線,落合南長崎,35.7234039,139.6834785
都営大江戸線,新江古田,35.732592,139.670439
都営大江戸線,練馬,35.737841,139.653912
都営大江戸線,豊島園,35.7425725,139.6489471
都営大江戸線,練馬春日町,35.7514626,139.6401514
都営大江戸線,光が丘,35.7585093,139.6289329
都営新宿線,本八幡,35.7210914,139.9272341
都営新宿線,篠崎,35.7059504,139.9039271
都営新宿線,瑞江,35.69332,139.8977053
都営新宿線,一之江,35.685936,139.882978
都営新宿線,船堀,35.6838551,139.8641384
都営新宿線,東大島,35.689932,139.8475291
都営新宿線,大島,35.6897665,139.834755
都営新宿線,西大島,35.689371,139.826351
都営新宿線,住吉,35.6890128,139.8158219
都営新宿線,菊川,34.761477,138.0854392
都営新宿線,森下,35.6880172,139.7982074
都営新宿線,浜町,35.68840369999999,139.7877372
都営新宿線,馬喰横山,35.691857,139.7831068
都営新宿線,岩本町,35.6955713,139.7751813
都営新宿線,小川町,35.6951799,139.7668774
都営新宿線,神保町,35.6959319,139.7576272
都営新宿線,九段下,35.6954816,139.7511544
都営新宿線,市ヶ谷,35.6910121,139.7355674
都営新宿線,曙橋,35.6923758,139.7226303
都営新宿線,新宿三丁目,35.6908823,139.7048821
都営新宿線,新宿,35.6896067,139.7005713
都営浅草線,押上（スカイツリー前）,35.710332,139.8132971
都営浅草線,本所吾妻橋,35.7085984,139.8045672
都営浅草線,浅草,35.7098669,139.7971675
都営浅草線,蔵前,35.7031637,139.7908275
都営浅草線,浅草橋,35.6974952,139.7859834
都営浅草線,東日本橋,35.69215519999999,139.7848473
都営浅草線,人形町,35.6863395,139.7823384
都営浅草線,日本橋,35.6821193,139.7747086
都営浅草線,宝町,35.6756198,139.7721084
都営浅草線,東銀座,35.6697003,139.7671399
都営浅草線,新橋,35.666379,139.7583398
都営浅草線,大門,35.6567191,139.7555724
都営浅草線,三田,35.6476602,139.7486572
都営浅草線,泉岳寺,35.6386442,139.7399771
都営浅草線,高輪台,35.6318285,139.7305368
都営浅草線,五反田,35.6261591,139.7236022
都営浅草線,戸越,35.6145248,139.7163324
都営浅草線,中延,35.6058183,139.7127554
都営浅草線,馬込,35.5963863,139.7118295
都営浅草線,西馬込,35.5868252,139.7059056
いすみ鉄道いすみ線,大原,35.2508913,140.3908475
いすみ鉄道いすみ線,西大原,35.2604973,140.3778703
いすみ鉄道いすみ線,上総東,35.2634002,140.3452152
いすみ鉄道いすみ線,新田野,35.2759109,140.3285682
いすみ鉄道いすみ線,国吉,35.2804933,140.313736
いすみ鉄道いすみ線,上総中川,35.2827046,140.2804538
いすみ鉄道いすみ線,城見ヶ丘,35.2916886,140.2525224
いすみ鉄道いすみ線,大多喜,35.286546,140.243853
いすみ鉄道いすみ線,小谷松,35.2689929,140.251075
いすみ鉄道いすみ線,東総元,35.259355,140.247437
いすみ鉄道いすみ線,久我原,35.2501293,140.2478598
いすみ鉄道いすみ線,総元,35.2405791,140.2402993
いすみ鉄道いすみ線,西畑,35.250494,140.2151621
いすみ鉄道いすみ線,上総中野,35.2500438,140.1998868
ひたちなか海浜鉄道湊線,勝田,36.3944787,140.5242313
ひたちなか海浜鉄道湊線,日工前,36.3880971,140.524589
ひたちなか海浜鉄道湊線,金上,36.3824313,140.5338385
ひたちなか海浜鉄道湊線,中根,36.3674338,140.562059
ひたちなか海浜鉄道湊線,那珂湊,36.3449962,140.5880032
ひたちなか海浜鉄道湊線,殿山,36.3498535,140.6017508
ひたちなか海浜鉄道湊線,平磯,36.3575751,140.6076389
ひたちなか海浜鉄道湊線,美乃浜学園,36.3726014,140.616693
ひたちなか海浜鉄道湊線,磯崎,36.377712,140.6179149
ひたちなか海浜鉄道湊線,阿字ヶ浦,36.3840722,140.6124707
わたらせ渓谷鐵道,桐生,36.4110162,139.3331401
わたらせ渓谷鐵道,下新田,36.4075791,139.3150949
わたらせ渓谷鐵道,相老,36.4104767,139.3044459
わたらせ渓谷鐵道,運動公園,36.4205037,139.3009041
わたらせ渓谷鐵道,大間々,36.4346611,139.27743
わたらせ渓谷鐵道,上神梅,36.4700597,139.2576238
わたらせ渓谷鐵道,本宿,36.481482,139.2590608
わたらせ渓谷鐵道,水沼,36.4998557,139.2776353
わたらせ渓谷鐵道,花輪,36.5207478,139.3078546
わたらせ渓谷鐵道,中野,35.7054067,139.6658254
わたらせ渓谷鐵道,小中,36.5357198,139.3378766
わたらせ渓谷鐵道,神戸,36.53748909999999,139.3562804
わたらせ渓谷鐵道,沢入,36.58043809999999,139.396311
わたらせ渓谷鐵道,原向,36.6172277,139.4197522
わたらせ渓谷鐵道,通洞,36.63699150000001,139.4400654
わたらせ渓谷鐵道,足尾,36.6416696,139.4479156
わたらせ渓谷鐵道,間藤,36.6530985,139.4498648
上信電鉄上信線,高崎,36.3228267,139.0126623
上信電鉄上信線,南高崎,36.3125268,139.0122481
上信電鉄上信線,根小屋,36.29142179999999,139.0187656
上信電鉄上信線,高崎商科大学前,36.2843567,139.0296023
上信電鉄上信線,山名,36.2777357,139.0381095
上信電鉄上信線,西山名,36.2711002,139.0323984
上信電鉄上信線,馬庭,36.2614816,139.0091397
上信電鉄上信線,吉井,36.2559553,138.9845412
上信電鉄上信線,西吉井,36.25571619999999,138.9654706
上信電鉄上信線,上州新屋,36.2559502,138.9515314
上信電鉄上信線,上州福島,36.2562995,138.929675
上信電鉄上信線,東富岡,36.2608419,138.9018562
上信電鉄上信線,上州富岡,36.2605115,138.8919284
上信電鉄上信線,西富岡,36.2601137,138.8832462
上信電鉄上信線,上州七日市,36.258607,138.8747152
上信電鉄上信線,上州一ノ宮,36.2530952,138.8637592
上信電鉄上信線,神農原,36.2427415,138.843862
上信電鉄上信線,南蛇井,36.23824889999999,138.8140961
上信電鉄上信線,千平,36.2302672,138.7988271
上信電鉄上信線,下仁田,36.2105876,138.7861968
上毛電気鉄道上毛線,中央前橋,36.3909738,139.0752683
上毛電気鉄道上毛線,城東,36.3912795,139.0811012
上毛電気鉄道上毛線,三俣,36.3937794,139.0891281
上毛電気鉄道上毛線,片貝,36.39386289999999,139.0955443
上毛電気鉄道上毛線,上泉,36.3941687,139.1067655
上毛電気鉄道上毛線,赤坂,35.6722117,139.73638
上毛電気鉄道上毛線,心臓血管センター,36.4053347,139.1289853
上毛電気鉄道上毛線,江木,36.4072791,139.1337071
上毛電気鉄道上毛線,大胡,36.4128068,139.1561216
上毛電気鉄道上毛線,樋越,36.4155014,139.1732589
上毛電気鉄道上毛線,北原,36.4136686,139.1846191
上毛電気鉄道上毛線,新屋,36.4138078,139.1966181
上毛電気鉄道上毛線,粕川,36.4168634,139.2108945
上毛電気鉄道上毛線,膳,36.4170585,139.2220456
上毛電気鉄道上毛線,新里,36.418596,139.23771
上毛電気鉄道上毛線,新川,36.4182534,139.2575293
上毛電気鉄道上毛線,東新川,36.42205879999999,139.2677505
上毛電気鉄道上毛線,赤城,36.4257626,139.2762847
上毛電気鉄道上毛線,桐生球場前,36.4192735,139.2981113
上毛電気鉄道上毛線,天王宿,36.4149773,139.3080806
上毛電気鉄道上毛線,富士山下,36.41392099999999,139.3157078
上毛電気鉄道上毛線,丸山下,36.41679560000001,139.3217568
上毛電気鉄道上毛線,西桐生,36.4140069,139.3335336
伊豆箱根鉄道大雄山線,小田原,35.2564449,139.1553932
伊豆箱根鉄道大雄山線,緑町,35.2596085,139.1589848
伊豆箱根鉄道大雄山線,井細田,35.268908,139.157417
伊豆箱根鉄道大雄山線,五百羅漢,35.2752879,139.1557777
伊豆箱根鉄道大雄山線,穴部,35.2800612,139.1485361
伊豆箱根鉄道大雄山線,飯田岡,35.2881331,139.139059
伊豆箱根鉄道大雄山線,相模沼田,35.292106,139.1340156
伊豆箱根鉄道大雄山線,岩原,35.2990555,139.1285551
伊豆箱根鉄道大雄山線,塚原,35.30151499999999,139.126696
伊豆箱根鉄道大雄山線,和田河原,35.315902,139.118308
伊豆箱根鉄道大雄山線,富士フイルム前,35.3176549,139.108914
伊豆箱根鉄道大雄山線,大雄山,35.3191668,139.1031454
富士急行線,大月,35.6132125,138.9427266
富士急行線,上大月,35.6132125,138.9427266
富士急行線,田野倉,35.5931419,138.9311477
富士急行線,禾生,35.5749503,138.9290637
富士急行線,赤坂,35.6722117,139.73638
富士急行線,都留市,35.5568539,138.9077233
富士急行線,谷村町,35.5505614,138.9046721
富士急行線,都留文科大学前,35.5424653,138.8965049
富士急行線,十日市場,35.526222,139.516543
富士急行線,東桂,35.5364096,138.8711034
富士急行線,三つ峠,35.5240031,138.8452758
富士急行線,寿,35.5081783,138.8252413
富士急行線,葭池温泉前,35.5019544,138.8119565
富士急行線,下吉田,35.4976962,138.8032647
富士急行線,月江寺,35.493172,138.7980699
富士急行線,富士山,35.48354880000001,138.7956851
富士急行線,富士急ハイランド,35.4893557,138.7819526
富士急行線,河口湖,35.49823620000001,138.7688409
小湊鉄道,五井,35.5133059,140.0896418
小湊鉄道,上総村上,35.496239,140.1002702
小湊鉄道,海士有木,35.4817158,140.1242993
小湊鉄道,上総三又,35.4660306,140.1267618
小湊鉄道,上総山田,35.4541937,140.126185
小湊鉄道,光風台,35.439581,140.114191
小湊鉄道,馬立,35.4237498,140.1147191
小湊鉄道,上総牛久,35.400098,140.1422447
小湊鉄道,上総川間,35.3881142,140.1510995
小湊鉄道,上総鶴舞,35.3813745,140.1651738
小湊鉄道,上総久保,35.3674896,140.154585
小湊鉄道,高滝,35.353092,140.1502745
小湊鉄道,里見,35.3372603,140.1455256
小湊鉄道,飯給,35.3204287,140.1423321
小湊鉄道,月崎,35.302209,140.1393817
小湊鉄道,上総大久保,35.28349559999999,140.1458492
小湊鉄道,養老渓谷,35.26640700000001,140.159333
小湊鉄道,上総中野,35.2500438,140.1998868
江ノ電,藤沢,35.3388984,139.4874695
江ノ電,石上,35.3324359,139.4856054
江ノ電,柳小路,35.3274127,139.4851832
江ノ電,鵠沼,35.3211987,139.482552
江ノ電,湘南海岸公園,35.3150889,139.4834851
江ノ電,江ノ島,35.3110477,139.4873844
江ノ電,腰越,35.3084036,139.4931705
江ノ電,鎌倉高校前,35.3067242,139.5005569
江ノ電,七里ヶ浜,35.3062403,139.5101511
江ノ電,稲村ヶ崎,35.3043597,139.5219085
江ノ電,極楽寺,35.3094825,139.5290259
江ノ電,長谷,35.3113157,139.5358751
江ノ電,由比ヶ浜,35.3127879,139.5414315
江ノ電,和田塚,35.3137116,139.5454342
江ノ電,鎌倉,35.3190647,139.5504119
流鉄流山線,馬橋,35.81134000000001,139.917276
流鉄流山線,幸谷,35.826334,139.9198036
流鉄流山線,小金城趾,35.8357412,139.9173453
流鉄流山線,鰭ヶ崎,35.8410089,139.9109071
流鉄流山線,平和台,35.7575611,139.6543279
流鉄流山線,流山,35.856529,139.901914
真岡鐵道真岡線,下館,36.3043842,139.9786648
真岡鐵道真岡線,下館二高前,36.3191729,139.9720834
真岡鐵道真岡線,折本,36.3405594,139.9713047
真岡鐵道真岡線,ひぐち,36.3581963,139.9705263
真岡鐵道真岡線,久下田,36.3759721,139.9716643
真岡鐵道真岡線,寺内,36.41096830000001,139.9803566
真岡鐵道真岡線,真岡,36.439188,140.0025757
真岡鐵道真岡線,北真岡,36.4491038,140.013991
真岡鐵道真岡線,西田井,36.4533543,140.0486823
真岡鐵道真岡線,北山,36.4556879,140.0677917
真岡鐵道真岡線,益子,36.4633208,140.0888856
真岡鐵道真岡線,七井,36.49146229999999,140.0945657
真岡鐵道真岡線,多田羅,36.5159872,140.089815
真岡鐵道真岡線,市塙,36.5381242,140.1101457
真岡鐵道真岡線,笹原田,36.5337367,140.1451429
真岡鐵道真岡線,天矢場,36.5292098,140.1558922
真岡鐵道真岡線,茂木,36.5307936,140.1813621
秩父鉄道,羽生,36.17036119999999,139.5341036
秩父鉄道,西羽生,36.1764024,139.5239492
秩父鉄道,新郷,36.1712189,139.5101039
秩父鉄道,武州荒木,36.1625492,139.4882162
秩父鉄道,東行田,36.1472565,139.4684744
秩父鉄道,行田市,36.143484,139.45919
秩父鉄道,持田,36.1376712,139.4421407
秩父鉄道,熊谷,36.1393899,139.3900334
秩父鉄道,上熊谷,36.1426263,139.3813505
秩父鉄道,石原,36.14796219999999,139.3687057
秩父鉄道,ひろせ野鳥の森,36.1461437,139.3515478
秩父鉄道,大麻生,36.1447948,139.3323588
秩父鉄道,明戸,36.1429373,139.3037811
秩父鉄道,武川,36.14208,139.282666
秩父鉄道,永田,35.5026351,140.3110883
秩父鉄道,小前田,36.1288337,139.2224581
秩父鉄道,桜沢,36.1286837,139.207108
秩父鉄道,寄居,36.1178872,139.1945371
秩父鉄道,波久礼,36.1268671,139.1580498
秩父鉄道,樋口,36.1311938,139.122419
秩父鉄道,野上,36.1116277,139.1107287
秩父鉄道,長瀞,36.0951551,139.1123518
秩父鉄道,上長瀞,36.0861785,139.1134038
秩父鉄道,親鼻,36.0776628,139.1059538
秩父鉄道,皆野,36.0687319,139.0941478
秩父鉄道,和銅黒谷,36.046736,139.101558
秩父鉄道,大野原,36.0189154,139.0940975
秩父鉄道,秩父,35.9988284,139.0860358
秩父鉄道,御花畑,35.9924622,139.0836532
秩父鉄道,影森,35.9721742,139.0684237
秩父鉄道,浦山口,35.963939,139.058037
秩父鉄道,武州中川,35.95848910000001,139.0352523
秩父鉄道,武州日野,35.9540642,139.0213573
秩父鉄道,白久,35.9588968,138.9933685
秩父鉄道,三峰口,35.960215,138.977683
箱根登山鉄道,小田原,35.2564449,139.1553932
箱根登山鉄道,箱根板橋,35.2454588,139.1448332
箱根登山鉄道,風祭,35.246244,139.129198
箱根登山鉄道,入生田,35.240772,139.12106
箱根登山鉄道,箱根湯本,35.2333827,139.1039163
箱根登山鉄道,塔ノ沢,35.234438,139.093952
箱根登山鉄道,大平台,35.238576,139.07412
箱根登山鉄道,宮ノ下,35.241992,139.06301
箱根登山鉄道,小涌谷,35.240576,139.052483
箱根登山鉄道,彫刻の森,35.2464498,139.0508339
箱根登山鉄道,強羅,35.250852,139.048205
野岩鉄道会津鬼怒川線,新藤原,36.8527931,139.7327927
野岩鉄道会津鬼怒川線,龍王峡,36.8609655,139.7184988
野岩鉄道会津鬼怒川線,川治温泉,36.8841569,139.7037213
野岩鉄道会津鬼怒川線,川治湯元,36.8951834,139.7027209
野岩鉄道会津鬼怒川線,湯西川温泉,36.9295124,139.6885262
野岩鉄道会津鬼怒川線,中三依温泉,36.9852008,139.6993285
野岩鉄道会津鬼怒川線,上三依塩原温泉口,37.0139269,139.7275309
野岩鉄道会津鬼怒川線,男鹿高原,37.0478887,139.7238792
野岩鉄道会津鬼怒川線,会津高原尾瀬口,37.0895743,139.7045007
銚子電鉄,銚子,35.7296659,140.8274186
銚子電鉄,仲ノ町,35.7288793,140.8335364
銚子電鉄,観音,35.7290055,140.8401505
銚子電鉄,本銚子,35.731035,140.8478484
銚子電鉄,笠上黒生,35.7284302,140.8570796
銚子電鉄,西海鹿島,35.7250698,140.8602276
銚子電鉄,海鹿島,35.722098,140.8630886
銚子電鉄,君ヶ浜,35.7135969,140.8605197
銚子電鉄,犬吠,35.70630010000001,140.8611882
銚子電鉄,外川,35.6992785,140.8570694
関東鉄道常総線,取手,35.8956987,140.0628753
関東鉄道常総線,西取手,35.90891,140.059198
関東鉄道常総線,寺原,35.9119575,140.0545315
関東鉄道常総線,新取手,35.9174616,140.0428375
関東鉄道常総線,ゆめみ野,35.9209475,140.0351436
関東鉄道常総線,稲戸井,35.9263831,140.0224489
関東鉄道常総線,戸頭,35.9293258,140.0141103
関東鉄道常総線,南守谷,35.9342656,140.0021059
関東鉄道常総線,守谷,35.9506698,139.9922675
関東鉄道常総線,新守谷,35.9665115,139.9857072
関東鉄道常総線,小絹,35.9812212,139.983223
関東鉄道常総線,水海道,36.0183253,139.9919926
関東鉄道常総線,北水海道,36.0321226,139.9927602
関東鉄道常総線,中妻,36.0472246,139.9905613
関東鉄道常総線,三妻,36.0739203,139.9827618
関東鉄道常総線,南石下,36.1022808,139.9737867
関東鉄道常総線,石下,36.1172106,139.9741235
関東鉄道常総線,玉村,36.1354714,139.9699245
関東鉄道常総線,宗道,36.1540456,139.9704062
関東鉄道常総線,下妻,36.181994,139.96445
関東鉄道常総線,大宝,36.2031582,139.9701995
関東鉄道常総線,黒子,36.2473912,139.9751347
関東鉄道常総線,大田郷,36.2782235,139.9596293
関東鉄道常総線,下館,36.3043842,139.9786648
鹿島臨海鉄道大洗鹿島線,水戸,36.3707551,140.476308
鹿島臨海鉄道大洗鹿島線,東水戸,36.3617387,140.5159798
鹿島臨海鉄道大洗鹿島線,常澄,36.3407423,140.5589493
鹿島臨海鉄道大洗鹿島線,大洗,36.3150501,140.5629424
鹿島臨海鉄道大洗鹿島線,涸沼,36.2658573,140.5271846
鹿島臨海鉄道大洗鹿島線,鹿島旭,36.2247263,140.5124859
鹿島臨海鉄道大洗鹿島線,徳宿,36.1903413,140.5144316
鹿島臨海鉄道大洗鹿島線,新鉾田,36.1524444,140.5202981
鹿島臨海鉄道大洗鹿島線,北浦湖畔,36.1204887,140.5367938
鹿島臨海鉄道大洗鹿島線,大洋,36.1082967,140.5766521
鹿島臨海鉄道大洗鹿島線,鹿島灘,36.0755787,140.5967906
鹿島臨海鉄道大洗鹿島線,鹿島大野,36.0507763,140.6097906
鹿島臨海鉄道大洗鹿島線,長者ヶ浜潮騒はまなす公園前,36.0315288,140.6187073
鹿島臨海鉄道大洗鹿島線,荒野台,36.0170028,140.6251796
鹿島臨海鉄道大洗鹿島線,鹿島サッカースタジアム（臨）,35.9921725,140.636263
鹿島臨海鉄道大洗鹿島線,鹿島神宮,35.9706714,140.6259941
