,min,from,lat,lng
0,14,東京,35.68123620000001,139.7671248
1,15,有楽町,35.6750133,139.7630204
2,19,新橋,35.666379,139.7583398
3,14,浜松町,35.6553809,139.7571289
4,17,田町,35.6457361,139.7475624
5,26,高輪ゲートウェイ,35.6355207,139.7406809
6,26,品川,35.6284713,139.7387597
7,14,大崎,35.6198513,139.7281892
8,34,五反田,35.6261591,139.7236022
9,19,目黒,35.63391319999999,139.7155561
10,6,恵比寿,35.6467145,139.7100818
11,23,渋谷,35.6580339,139.7016358
12,17,原宿,35.6700901,139.7024662
13,7,代々木,35.683033,139.7020555
14,9,新宿,35.6896067,139.7005713
15,22,新大久保,35.7012459,139.7002258
16,24,高田馬場,35.7125654,139.7038615
17,26,目白,35.7212199,139.7066115
18,25,池袋,35.7295028,139.7109001
19,33,大塚,35.7317124,139.7285029
20,32,巣鴨,35.7334192,139.7392848
21,35,駒込,35.7365665,139.7470098
22,36,田端,35.7381581,139.7608154
23,25,西日暮里,35.7324125,139.7677967
24,33,日暮里,35.7281578,139.7706414
25,30,鶯谷,35.7214573,139.7780133
26,27,上野,35.7141672,139.7774091
27,30,御徒町,35.7075185,139.7748564
28,23,秋葉原,35.698383,139.7730717
29,21,神田,35.6918216,139.7709318
30,33,赤羽,35.7776951,139.7205691
31,44,東十条,35.763949,139.7268722
32,40,王子,35.7529945,139.7378714
33,39,上中里,35.7465785,139.7469573
34,18,東京,35.68123620000001,139.7671248
35,22,大井町,35.6076153,139.7346592
36,29,大森,35.5884467,139.7278683
37,33,蒲田,35.5624794,139.7160731
38,38,川崎,35.5313654,139.696889
39,41,鶴見,35.5080356,139.6762625
40,45,新子安,35.4870546,139.6548105
41,48,東神奈川,35.4779292,139.6333614
42,37,横浜,35.46598110000001,139.622062
43,54,桜木町,35.4509136,139.6310595
44,56,関内,35.4439663,139.6354978
45,58,石川町,35.4387746,139.6430494
46,60,山手,35.42686,139.6463741
47,63,根岸,35.415819,139.6350457
48,66,磯子,35.3998639,139.6179011
49,68,新杉田,35.3867269,139.619549
50,72,洋光台,35.378769,139.597042
51,74,港南台,35.37513,139.576405
52,77,本郷台,35.3674373,139.5502526
53,54,大船,35.3540475,139.5312989
54,49,戸塚,35.40076639999999,139.5342039
55,60,藤沢,35.3388984,139.4874695
56,64,辻堂,35.3368951,139.4470874
57,69,茅ケ崎,35.3303025,139.4068167
58,76,平塚,35.3276448,139.3504658
59,84,大磯,35.311435,139.313291
60,89,二宮,35.2987859,139.2575981
61,93,国府津,35.281353,139.21494
62,97,鴨宮,35.275658,139.180026
63,58,小田原,35.2564449,139.1553932
64,113,早川,35.238689,139.145003
65,118,根府川,35.202526,139.138644
66,123,真鶴,35.156809,139.13234
67,127,湯河原,35.146087,139.102177
68,41,三河島,35.7331755,139.7784846
69,33,南千住,35.7331617,139.7989223
70,36,北千住,35.7496762,139.8053433
71,35,綾瀬,35.762315,139.824924
72,39,亀有,35.7665375,139.8475334
73,42,金町,35.769538,139.870476
74,45,松戸,35.7843004,139.9006607
75,49,北松戸,35.8005413,139.9117619
76,51,馬橋,35.81134000000001,139.917276
77,53,新松戸,35.8254725,139.920711
78,56,北小金,35.833227,139.930774
79,59,南柏,35.8446412,139.9541741
80,59,柏,35.8621498,139.9709172
81,64,北柏,35.8755954,139.9880873
82,64,我孫子,35.8727034,140.0107941
83,67,天王台,35.8725378,140.0409088
84,71,取手,35.8956987,140.0628753
85,74,藤代,35.9205553,140.1181431
86,76,龍ケ崎市,35.9300659,140.1382285
87,80,牛久,35.9756237,140.1410386
88,84,ひたち野うしく,36.007352,140.158247
89,87,荒川沖,36.0312941,140.1666344
90,92,土浦,36.078484,140.206212
91,103,神立,36.1204786,140.2485896
92,780,高浜,0.0,0.0
93,112,石岡,36.1909503,140.2802496
94,117,羽鳥,36.247523,140.2867541
95,122,岩間,36.2954645,140.2765219
96,127,友部,36.3504842,140.3060536
97,131,内原,36.3705866,140.3533065
98,136,赤塚,36.3819102,140.4151928
99,134,水戸,36.3707551,140.476308
100,140,勝田,36.3944787,140.5242313
101,165,佐和,36.4296464,140.5400125
102,147,東海,36.4654424,140.5659002
103,152,大甕,36.5128356,140.6194923
104,156,常陸多賀,36.5520816,140.632684
105,161,日立,36.590439,140.661847
106,189,小木津,36.6366565,140.6752323
107,193,十王,36.6713751,140.6859798
108,171,高萩,36.7144822,140.7170031
109,500,南中郷,36.7528116,140.7289449
110,504,磯原,36.7905022,140.746164
111,510,大津港,36.8467745,140.7780755
112,41,尻手,35.5311934,139.6844966
113,61,八丁畷,35.523005,139.691445
114,59,川崎新町,35.5182669,139.699176
115,69,小田栄,35.5147242,139.7047391
116,61,浜川崎,35.5102284,139.7138465
117,39,矢向,35.5389245,139.6804314
118,36,鹿島田,35.5512456,139.6751584
119,35,平間,35.5605559,139.6710844
120,33,向河原,35.5721934,139.6672787
121,22,武蔵小杉,35.5766335,139.659466
122,30,武蔵中原,35.5807143,139.642107
123,33,武蔵新城,35.58718,139.6298424
124,35,武蔵溝ノ口,35.5993971,139.6105195
125,38,津田山,35.6036047,139.6007276
126,40,久地,35.6106071,139.5925028
127,42,宿河原,35.6153801,139.5797295
128,36,登戸,35.6207662,139.5700976
129,44,中野島,35.6301215,139.5500898
130,47,稲田堤,35.6334204,139.5356629
131,48,矢野口,35.6417094,139.5204551
132,50,稲城長沼,35.644292,139.502568
133,53,南多摩,35.6492761,139.4899059
134,56,府中本町,35.6662815,139.4770873
135,50,分倍河原,35.6685677,139.46874
136,61,西府,35.6709726,139.4573727
137,63,谷保,35.68137,139.446738
138,61,矢川,35.685063,139.431572
139,59,西国立,35.693459,139.4242584
140,46,立川,35.6979144,139.4137408
141,41,大口,35.4921609,139.6461469
142,28,菊名,35.5099195,139.6313685
143,33,新横浜,35.5076585,139.6175553
144,44,小机,35.5085857,139.5998778
145,47,鴨居,35.5109924,139.5669896
146,50,中山,35.5148115,139.53935
147,53,十日市場,35.526222,139.516543
148,46,長津田,35.5319546,139.4943049
149,56,成瀬,35.5355157,139.4729137
150,46,町田,35.546656,139.4385568
151,58,古淵,35.555994,139.419189
152,61,淵野辺,35.5687398,139.3950611
153,63,矢部,35.5730965,139.3867762
154,65,相模原,35.5813315,139.3712564
155,64,橋本,35.5948639,139.3449224
156,76,相原,35.6069027,139.3316669
157,80,八王子みなみ野,35.631317,139.330972
158,79,片倉,35.6397424,139.3414569
159,74,八王子,35.6556157,139.3388529
160,19,西大井,35.60179189999999,139.7218021
161,28,新川崎,35.551696,139.671529
162,41,保土ケ谷,35.4467618,139.5996306
163,46,東戸塚,35.4305843,139.5567901
164,60,北鎌倉,35.3372266,139.5451937
165,64,鎌倉,35.3190647,139.5504119
166,69,逗子,35.2973885,139.5783805
167,93,東逗子,35.2986836,139.6010998
168,97,田浦,35.2928072,139.637459
169,106,横須賀,35.284198,139.654875
170,104,衣笠,35.2571472,139.6610915
171,92,久里浜,35.2331101,139.7013339
172,23,御茶ノ水,35.6997175,139.7644404
173,24,水道橋,35.7020484,139.7535016
174,36,飯田橋,35.7020837,139.7450232
175,19,市ケ谷,35.6910121,139.7355674
176,18,四ツ谷,35.6861525,139.7302183
177,16,信濃町,35.6800602,139.7203199
178,9,千駄ケ谷,35.6811956,139.7112808
179,18,大久保,0.0,0.0
180,18,東中野,35.7062478,139.6837613
181,23,中野,35.7054067,139.6658254
182,26,高円寺,35.7053457,139.6499291
183,28,阿佐ケ谷,35.7049247,139.6361231
184,27,荻窪,35.7045751,139.6200629
185,33,西荻窪,35.7036961,139.600182
186,31,吉祥寺,35.7031485,139.5798087
187,34,三鷹,35.7027156,139.5610291
188,37,武蔵境,35.7021388,139.5436578
189,39,東小金井,35.7015507,139.5239042
190,41,武蔵小金井,35.7011232,139.506912
191,45,国分寺,35.7002201,139.4802697
192,53,西国分寺,35.6998082,139.4657772
193,55,国立,35.69917300000001,139.446376
194,53,日野,35.6793641,139.3940577
195,55,豊田,35.6595199,139.3815002
196,63,西八王子,35.6565083,139.3124204
197,67,高尾,35.64222609999999,139.2818312
198,77,相模湖,35.6170681,139.1889685
199,81,藤野,35.616036,139.151349
200,51,西立川,35.7036031,139.3937133
201,53,東中神,35.7063467,139.3844948
202,54,中神,35.7090171,139.3758143
203,57,昭島,35.7135485,139.3609268
204,60,拝島,35.72113,139.3436514
205,66,牛浜,35.7346625,139.3335115
206,68,福生,35.7423642,139.3278649
207,71,羽村,35.7584547,139.3159445
208,74,小作,35.7763135,139.3019204
209,77,河辺,35.7844627,139.2847176
210,79,東青梅,35.7899423,139.2723871
211,82,青梅,35.7902971,139.2583877
212,101,宮ノ平,35.7873043,139.2368877
213,103,日向和田,35.788518,139.229557
214,105,石神前,35.796767,139.22528
215,108,二俣尾,35.803878,139.216197
216,110,軍畑,35.8075713,139.207614
217,112,沢井,35.8058773,139.1937693
218,115,御嶽,35.8013769,139.1827274
219,126,川井,35.813736,139.164256
220,129,古里,35.816291,139.151063
221,133,鳩ノ巣,35.8149406,139.128745
222,70,熊川,35.7284086,139.3354048
223,72,東秋留,35.7259108,139.3108079
224,76,秋川,35.728084,139.2866522
225,78,武蔵引田,35.72986119999999,139.2702242
226,81,武蔵増戸,35.7309423,139.2563073
227,86,武蔵五日市,35.732303,139.228337
228,67,北府中,35.6807728,139.4718419
229,64,新小平,35.7309094,139.4705899
230,58,新秋津,35.77811,139.493563
231,68,東所沢,35.794886,139.514477
232,65,新座,35.8036922,139.5564949
233,65,北朝霞,35.815469,139.58722
234,57,西浦和,35.8442783,139.6280249
235,48,武蔵浦和,35.84595729999999,139.6476293
236,58,南浦和,35.8473849,139.6695734
237,81,東浦和,35.8641332,139.7046531
238,63,東川口,35.8760773,139.7439577
239,68,南越谷,35.8760514,139.7911171
240,80,越谷レイクタウン,35.87621730000001,139.8221853
241,78,吉川,35.8765681,139.8435376
242,76,吉川美南,35.8680263,139.858445
243,74,新三郷,35.8586743,139.8693395
244,250,三郷,35.8448353,139.8868324
245,51,南流山,35.8382182,139.9037128
246,62,新八柱,35.7915688,139.937986
247,56,東松戸,35.769929,139.94297
248,57,市川大野,35.755403,139.951275
249,54,船橋法典,35.730267,139.96683
250,43,西船橋,35.7074443,139.9590775
251,74,北八王子,35.6693584,139.3633717
252,86,小宮,35.685518,139.3688694
253,66,東福生,35.7459195,139.3359822
254,70,箱根ケ崎,35.771662,139.346742
255,79,金子,35.810796,139.328604
256,85,東飯能,35.853014,139.32613
257,94,高麗川,35.8962482,139.3379637
258,106,毛呂,35.9407256,139.3093221
259,123,越生,35.9621646,139.2993754
260,116,明覚,36.0033412,139.2888535
261,25,小川町,36.0584173,139.2613431
262,115,竹沢,36.075486,139.2299346
263,161,折原,36.0962049,139.1952423
264,125,寄居,36.1178872,139.1945371
265,151,用土,36.1534903,139.2009318
266,148,松久,36.1729598,139.1821264
267,140,児玉,36.1925208,139.1359073
268,135,丹荘,36.2167652,139.1023958
269,130,群馬藤岡,36.2501593,139.0833239
270,125,北藤岡,36.2826529,139.0804668
271,126,倉賀野,36.3002847,139.0491638
272,102,高崎,36.3228267,139.0126623
273,42,羽沢横浜国大,35.48117,139.5860839
274,28,板橋,35.7454959,139.7197748
275,31,十条,35.760257,139.7222387
276,36,北赤羽,35.7866831,139.706194
277,38,浮間舟渡,35.7912024,139.6914026
278,41,戸田公園,35.8080807,139.6780402
279,43,戸田,35.8176661,139.6696195
280,45,北戸田,35.827581,139.660269
281,51,中浦和,35.8538,139.637353
282,53,南与野,35.8674942,139.6311953
283,55,与野本町,35.88088,139.62602
284,57,北与野,35.8907795,139.6286808
285,59,大宮,35.9064485,139.6238548
286,42,尾久,35.746768,139.7546
287,55,浦和,35.8587283,139.6573784
288,59,さいたま新都心,35.893795,139.633741
289,55,宮原,35.9402916,139.6095706
290,59,上尾,35.9735224,139.5888177
291,62,北上尾,35.985623,139.5771969
292,65,桶川,35.9987564,139.5640318
293,69,北本,36.0316056,139.5340041
294,73,鴻巣,36.0592413,139.5096429
295,77,北鴻巣,36.0854359,139.4770242
296,148,吹上,36.1032184,139.4531895
297,84,行田,36.11376490000001,139.432249
298,84,熊谷,36.1393899,139.3900334
299,94,籠原,36.1746675,139.330475
300,102,深谷,36.1914187,139.2813977
301,107,岡部,36.2057214,139.237512
302,112,本庄,36.2361639,139.1886112
303,116,神保原,36.2534636,139.1494065
304,778,新町,36.2731351,139.1055107
305,67,土呂,35.9318741,139.6321561
306,70,東大宮,35.9487549,139.6402863
307,73,蓮田,35.981286,139.653069
308,77,白岡,36.017588,139.667094
309,81,新白岡,36.0387413,139.6721114
310,84,久喜,36.0659584,139.6776327
311,87,東鷲宮,36.0894695,139.6791581
312,92,栗橋,36.1367718,139.6942492
313,99,古河,36.194597,139.709555
314,103,野木,36.2299543,139.7347184
315,108,間々田,36.2577575,139.7612428
316,85,小山,36.3131205,139.8063241
317,129,自治医大,36.3954111,139.8547291
318,304,石橋,36.4363234,139.8666152
319,140,雀宮,36.493823,139.8769105
320,97,宇都宮,36.5590234,139.8984511
321,222,岡本,34.7291136,135.2759736
322,122,宝積寺,36.6314759,139.9794978
323,128,氏家,36.6816315,139.9620967
324,132,蒲須坂,36.7207656,139.9504293
325,137,片岡,36.7545395,139.9455672
326,142,矢板,36.8066165,139.9329549
327,78,千葉,35.6129259,140.1134781
328,77,西千葉,35.622644,140.103295
329,74,稲毛,35.63717,140.09249
330,72,新検見川,35.651751,140.073325
331,69,幕張,35.6593754,140.0579636
332,67,幕張本郷,35.6727454,140.042304
333,64,津田沼,35.6912149,140.0204072
334,62,東船橋,35.6998137,140.0042979
335,59,船橋,35.7017357,139.9853815
336,54,下総中山,35.7143133,139.9430576
337,49,本八幡,35.7210914,139.9272341
338,49,市川,35.728821,139.908197
339,46,小岩,35.7333003,139.881958
340,43,新小岩,35.7174462,139.8586312
341,40,平井,35.7065625,139.8427227
342,38,亀戸,35.6973225,139.8265658
343,32,錦糸町,35.6967393,139.8144835
344,33,両国,35.6961328,139.7927196
345,26,浅草橋,35.6974952,139.7859834
346,29,新日本橋,35.6890164,139.774265
347,32,馬喰町,35.693752,139.7829511
348,16,八丁堀,35.6746248,139.7768846
349,27,越中島,35.6679621,139.7926487
350,30,潮見,35.6587316,139.8174046
351,26,新木場,35.6459065,139.8267917
352,36,葛西臨海公園,35.6444342,139.8615775
353,33,舞浜,35.6361543,139.8838749
354,36,新浦安,35.6495086,139.9125145
355,45,市川塩浜,35.6665779,139.9235242
356,54,二俣新町,35.6913568,139.959505
357,44,南船橋,35.6819092,139.9955789
358,60,新習志野,35.667386,140.012968
359,49,海浜幕張,35.6484764,140.0419868
360,53,検見川浜,35.637204,140.0592067
361,55,稲毛海岸,35.629503,140.073825
362,59,千葉みなと,35.606701,140.102768
363,63,蘇我,35.5814199,140.1311605
364,150,前橋,36.38332219999999,139.0731784
365,145,新前橋,36.3789167,139.0470967
366,93,井野,36.3572949,139.0229725
367,139,高崎問屋町,36.34606,139.0171158
368,92,本庄早稲田,36.2188017,139.1796831
369,118,上毛高原,36.6931867,138.9775421
370,110,安中榛名,36.3625265,138.8489835
371,109,那須塩原,36.931771,140.021192
372,8,表参道,35.6652511,139.7120921
373,12,外苑前,35.6706165,139.7180621
374,2,青山一丁目,35.6727759,139.7239663
375,29,赤坂見附,35.677067,139.7373586
376,17,溜池山王,35.6721312,139.7414004
377,12,虎ノ門,35.670129,139.7500733
378,10,銀座,35.67172790000001,139.7644425
379,195,京橋,34.6966897,135.5339121
380,206,日本橋,35.6821193,139.7747086
381,19,三越前,35.6871555,139.7735707
382,23,末広町,35.7028977,139.7716539
383,33,上野広小路,35.7078788,139.7729859
384,32,稲荷町,35.7113443,139.7826841
385,33,田原町,35.7098833,139.7907335
386,30,浅草,35.7107924,139.7977621
387,31,新大塚,35.7258009,139.7298975
388,29,茗荷谷,35.7173731,139.7367799
389,41,後楽園,35.7084859,139.7518216
390,32,本郷三丁目,35.70750659999999,139.760436
391,21,淡路町,35.69496,139.7674597
392,15,大手町,35.6853494,139.7632784
393,6,霞ケ関,35.6726028,139.7511763
394,12,国会議事堂前,35.67389590000001,139.7449634
395,20,四谷三丁目,35.6879318,139.7206307
396,22,新宿御苑前,35.6885809,139.7106837
397,14,新宿三丁目,35.6908823,139.7048821
398,24,西新宿,35.6943768,139.6928867
399,16,中野坂上,35.6970686,139.6821613
400,27,中野新橋,35.691958,139.673746
401,29,中野富士見町,35.6905196,139.6669336
402,32,方南町,35.6834707,139.6574453
403,25,新中野,35.6974924,139.6689374
404,27,東高円寺,35.698027,139.6579834
405,29,新高円寺,35.697845,139.64847
406,31,南阿佐ケ谷,35.699456,139.6355541
407,8,中目黒,35.6441631,139.6988444
408,3,広尾,35.6518505,139.722174
409,3,神谷町,35.6631176,139.7451826
410,4,虎ノ門ヒルズ,35.6677126,139.7479069
411,9,日比谷,35.6743573,139.7596196
412,12,東銀座,35.6697003,139.7671399
413,14,築地,35.6681139,139.7726249
414,17,茅場町,35.6799355,139.7801631
415,20,人形町,35.6863395,139.7823384
416,21,小伝馬町,35.6907124,139.7785074
417,25,仲御徒町,35.706635,139.7761787
418,29,入谷,35.7208778,139.7846947
419,31,三ノ輪,35.7296256,139.7913624
420,41,落合,35.7106227,139.6861327
421,58,早稲田,35.7058216,139.7212004
422,33,神楽坂,35.703869,139.7344316
423,15,九段下,35.6954816,139.7511544
424,26,竹橋,35.6902225,139.7582927
425,17,門前仲町,35.6720326,139.7956907
426,23,木場,35.6693678,139.8067878
427,25,東陽町,35.6696241,139.8177096
428,27,南砂町,35.6686978,139.8308161
429,30,西葛西,35.664577,139.8592032
430,32,葛西,35.6635395,139.8726529
431,36,浦安,35.6658833,139.8932558
432,39,南行徳,35.672716,139.902227
433,41,行徳,35.682604,139.914142
434,43,妙典,35.6914851,139.9248953
435,46,原木中山,35.7033579,139.9418925
436,25,代々木上原,35.6690026,139.6797332
437,23,代々木公園,35.6690987,139.6899634
438,20,明治神宮前,35.6690374,139.7042217
439,18,乃木坂,35.6668266,139.7264971
440,38,赤坂,35.6722117,139.73638
441,13,二重橋前,35.680665,139.7617446
442,17,新御茶ノ水,35.696932,139.7654321
443,19,湯島,35.7071802,139.7699414
444,21,根津,35.7173463,139.7657368
445,23,千駄木,35.725483,139.7632433
446,32,町屋,35.7427846,139.7809419
447,44,北綾瀬,35.7770135,139.8321012
448,23,辰巳,35.6457723,139.810347
449,21,豊洲,35.6537595,139.7954412
450,15,月島,35.663861,139.7840845
451,21,新富町,35.6705851,139.7735117
452,17,銀座一丁目,35.6743941,139.7669788
453,17,桜田門,35.6773322,139.7513691
454,10,永田町,35.6786011,139.7402861
455,21,麹町,35.6847194,139.7373252
456,28,江戸川橋,35.7097251,139.7329826
457,30,護国寺,35.7189737,139.7275081
458,32,東池袋,35.7260173,139.7189977
459,37,要町,35.733148,139.698492
460,39,千川,35.7382658,139.6893487
461,35,小竹向原,35.74334109999999,139.6795208
462,44,氷川台,35.7495622,139.6654662
463,69,平和台,35.7575611,139.6543279
464,49,地下鉄赤塚,35.769976,139.6440227
465,51,地下鉄成増,35.7766972,139.6311902
466,54,和光市,35.788363,139.6127811
467,12,半蔵門,35.6856667,139.7416475
468,16,神保町,35.6959319,139.7576272
469,26,水天宮前,35.68299,139.785153
470,20,清澄白河,35.6822525,139.7987778
471,218,住吉,35.6890128,139.8158219
472,34,押上,35.710332,139.8132971
473,17,白金台,35.63793450000001,139.7261466
474,14,白金高輪,35.6430963,139.7342256
475,2,麻布十番,35.6561336,139.7368813
476,12,六本木一丁目,35.6654626,139.7389911
477,31,東大前,35.71762349999999,139.7581202
478,33,本駒込,35.7246424,139.7537444
479,38,西ケ原,35.7459577,139.7422689
480,42,王子神谷,35.7654235,139.7356263
481,44,志茂,35.778324,139.7322949
482,46,赤羽岩淵,35.783504,139.721821
483,23,北参道,35.6783688,139.7055537
484,45,東新宿,35.6979303,139.7074092
485,30,西早稲田,35.7076468,139.7090048
486,32,雑司が谷,35.720199,139.7148445
487,38,新桜台,35.7412366,139.6688231
488,27,練馬,35.737841,139.653912
489,30,西武新宿,35.695363,139.7000521
490,31,下落合,35.71587410000001,139.6950191
491,19,中井,35.7150776,139.6871252
492,32,新井薬師前,35.71578950000001,139.6719543
493,34,沼袋,35.719315,139.6644193
494,35,野方,35.719738,139.6530016
495,37,都立家政,35.722366,139.644539
496,38,鷺ノ宮,35.7226237,139.638906
497,40,下井草,35.72387000000001,139.624693
498,42,井荻,35.724675,139.61561
499,45,上井草,35.725258,139.602945
500,47,上石神井,35.7262543,139.5921496
501,45,武蔵関,35.72761790000001,139.5763635
502,47,東伏見,35.7286904,139.5642362
503,49,西武柳沢,35.728637,139.5525518
504,51,田無,35.7273335,139.5394451
505,54,花小金井,35.726172,139.5132046
506,57,小平,35.7370711,139.4881602
507,60,久米川,35.7500258,139.472007
508,62,東村山,35.760471,139.46585
509,53,所沢,35.7866173,139.4732246
510,58,航空公園,35.798329,139.465592
511,60,新所沢,35.8068135,139.4560541
512,100,入曽,35.832435,139.427178
513,103,狭山市,35.8570712,139.4132333
514,106,新狭山,35.8739956,139.4334541
515,109,南大塚,35.8898055,139.4543388
516,68,本川越,35.915122,139.481892
517,40,椎名町,35.7264722,139.6949221
518,43,東長崎,35.7303273,139.6829125
519,32,江古田,35.737481,139.672744
520,39,桜台,35.738702,139.662384
521,37,中村橋,35.7367952,139.6376668
522,39,富士見台,35.7356895,139.629611
523,41,練馬高野台,35.7406329,139.6168772
524,43,石神井公園,35.7436447,139.6065548
525,45,大泉学園,35.7493601,139.5865462
526,47,保谷,35.7483557,139.5676
527,50,ひばりヶ丘,35.75142,139.545782
528,52,東久留米,35.76034509999999,139.5339486
529,55,清瀬,35.772096,139.5197762
530,50,秋津,35.7784973,139.4964877
531,58,西所沢,35.7892995,139.4560334
532,60,小手指,35.8005786,139.4380557
533,63,狭山ヶ丘,35.810382,139.417013
534,65,武蔵藤沢,35.820853,139.412763
535,68,稲荷山公園,35.844683,139.399402
536,70,入間市,35.8420017,139.3895814
537,78,仏子,35.837794,139.360155
538,80,元加治,35.84053919999999,139.3457582
539,83,飯能,35.851264,139.318769
540,92,高麗,35.88201,139.304408
541,99,武蔵横手,35.885141,139.2808447
542,103,東吾野,35.8921014,139.2606942
543,63,萩山,35.74048550000001,139.4774398
544,66,小川,35.7375059,139.4635625
545,69,東大和市,35.732891,139.434403
546,72,玉川上水,35.7318915,139.4183678
547,75,武蔵砂川,35.7289059,139.3922923
548,77,西武立川,35.7262968,139.3705432
549,73,西武球場前,35.7704984,139.4190427
550,75,西武園ゆうえんち,35.7690263,139.4401512
551,65,多摩湖,35.7661519,139.4426132
552,52,恋ヶ窪,35.711339,139.463902
553,54,鷹の台,35.7234,139.461022
554,51,新小金井,35.695926,139.526786
555,55,多磨,35.6766308,139.5170499
556,71,白糸台,35.6665179,139.5096129
557,60,競艇場前,35.6562249,139.4996999
558,62,是政,35.6563503,139.4888503
559,52,一橋学園,35.72206,139.480039
560,54,青梅街道,35.730976,139.476566
561,60,八坂,35.744863,139.467761
562,63,武蔵大和,35.756417,139.444263
563,70,西武園,35.767721,139.448901
564,35,豊島園,35.742056,139.64911
565,34,北池袋,35.7406552,139.7166436
566,36,下板橋,35.7457094,139.7148162
567,38,大山,35.7485637,139.7022837
568,40,中板橋,35.75560189999999,139.6954142
569,592,ときわ台,35.7587403,139.6895284
570,37,上板橋,35.7635268,139.6764216
571,57,東武練馬,35.7686261,139.6617156
572,54,下赤塚,35.770476,139.644884
573,57,成増,35.7775982,139.6329467
574,59,朝霞,35.7971136,139.6001932
575,62,朝霞台,35.814553,139.587081
576,64,志木,35.822163,139.575249
577,68,柳瀬川,35.830495,139.562555
578,70,みずほ台,35.8382458,139.5508554
579,72,鶴瀬,35.8458048,139.5395148
580,74,ふじみ野,35.8608216,139.5231273
581,77,上福岡,35.8738668,139.5117306
582,79,新河岸,35.8914814,139.4968579
583,82,川越,35.9071163,139.4824443
584,84,川越市,35.9141008,139.4771758
585,6,霞ヶ関,35.6726028,139.7511763
586,91,鶴ヶ島,35.9369399,139.423724
587,93,若葉,35.949105,139.40873
588,95,坂戸,35.95708,139.3939536
589,99,北坂戸,35.972198,139.3968355
590,102,高坂,36.0026601,139.3976086
591,106,東松山,36.0348165,139.4016153
592,109,森林公園,36.0452287,139.3749651
593,88,つきのわ,36.0434584,139.3453047
594,90,武蔵嵐山,36.0444052,139.3277256
595,103,東武竹沢,36.0753652,139.237683
596,106,みなみ寄居,36.0924565,139.2362667
597,109,男衾,36.1075258,139.2341561
598,112,鉢形,36.1138541,139.2092523
599,115,玉淀,36.1169805,139.2001577
600,48,とうきょうスカイツリー,35.7095445,139.8090493
601,38,曳舟,35.7183941,139.8167618
602,49,東向島,35.7245871,139.8192932
603,47,鐘ヶ淵,35.7334267,139.8200022
604,45,堀切,35.7429583,139.817731
605,695,牛田,35.744385,139.811289
606,39,小菅,35.7587165,139.8126622
607,41,五反野,35.7660319,139.8093604
608,43,梅島,35.7723647,139.7980149
609,46,西新井,35.777174,139.790427
610,49,竹ノ塚,35.7943929,139.7907537
611,52,谷塚,35.814215,139.801345
612,55,草加,35.8283858,139.8035406
613,58,獨協大学前,35.8432776,139.8006731
614,60,新田,35.8541228,139.7954309
615,62,蒲生,35.8670178,139.7916685
616,64,新越谷,35.8756114,139.789783
617,67,越谷,35.8881369,139.786019
618,69,北越谷,35.9018879,139.7799319
619,75,大袋,35.9241674,139.7779287
620,77,せんげん台,35.9357906,139.7745324
621,79,武里,35.949086,139.770572
622,80,一ノ割,35.9641641,139.7663049
623,84,春日部,35.979918,139.7526206
624,87,北春日部,35.9906501,139.7440323
625,90,姫宮,36.0041819,139.7388462
626,93,東武動物公園,36.02495,139.7267
627,81,和戸,36.040236,139.7006313
628,90,鷲宮,36.0964925,139.656809
629,93,花崎,36.1099253,139.6335233
630,97,加須,36.1229977,139.5956913
631,102,南羽生,36.1500028,139.5562135
632,110,川俣,36.2089233,139.5265149
633,112,茂林寺前,36.225585,139.5271503
634,116,館林,36.2459941,139.5282023
635,118,多々良,36.273402,139.5005477
636,124,県,36.2909128,139.471762
637,128,福居,36.305327,139.458404
638,130,東武和泉,36.3150871,139.455282
639,121,足利市,36.329463,139.448128
640,136,野州山辺,36.3263618,139.4320065
641,139,韮川,36.307907,139.401682
642,129,太田,36.2941368,139.3785178
643,148,細谷,36.2825228,139.3485118
644,152,木崎,36.2711387,139.3124919
645,156,世良田,36.2729799,139.2812257
646,159,境町,36.2770432,139.2565776
647,163,剛志,36.2955101,139.2241021
648,160,新伊勢崎,36.3180322,139.2017655
649,149,伊勢崎,36.3269062,139.1938954
650,60,小村井,35.7101364,139.8280191
651,45,東あずま,35.7070922,139.831884
652,43,亀戸水神,35.7002625,139.8336793
653,53,大師前,35.7788779,139.7816241
654,14,代官山,35.6480919,139.703148
655,12,祐天寺,35.6374425,139.6909485
656,12,学芸大学,35.6288624,139.6853301
657,16,都立大学,35.6177525,139.6763956
658,15,自由が丘,35.6072728,139.6686661
659,18,田園調布,35.5968481,139.6673415
660,19,多摩川,35.589497,139.6687779
661,31,新丸子,35.5805941,139.6619306
662,33,元住吉,35.5643213,139.6540395
663,25,日吉,35.553449,139.6470623
664,28,綱島,35.5367529,139.6348167
665,40,大倉山,35.5218361,139.6298577
666,47,妙蓮寺,35.4984086,139.6331408
667,49,白楽,35.4897067,139.6279197
668,50,東白楽,35.4832623,139.6294695
669,52,反町,35.4746702,139.6252473
670,15,池尻大橋,35.6506294,139.6845797
671,17,三軒茶屋,35.6436399,139.6713265
672,19,駒沢大学,35.6332937,139.6613891
673,22,桜新町,35.6318735,139.6450254
674,24,用賀,35.6263427,139.6338175
675,27,二子玉川,35.61157180000001,139.6265863
676,29,二子新地,35.60695750000001,139.6224949
677,658,高津,35.6032996,139.6172539
678,32,溝の口,35.5999649,139.6106234
679,34,梶が谷,35.5937453,139.6056828
680,36,宮崎台,35.5872174,139.5912012
681,37,宮前平,35.5849594,139.5820475
682,39,鷺沼,35.5797753,139.573327
683,37,たまプラーザ,35.5774058,139.5585278
684,39,あざみ野,35.5685796,139.5534552
685,51,江田,35.5586471,139.5515112
686,53,市が尾,35.5514428,139.5413635
687,55,藤が丘,35.5434959,139.5278557
688,43,青葉台,35.5432506,139.5172181
689,59,田奈,35.5358875,139.5045162
690,65,つくし野,35.5276343,139.4851046
691,67,すずかけ台,35.5169205,139.4814272
692,50,南町田グランベリーパーク,35.5114471,139.4706636
693,70,つきみ野,35.5103418,139.458048
694,53,中央林間,35.5080279,139.4441058
695,32,大崎広小路,35.6226336,139.7226662
696,32,戸越銀座,35.6159746,139.7150258
697,42,荏原中延,35.6099618,139.7119604
698,44,旗の台,35.6048821,139.7027206
699,45,長原,35.6022186,139.6979694
700,47,洗足池,35.5999476,139.6914069
701,48,石川台,35.5969326,139.6852664
702,50,雪が谷大塚,35.5919356,139.6810018
703,52,御嶽山,35.5852756,139.682388
704,53,久が原,35.5798491,139.685354
705,55,千鳥町,35.5729995,139.6914155
706,57,池上,35.5720944,139.7029729
707,58,蓮沼,35.5641984,139.7084797
708,22,不動前,35.6257683,139.713569
709,24,武蔵小山,35.6205185,139.7044048
710,26,西小山,35.6156922,139.6988653
711,28,洗足,35.6104126,139.6944011
712,30,大岡山,35.607486,139.685643
713,32,奥沢,35.6039879,139.6722637
714,27,沼部,35.58282630000001,139.6730957
715,29,鵜の木,35.5754987,139.6806138
716,31,下丸子,35.5712152,139.6858078
717,32,武蔵新田,35.5679766,139.6922031
718,34,矢口渡,35.5625586,139.7002623
719,30,下神明,35.6087973,139.7262243
720,29,戸越公園,35.6089128,139.718384
721,28,中延,35.6058183,139.7127554
722,26,荏原町,35.6038632,139.707503
723,23,北千束,35.6064301,139.6929472
724,20,緑が丘,0.0,0.0
725,21,九品仏,35.6053587,139.6614803
726,23,尾山台,35.6069669,139.6538896
727,58,等々力,35.6083487,139.648072
728,26,上野毛,35.6119618,139.6389246
729,29,西太子堂,35.6445185,139.6663315
730,179,若林,35.0266238,137.0968776
731,57,松陰神社前,35.6440032,139.655263
732,59,世田谷,35.6434634,139.6507137
733,59,上町,35.6433787,139.6467074
734,38,宮の坂,35.6478292,139.6449316
735,576,山下,35.6539428,139.6465895
736,822,松原,35.66011710000001,139.6419699
737,28,下高井戸,35.6661402,139.6414073
738,32,西馬込,35.5868252,139.7059056
739,30,馬込,35.5963863,139.7118295
740,26,戸越,35.6145248,139.7163324
741,22,高輪台,35.6318285,139.7305368
742,24,泉岳寺,35.6386442,139.7399771
743,231,三田,35.6476602,139.7486572
744,6,大門,35.6567191,139.7555724
745,16,宝町,35.6756198,139.7721084
746,25,東日本橋,35.69215519999999,139.7848473
747,26,蔵前,35.703782,139.791563
748,32,本所吾妻橋,35.7085984,139.8045672
749,21,芝公園,35.6539326,139.7498313
750,15,御成門,35.6605129,139.7512247
751,22,内幸町,35.6693954,139.7553294
752,34,春日,35.70988,139.7531448
753,714,白山,35.72123029999999,139.7521623
754,30,千石,35.7278755,139.7448665
755,34,西巣鴨,35.7436944,139.7285589
756,36,新板橋,35.7488113,139.7201652
757,38,板橋区役所前,35.7515914,139.7097176
758,40,板橋本町,35.7612601,139.7055333
759,42,本蓮沼,35.7685159,139.70247
760,44,志村坂上,35.7757692,139.6953874
761,45,志村三丁目,35.7774805,139.6858707
762,48,蓮根,35.7841976,139.6790192
763,50,西台,35.7870582,139.6727974
764,52,高島平,35.788919,139.661271
765,53,新高島平,35.7902275,139.6542777
766,55,西高島平,35.7918903,139.6458828
767,16,曙橋,35.6923758,139.7226303
768,30,岩本町,35.6955713,139.7751813
769,28,馬喰横山,35.691857,139.7831068
770,29,浜町,35.68840369999999,139.7877372
771,22,森下,35.6880172,139.7982074
772,28,菊川,35.6883785,139.8061234
773,32,西大島,35.689371,139.826351
774,597,大島,35.6897665,139.834755
775,36,東大島,35.689932,139.8475291
776,38,船堀,35.6838551,139.8641384
777,41,一之江,35.685936,139.882978
778,43,瑞江,35.69332,139.8977053
779,49,篠崎,35.7059504,139.9039271
780,26,新宿西口,35.6932917,139.6991323
781,42,若松河田,35.699236,139.7180749
782,41,牛込柳町,35.699462,139.7255394
783,39,牛込神楽坂,35.7008576,139.7358743
784,30,上野御徒町,35.7075185,139.7748564
785,28,新御徒町,35.7069936,139.7819408
786,13,勝どき,35.6589787,139.7771494
787,11,築地市場,35.6648801,139.7668777
788,8,汐留,35.6628989,139.7599699
789,3,赤羽橋,35.6549848,139.7440021
790,4,国立競技場,35.6801659,139.7137789
791,11,都庁前,35.6905696,139.6926607
792,13,西新宿五丁目,35.689875,139.6845503
793,22,落合南長崎,35.7234039,139.6834785
794,24,新江古田,35.732592,139.670439
795,31,練馬春日町,35.7514626,139.6401514
796,33,光が丘,35.7585093,139.6289329
797,97,面影橋,35.7130162,139.7142544
798,37,学習院下,35.716345,139.7125191
799,36,鬼子母神前,35.7200509,139.7146731
800,92,都電雑司ヶ谷,35.7241592,139.717881
801,36,東池袋四丁目,35.7252827,139.7201591
802,914,向原,34.615053,132.720031
803,35,大塚駅前,35.7317124,139.7285029
804,82,巣鴨新田,35.7355412,139.7277437
805,81,庚申塚,35.7396241,139.729754
806,42,新庚申塚,35.7415497,139.7306585
807,77,西ヶ原四丁目,35.7444259,139.732773
808,76,滝野川一丁目,35.7472737,139.7354215
809,75,飛鳥山,35.7501674,139.7373831
810,43,王子駅前,35.7528359,139.7381972
811,82,栄町,0.0,0.0
812,66,梶原,35.7510889,139.7478397
813,62,荒川車庫前,35.7508582,139.7527811
814,61,荒川遊園地前,35.7506878,139.7579215
815,59,小台,35.7505224,139.7615855
816,58,宮ノ前,35.7500408,139.7652709
817,54,熊野前,35.7485267,139.7698487
818,53,東尾久三丁目,35.7457854,139.7736639
819,52,町屋二丁目,35.7437753,139.7767778
820,32,町屋駅前,35.7427846,139.7809419
821,47,荒川七丁目,35.7419474,139.7841433
822,46,荒川二丁目,35.7387093,139.7846616
823,42,荒川区役所前,35.7349357,139.7864979
824,41,荒川一中前,35.7336766,139.7889264
825,37,三ノ輪橋,35.7321051,139.7916155
826,37,赤土小学校前,35.7428713,139.769041
827,40,足立小台,35.7546201,139.7704015
828,42,扇大橋,35.763891,139.7708649
829,561,高野,35.7684126,139.7707005
830,71,江北,33.2193926,130.160758
831,78,西新井大師西,35.781478,139.770095
832,48,谷在家,35.788783,139.770039
833,50,舎人公園,35.7963917,139.77023
834,52,舎人,35.8056258,139.77023
835,72,見沼代親水公園,35.814558,139.770732
836,30,神泉,35.6572704,139.6936227
837,32,駒場東大前,35.6586634,139.6844907
838,33,池ノ上,35.660462,139.6730494
839,30,下北沢,35.6615848,139.6668918
840,37,新代田,35.6625779,139.66052
841,38,東松原,35.662658,139.6555128
842,27,明大前,35.6684407,139.6504908
843,36,永福町,35.676272,139.6426236
844,46,西永福,35.6786872,139.6355635
845,48,浜田山,35.681636,139.6275022
846,50,高井戸,35.683263,139.615195
847,52,富士見ヶ丘,35.6847865,139.6072018
848,42,久我山,35.688151,139.599308
849,56,三鷹台,35.692235,139.58892
850,58,井の頭公園,35.6974902,139.5827401
851,65,東府中,35.6689181,139.4950907
852,74,府中競馬正門前,35.6681728,139.4846773
853,18,初台,35.6809863,139.6861815
854,19,幡ヶ谷,35.6770576,139.6761859
855,21,笹塚,35.673654,139.667136
856,25,代田橋,35.671071,139.659387
857,30,桜上水,35.6675857,139.6319134
858,35,上北沢,35.6688641,139.6233742
859,33,八幡山,35.6698304,139.6161352
860,38,芦花公園,35.670542,139.608224
861,30,千歳烏山,35.6682326,139.6011482
862,42,仙川,35.66230360000001,139.5849083
863,33,つつじヶ丘,35.6581118,139.5753087
864,51,柴崎,35.6541654,139.5667501
865,52,国領,35.6501355,139.5583464
866,54,布田,35.64984990000001,139.5518261
867,37,調布,35.651788,139.5447823
868,59,西調布,35.6570844,139.5300797
869,60,飛田給,35.6600815,139.5235242
870,62,武蔵野台,35.6641996,139.5110719
871,63,多磨霊園,35.6660926,139.5030064
872,560,府中,35.67243089999999,139.4801784
873,75,中河原,35.6596161,139.4578874
874,53,聖蹟桜ヶ丘,35.6508336,139.4472254
875,80,百草園,35.657372,139.431351
876,57,高幡不動,35.6621387,139.4132073
877,86,南平,35.65462,139.391944
878,88,平山城址公園,35.6473373,139.3799404
879,102,長沼,35.6428043,139.3660475
880,63,北野,35.6443991,139.3544968
881,65,京王八王子,35.6579325,139.3430318
882,64,多摩動物公園,35.6486261,139.4037523
883,81,京王多摩川,35.644376,139.536537
884,41,京王稲田堤,35.6337511,139.5312067
885,85,京王よみうりランド,35.633044,139.517761
886,87,稲城,35.6362285,139.5003665
887,48,京王永山,35.6302365,139.4482672
888,51,京王多摩センター,35.6252662,139.4244263
889,70,京王堀之内,35.62443,139.400299
890,60,南大沢,35.6141774,139.3800458
891,75,多摩境,35.601904,139.367303
892,67,京王片倉,35.6443985,139.3373021
893,212,山田,34.8044545,135.5156721
894,70,めじろ台,35.6434197,139.3077388
895,72,狭間,35.640565,139.293641
896,77,高尾山口,35.6324936,139.269922
897,43,青砥,35.7456437,139.8561328
898,41,京成立石,35.7382817,139.8486384
899,39,四ツ木,35.7318394,139.8349402
900,38,八広,35.7272484,139.8283594
901,36,京成曳舟,35.718101,139.8196323
902,45,京成高砂,35.7509628,139.8675536
903,52,柴又,35.75670780000001,139.875498
904,45,京成金町,35.7685695,139.8704944
905,35,京成上野,35.711208,139.773542
906,45,新三河島,35.7371879,139.7739183
907,48,千住大橋,35.742372,139.797261
908,46,京成関屋,35.7439417,139.8118024
909,56,堀切菖蒲園,35.747622,139.827536
910,58,お花茶屋,35.7475917,139.8401103
911,46,京成小岩,35.7420784,139.8839119
912,66,江戸川,35.7376627,139.8960845
913,67,国府台,35.7364267,139.9027779
914,69,市川真間,35.7314197,139.9115382
915,71,菅野,35.7282163,139.9195717
916,49,京成八幡,35.723822,139.928167
917,74,鬼越,35.72004039999999,139.9372273
918,75,京成中山,35.7167479,139.944867
919,54,東中山,35.71442589999999,139.9528869
920,53,京成西船,35.7115501,139.9589401
921,83,海神,35.7058516,139.9720732
922,65,京成船橋,35.7001512,139.9854356
923,92,大神宮下,35.69407,139.991392
924,61,船橋競馬場,35.6896128,139.9981661
925,65,谷津,35.68530880000001,140.0075816
926,64,京成津田沼,35.683195,140.0241953
927,68,京成大久保,35.6858988,140.0487691
928,71,実籾,35.686858,140.06824
929,73,八千代台,35.701385,140.090766
930,76,京成大和田,35.7122694,140.1086088
931,73,勝田台,35.7154771,140.1259566
932,80,志津,35.7174685,140.1450103
933,82,ユーカリが丘,35.7217699,140.1563228
934,84,京成臼井,35.7299197,140.1807494
935,90,京成佐倉,35.725188,140.22972
936,110,大佐倉,35.7301384,140.251069
937,112,京成酒々井,35.7367315,140.2700156
938,115,宗吾参道,35.7526148,140.2809955
939,98,公津の杜,35.7603501,140.2948618
940,107,京成成田,35.7767266,140.3156532
941,113,東成田,35.7700782,140.3871955
942,81,空港第２ビル,35.7731182,140.3871838
943,85,成田空港,35.7648331,140.3860192
944,34,北品川,35.622041,139.7392953
945,35,新馬場,35.616516,139.7414667
946,26,青物横丁,35.6092793,139.7429839
947,38,鮫洲,35.6050378,139.742288
948,28,立会川,35.59847,139.738938
949,44,大森海岸,35.58769960000001,139.7354656
950,31,平和島,35.5787778,139.7349051
951,51,大森町,35.5724704,139.7320923
952,52,梅屋敷,35.5668067,139.728246
953,34,京急蒲田,35.5613144,139.724151
954,55,雑色,35.5494967,139.714922
955,57,六郷土手,35.540531,139.707582
956,47,京急川崎,35.5329877,139.7008715
957,62,鶴見市場,35.517842,139.6866381
958,46,京急鶴見,35.5073064,139.6779355
959,73,花月総持寺,35.500456,139.6729925
960,74,生麦,35.4953221,139.6669431
961,49,京急新子安,35.487097,139.6554621
962,77,子安,35.4845915,139.6450063
963,41,神奈川新町,35.4808858,139.6396221
964,52,京急東神奈川,35.4772739,139.6343656
965,43,神奈川,35.4710145,139.6271196
966,42,戸部,35.4566877,139.6195624
967,89,日ノ出町,35.4455459,139.6267666
968,46,黄金町,35.43970700000001,139.62251
969,48,南太田,35.4370778,139.6141561
970,50,井土ヶ谷,35.433874,139.600512
971,59,弘明寺,35.4243856,139.5968031
972,55,上大岡,35.4091218,139.5966291
973,108,屏風浦,35.39412900000001,139.61043
974,80,杉田,35.3835612,139.615876
975,112,京急富岡,35.366688,139.629735
976,114,能見台,35.3608848,139.629443
977,63,金沢文庫,35.342926,139.6216477
978,67,金沢八景,35.3312442,139.6202471
979,70,追浜,35.315638,139.624904
980,131,京急田浦,35.300909,139.6255342
981,78,安針塚,35.2867587,139.6429974
982,79,逸見,35.2806888,139.65283
983,76,汐入,35.280282,139.662485
984,78,横須賀中央,35.278699,139.67004
985,85,県立大学,35.2702997,139.676624
986,81,堀ノ内,35.2635239,139.686708
987,147,京急大津,35.2607699,139.6962995
988,148,馬堀海岸,35.259535,139.708038
989,150,浦賀,35.251731,139.715176
990,36,糀谷,35.5547524,139.7294866
991,38,大鳥居,35.552281,139.740162
992,40,穴守稲荷,35.5504391,139.746748
993,37,天空橋,35.548032,139.754661
994,35,羽田空港第３ターミナル,35.5446472,139.7677877
995,45,羽田空港第１・第２ターミナル,35.5499709,139.786427
996,21,南新宿,35.6836894,139.6989165
997,22,参宮橋,35.6786577,139.6935182
998,24,代々木八幡,35.6695502,139.6886476
999,28,東北沢,35.6654689,139.673059
1000,31,世田谷代田,35.6582291,139.6613023
1001,33,梅ヶ丘,35.6559198,139.6535836
1002,34,豪徳寺,35.6536518,139.6474222
1003,36,経堂,35.651208,139.6368059
1004,40,千歳船橋,35.647502,139.6238843
1005,42,祖師ヶ谷大蔵,35.6433164,139.6095789
1006,37,成城学園前,35.640128,139.599087
1007,46,喜多見,35.636684,139.587422
1008,48,狛江,35.6323896,139.577638
1009,49,和泉多摩川,35.6272844,139.5737096
1010,44,向ヶ丘遊園,35.6171694,139.5645675
1011,57,生田,35.6150136,139.5422351
1012,58,読売ランド前,35.6147668,139.5279379
1013,60,百合ヶ丘,35.608963,139.515901
1014,43,新百合ヶ丘,35.60344,139.5077543
1015,67,柿生,35.5898073,139.4979307
1016,70,鶴川,35.5831257,139.4813915
1017,73,玉川学園前,35.563495,139.463408
1018,56,相模大野,35.5324566,139.4381701
1019,57,五月台,35.6001505,139.4936716
1020,59,栗平,35.6059323,139.4810111
1021,62,はるひ野,35.6188249,139.4646427
1022,50,小田急永山,35.629931,139.4480172
1023,53,小田急多摩センター,35.625066,139.4245312
1024,69,唐木田,35.616626,139.411771
1025,57,多摩センター,35.623931,139.422853
1026,61,松が谷,35.6318078,139.42213
1027,63,大塚・帝京大学,35.6368975,139.4165036
1028,65,中央大学・明星大学,35.6419553,139.4085967
1029,63,程久保,35.6552969,139.4108225
1030,59,万願寺,35.671203,139.420046
1031,56,甲州街道,35.6783134,139.4094353
1032,54,柴崎体育館,35.6897342,139.4093141
1033,50,立川南,35.69614180000001,139.4126105
1034,50,立川北,35.69950559999999,139.4124342
1035,667,高松,34.3508968,134.0467094
1036,61,立飛,35.7143864,139.4171489
1037,63,泉体育館,35.7188242,139.4195487
1038,64,砂川七番,35.723392,139.418127
1039,68,桜街道,35.738918,139.416682
1040,70,上北台,35.7459673,139.4158115
1041,339,東雲,35.6407226,139.8036715
1042,33,国際展示場,35.63451250000001,139.7916346
1043,31,東京テレポート,35.627235,139.7787204
1044,26,天王洲アイル,35.6204405,139.7508021
1045,25,品川シーサイド,35.609715,139.749688
1046,48,新柴又,35.75114689999999,139.8794192
1047,50,矢切,35.75729,139.899752
1048,52,北国分,35.762929,139.913889
1049,54,秋山,35.765484,139.93111
1050,58,松飛台,35.775317,139.957607
1051,60,大町,34.461454,132.470836
1052,62,新鎌ケ谷,35.7791005,140.0020847
1053,68,西白井,35.784402,140.031767
1054,70,白井,35.78470799999999,140.05421
1055,72,小室,35.787014,140.076013
1056,75,千葉ニュータウン中央,35.8001328,140.1162738
1057,80,印西牧の原,35.8036433,140.1669324
1058,81,印旛日本医大,35.787711,140.203364
1059,25,大井競馬場前,35.5956475,139.7469415
1060,27,流通センター,35.581445,139.74916
1061,33,昭和島,35.570682,139.7498986
1062,31,整備場,35.5551801,139.7534099
1063,38,新整備場,35.5428648,139.7872944
1064,44,羽田空港第１ターミナル,35.5491383,139.7847121
1065,45,羽田空港第２ターミナル,35.55070020000001,139.7879961
1066,19,竹芝,35.65396670000001,139.761914
1067,21,日の出,35.6491608,139.7590728
1068,23,芝浦ふ頭,35.6419362,139.7577675
1069,29,お台場海浜公園,35.6299085,139.7788077
1070,34,テレコムセンター,35.6175526,139.7794062
1071,36,青海,35.6246724,139.7811611
1072,38,東京ビッグサイト,35.630275,139.7914821
1073,40,有明,35.6345805,139.79329
1074,41,有明テニスの森,35.6400414,139.7888454
1075,28,新豊洲,35.6487318,139.7901697
1076,50,川口元郷,35.800392,139.730209
1077,53,南鳩ヶ谷,35.8162585,139.7361382
1078,55,鳩ヶ谷,35.8309104,139.7360684
1079,57,新井宿,35.842748,139.737956
1080,61,戸塚安行,35.8590492,139.7537087
1081,66,浦和美園,35.893687,139.727872
1082,43,青井,35.772368,139.8203769
1083,45,六町,35.7848987,139.8216325
1084,49,八潮,35.8078355,139.8448262
1085,53,三郷中央,35.824115,139.878056
1086,62,流山セントラルパーク,35.8544168,139.9152127
1087,55,流山おおたかの森,35.8719046,139.9252409
1088,63,柏の葉キャンパス,35.893248,139.952603
1089,70,柏たなか,35.910947,139.957486
1090,62,守谷,35.9506698,139.9922675
1091,73,みらい平,35.9945054,140.0382828
1092,77,みどりの,36.0299062,140.0561934
1093,499,万博記念公園,0.0,0.0
1094,83,研究学園,36.082114,140.08237
1095,75,つくば,36.0821307,140.1114102
1096,75,成田湯川,35.7995708,140.2911972
1097,56,恩田,35.5456004,139.4921258
1098,59,こどもの国,0.0,0.0
1099,50,国道,35.5008127,139.6756975
1100,52,鶴見小野,35.497344,139.6809751
1101,54,弁天橋,35.4959232,139.6897811
1102,56,浅野,35.4975914,139.6956404
1103,56,新芝浦,35.4918977,139.7001403
1104,57,安善,35.4998135,139.7012787
1105,58,大川,35.4955801,139.7110847
1106,59,武蔵白石,35.5018412,139.7064449
1107,70,昭和,35.5065319,139.7240616
1108,204,扇町,34.7037154,135.5108915
1109,123,谷峨,35.3655541,139.0385285
1110,114,山北,35.3609955,139.0799411
1111,110,東山北,35.3572024,139.1081397
1112,101,松田,35.346822,139.1375478
1113,116,相模金子,35.3338672,139.1504616
1114,107,上大井,35.3223391,139.1632941
1115,103,下曽我,35.3038915,139.1833416
1116,87,北茅ケ崎,35.3390845,139.4076111
1117,90,香川,35.3564832,139.399819
1118,92,寒川,35.3676414,139.3874495
1119,93,宮山,35.3822738,139.3797415
1120,90,倉見,35.39495280000001,139.3785732
1121,87,門沢橋,35.4065625,139.3801704
1122,85,社家,35.4207597,139.3774321
1123,62,厚木,35.4433795,139.3784274
1124,57,海老名,35.4525691,139.3909752
1125,85,相武台下,35.492778,139.386306
1126,89,下溝,35.5181537,139.3804993
1127,91,原当麻,35.5292125,139.3751572
1128,94,番田,35.5453633,139.362987
1129,79,上溝,35.5577463,139.3631973
1130,75,南橋本,35.5801949,139.352503
1131,46,港町,35.5349,139.712567
1132,48,鈴木町,35.5353076,139.7202714
1133,49,川崎大師,35.535681,139.7261452
1134,50,東門前,35.5367374,139.734725
1135,52,大師橋,35.5367,139.7408592
1136,53,小島新田,35.5348941,139.7475512
1137,68,六浦,35.322581,139.611259
1138,71,神武寺,35.306277,139.592879
1139,76,逗子・葉山,35.2959336,139.5811992
1140,82,新大津,35.2566243,139.689901
1141,84,北久里浜,35.249091,139.686346
1142,87,京急久里浜,35.2315701,139.7022359
1143,90,ＹＲＰ野比,35.212568,139.685264
1144,92,京急長沢,35.2055645,139.6741823
1145,94,津久井浜,35.1986888,139.6657369
1146,96,三浦海岸,35.1880928,139.6533044
1147,99,三崎口,35.178209,139.633353
1148,87,小田急相模原,35.5151912,139.4226534
1149,90,相武台前,35.4991495,139.4084055
1150,60,座間,35.480919,139.399888
1151,62,本厚木,35.4394083,139.3644221
1152,72,愛甲石田,35.417605,139.3439017
1153,75,伊勢原,35.3960371,139.3135935
1154,81,鶴巻温泉,35.3811517,139.2778559
1155,83,東海大学前,35.372872,139.270904
1156,87,秦野,35.3702076,139.2257829
1157,91,渋沢,35.3741686,139.1845616
1158,98,新松田,35.344594,139.139444
1159,100,開成,35.3263161,139.1358975
1160,87,栢山,35.310626,139.142584
1161,85,富水,35.2962144,139.1455158
1162,84,螢田,35.2850544,139.1519914
1163,81,足柄,35.2721651,139.1545376
1164,63,東林間,35.52051489999999,139.4389007
1165,67,南林間,35.4957294,139.447992
1166,69,鶴間,35.4902148,139.4508226
1167,65,大和,35.4698305,139.4614634
1168,73,桜ヶ丘,35.4505747,139.4657593
1169,75,高座渋谷,35.4321788,139.464706
1170,76,長後,35.4125215,139.4654723
1171,72,湘南台,35.3963123,139.4664926
1172,77,六会日大前,35.38350399999999,139.4708432
1173,75,善行,35.36224,139.473304
1174,73,藤沢本町,35.3479933,139.4762733
1175,71,本鵠沼,35.3307868,139.4748692
1176,73,鵠沼海岸,35.3207914,139.4710712
1177,75,片瀬江ノ島,35.3087721,139.4834867
1178,47,平沼橋,35.4595591,139.6162066
1179,49,西横浜,35.4534061,139.608495
1180,51,天王町,35.4539572,139.6028281
1181,48,星川,35.458881,139.5947656
1182,52,和田町,35.4635684,139.5868889
1183,51,上星川,35.467286,139.580429
1184,46,西谷,35.4780848,139.5656182
1185,49,鶴ケ峰,35.4749169,139.5492277
1186,52,二俣川,35.4635766,139.5323099
1187,55,希望ケ丘,35.4604235,139.5141563
1188,57,三ツ境,35.4677563,139.5027413
1189,60,瀬谷,35.47031390000001,139.4824961
1190,69,相模大塚,35.470563,139.4408415
1191,71,さがみ野,35.4715394,139.4285244
1192,73,かしわ台,35.4666958,139.4151649
1193,59,南万騎が原,35.45253599999999,139.526351
1194,61,緑園都市,35.4395193,139.5219504
1195,63,弥生台,35.4299397,139.5064623
1196,65,いずみ野,35.429455,139.494993
1197,68,いずみ中央,35.4152459,139.4872587
1198,70,ゆめが丘,35.4056754,139.4824202
1199,418,中川,35.5629773,139.5697136
1200,43,センター北,35.553138,139.578482
1201,45,センター南,35.5455828,139.5745099
1202,55,仲町台,35.5353086,139.5896081
1203,50,新羽,35.527475,139.612119
1204,59,北新横浜,35.519226,139.612813
1205,56,岸根公園,35.4965468,139.6171984
1206,54,片倉町,35.489951,139.6064261
1207,51,三ツ沢上町,35.4764874,139.6046976
1208,49,三ツ沢下町,35.4765007,139.6150268
1209,46,高島町,35.458788,139.623537
1210,52,伊勢佐木長者町,35.4411351,139.6329989
1211,53,阪東橋,35.437596,139.625177
1212,55,吉野町,35.4353957,139.6184715
1213,57,蒔田,35.429902,139.609956
1214,63,港南中央,35.4010785,139.5908585
1215,65,上永谷,35.401349,139.572766
1216,63,下永谷,35.4026259,139.5591115
1217,61,舞岡,35.4025543,139.5512281
1218,55,踊場,35.4055836,139.5187107
1219,549,中田,35.4111582,139.511299
1220,59,立場,35.4144844,139.5009935
1221,61,下飯田,35.4034517,139.4831672
1222,50,川和町,35.5284388,139.5492424
1223,47,都筑ふれあいの丘,35.5365677,139.5613048
1224,338,北山田,35.560915,139.59273
1225,38,東山田,35.554194,139.60484
1226,295,高田,0.0,0.0
1227,34,日吉本町,35.550036,139.6336133
1228,56,新高島,35.462038,139.626731
1229,41,みなとみらい,35.4573889,139.6327216
1230,43,馬車道,35.4501774,139.636271
1231,44,日本大通り,35.4468153,139.6425887
1232,46,元町・中華街,35.4427858,139.6499956
1233,74,南部市場,35.380158,139.633206
1234,76,鳥浜,35.3771188,139.641745
1235,78,並木北,35.3719099,139.6426979
1236,80,並木中央,35.3654381,139.6429557
1237,82,幸浦,35.3584023,139.6437267
1238,84,産業振興センター,35.3534409,139.6463012
1239,86,福浦,35.349633,139.6485568
1240,88,市大医学部,35.3439584,139.6501483
1241,91,八景島,35.3408344,139.6408293
1242,83,海の公園柴口,35.3421219,139.6359027
1243,81,海の公園南口,35.3372071,139.632055
1244,79,野島公園,35.3305806,139.6315414
1245,75,石上,35.3324359,139.4856054
1246,77,柳小路,35.3274127,139.4851832
1247,78,鵠沼,35.3211987,139.482552
1248,82,湘南海岸公園,35.3150889,139.4834851
1249,80,江ノ島,35.3110477,139.4873844
1250,86,腰越,35.3084036,139.4931705
1251,91,鎌倉高校前,35.3067242,139.5005569
1252,88,稲村ヶ崎,35.3043597,139.5219085
1253,85,極楽寺,35.3094825,139.5290259
1254,82,長谷,35.3113157,139.5358751
1255,65,富士見町,35.4346656,133.3365881
1256,67,湘南町屋,35.3378269,139.5226892
1257,68,湘南深沢,35.3329662,139.5189119
1258,72,西鎌倉,35.3194118,139.5043303
1259,74,片瀬山,35.3172665,139.4960982
1260,76,目白山下,35.3140164,139.4914837
1261,77,湘南江の島,35.3117812,139.4877095
1262,72,箱根板橋,35.245435,139.144811
1263,75,風祭,35.246244,139.129198
1264,79,入生田,35.240772,139.12106
1265,82,箱根湯本,35.2333827,139.1039163
1266,99,塔ノ沢,35.234438,139.093952
1267,106,大平台,35.238576,139.07412
1268,111,宮ノ下,35.241992,139.06301
1269,105,小涌谷,35.240576,139.052483
1270,131,彫刻の森,35.2464498,139.0508339
1271,133,強羅,35.250852,139.048205
1272,149,公園下,35.2499831,139.0455868
1273,151,公園上,35.2490439,139.0432218
1274,153,中強羅,35.2481307,139.0406187
1275,155,上強羅,35.2472677,139.0381236
1276,148,早雲山,35.2466626,139.0355416
1277,80,緑町,35.2596085,139.1589848
1278,82,井細田,35.268908,139.157417
1279,85,五百羅漢,35.2752879,139.1557777
1280,87,穴部,35.2800612,139.1485361
1281,89,飯田岡,35.2881331,139.139059
1282,90,相模沼田,35.292106,139.1340156
1283,92,岩原,35.2990555,139.1285551
1284,93,塚原,35.30151499999999,139.126696
1285,97,和田河原,35.315902,139.118308
1286,99,富士フイルム前,35.3176549,139.108914
1287,100,大雄山,35.3191668,139.1031454
1288,66,与野,35.8843917,139.6390764
1289,63,北浦和,35.872187,139.645713
1290,55,蕨,35.8280777,139.6903234
1291,52,西川口,35.8155374,139.7043642
1292,50,川口,35.8018754,139.7177024
1293,174,日進,35.1184274,137.0487428
1294,69,西大宮,35.9223389,139.5798987
1295,71,指扇,35.91693,139.56494
1296,76,南古谷,35.90318,139.519139
1297,97,西川越,35.9190654,139.4599213
1298,100,的場,35.917645,139.4360663
1299,106,笠幡,35.9075733,139.4064771
1300,100,武蔵高萩,35.9016761,139.3710962
1301,70,下山口,35.7793925,139.4408485
1302,108,吾野,35.908503,139.226706
1303,113,西吾野,35.9263902,139.202231
1304,118,正丸,35.9383115,139.1820895
1305,124,芦ヶ久保,35.976328,139.136002
1306,107,横瀬,35.985485,139.0978626
1307,113,西武秩父,35.990047,139.083062
1308,106,一本松,35.9404455,139.3703434
1309,110,西大家,35.9317279,139.3564296
1310,113,川角,35.9375128,139.3468546
1311,116,武州長瀬,35.9419785,139.3257651
1312,118,東毛呂,35.9468636,139.3153813
1313,120,武州唐沢,35.9521965,139.3092384
1314,100,杉戸高野台,36.051502,139.714422
1315,103,幸手,36.074555,139.714949
1316,107,南栗橋,36.1132427,139.7128528
1317,119,新古河,36.1927057,139.6869256
1318,122,柳生,36.2065938,139.6598924
1319,125,板倉東洋大前,36.2220084,139.6485594
1320,129,藤岡,36.2556157,139.6455583
1321,136,静和,36.3170017,139.6851415
1322,139,新大平下,36.3390244,139.7016334
1323,144,栃木,36.3716588,139.7314296
1324,148,新栃木,36.389782,139.7422711
1325,170,合戦場,36.4077255,139.7410141
1326,173,家中,36.42942439999999,139.747356
1327,177,東武金崎,36.4662911,139.7495367
1328,182,楡木,36.5071118,139.7454803
1329,185,樅山,36.53315389999999,139.7418708
1330,189,新鹿沼,36.5572655,139.7449686
1331,193,北鹿沼,36.5813204,139.7373907
1332,198,板荷,36.61994200000001,139.707781
1333,203,下小代,36.6510557,139.7138005
1334,207,明神,36.6762786,139.7122017
1335,213,下今市,36.72550210000001,139.6923539
1336,215,上今市,36.72777960000001,139.6814671
1337,222,東武日光,36.748309,139.61954
1338,70,北大宮,35.9171964,139.6247293
1339,107,大宮公園,35.9234976,139.6321636
1340,105,大和田,35.9293778,139.6503575
1341,102,七里,35.9365546,139.6662907
1342,99,岩槻,35.950263,139.693122
1343,96,東岩槻,35.9633724,139.7122721
1344,91,八木崎,35.9783575,139.741815
1345,91,藤の牛島,35.9801407,139.7775825
1346,95,南桜井,35.9804354,139.8080072
1347,98,川間,35.97918,139.834609
1348,101,七光台,35.9706238,139.8529487
1349,104,清水公園,35.95884119999999,139.8602632
1350,106,愛宕,35.9505845,139.8644604
1351,109,野田市,35.9434408,139.8707283
1352,112,梅郷,35.9313797,139.891193
1353,115,運河,35.914125,139.906108
1354,64,江戸川台,35.897247,139.910495
1355,62,初石,35.8841011,139.9175805
1356,64,豊四季,35.866536,139.939532
1357,66,新柏,35.8387226,139.966663
1358,68,増尾,35.8295651,139.9767454
1359,70,逆井,35.8232231,139.983935
1360,74,高柳,35.8081914,139.9988642
1361,71,六実,35.793705,139.999353
1362,73,鎌ケ谷,35.7637249,139.9972711
1363,77,馬込沢,35.7416333,139.9923391
1364,71,塚田,35.7220485,139.9827873
1365,69,新船橋,35.711515,139.979873
1366,72,鉄道博物館,35.9204218,139.6177544
1367,75,加茂宮,35.9357127,139.6170337
1368,77,東宮原,35.9425794,139.6183602
1369,78,今羽,35.9499263,139.6193842
1370,80,吉野原,35.9570377,139.6208782
1371,81,原市,35.963898,139.6222945
1372,83,沼南,35.9710084,139.6235163
1373,568,丸山,35.9800228,139.6247744
1374,88,志久,35.9909662,139.6224401
1375,91,伊奈中央,35.9994217,139.6172102
1376,94,羽貫,36.0073326,139.6085757
1377,96,内宿,36.0142251,139.5998221
1378,109,西羽生,36.1764024,139.5239492
1379,111,新郷,35.0820682,133.367708
1380,114,武州荒木,36.1625386,139.48852
1381,111,東行田,36.1472565,139.4684744
1382,109,行田市,36.143484,139.45919
1383,106,持田,36.1376603,139.4421229
1384,103,ソシオ流通センター,36.1364918,139.4244408
1385,96,上熊谷,36.1426263,139.3813505
1386,661,石原,36.1475927,139.368892
1387,101,ひろせ野鳥の森,36.1461437,139.3515478
1388,104,大麻生,36.1447948,139.3323588
1389,107,明戸,36.1428414,139.3032867
1390,110,武川,36.14208,139.282666
1391,95,永田,35.5026351,140.3110883
1392,115,ふかや花園,36.1308037,139.2480939
1393,119,小前田,36.128937,139.2223727
1394,199,桜沢,36.1286738,139.207351
1395,132,波久礼,36.1268671,139.1580498
1396,137,樋口,36.1310879,139.1225249
1397,141,野上,36.1115898,139.1111933
1398,144,長瀞,36.0954806,139.1121661
1399,146,上長瀞,36.0861785,139.1134038
1400,149,親鼻,36.077566,139.106306
1401,152,皆野,36.0687185,139.0941116
1402,156,和銅黒谷,36.046736,139.101558
1403,160,大野原,36.0186555,139.0941707
1404,163,秩父,35.998824,139.086061
1405,122,御花畑,35.9924915,139.0836172
1406,168,影森,35.9719379,139.068286
1407,131,浦山口,35.963939,139.058037
1408,138,武州日野,35.9540642,139.0213573
1409,142,白久,35.9589096,138.9932374
1410,144,三峰口,35.960215,138.977683
1411,89,佐倉,35.7097115,140.2260837
1412,95,酒々井,35.7316641,140.2752487
1413,102,成田,35.777327,140.313605
1414,113,久住,35.8323451,140.3389085
1415,119,滑河,35.8775664,140.3482921
1416,126,下総神崎,35.8949368,140.4105304
1417,131,大戸,35.89023460000001,140.4583934
1418,135,佐原,35.89506799999999,140.493557
1419,140,香取,35.8979025,140.5323035
1420,147,水郷,35.8854883,140.5701619
1421,152,小見川,35.84996539999999,140.6045494
1422,158,笹川,35.8393847,140.6558233
1423,166,下総橘,35.8186688,140.7022965
1424,170,下総豊里,35.7931025,140.7207285
1425,175,椎柴,35.7652292,140.7589288
1426,166,松岸,35.739537,140.7952774
1427,170,銚子,35.7296659,140.8274186
1428,75,東我孫子,35.8688305,140.0465566
1429,78,湖北,35.867199,140.0778987
1430,82,新木,35.8623671,140.1070353
1431,87,布佐,35.84914699999999,140.1330614
1432,90,木下,35.8388708,140.1479772
1433,237,小林,31.9905936,130.9761492
1434,101,安食,35.8357071,140.2423583
1435,106,下総松崎,35.807645,140.2779382
1436,93,東千葉,35.6168558,140.1220896
1437,77,都賀,35.6360953,140.1492014
1438,81,四街道,35.6630053,140.1656201
1439,85,物井,35.6856462,140.2002758
1440,94,南酒々井,35.7043058,140.2678893
1441,189,榎戸,35.684142,140.2880273
1442,103,八街,35.6631451,140.3173313
1443,109,日向,35.6284003,140.36244
1444,119,成東,35.6083867,140.410859
1445,661,松尾,35.635977,140.4577093
1446,128,横芝,35.66176919999999,140.4912319
1447,133,飯倉,35.6856543,140.5224028
1448,137,八日市場,35.699286,140.552366
1449,145,干潟,35.718369,140.6032494
1450,150,旭,35.7220089,140.6549394
1451,153,飯岡,35.7295922,140.6834089
1452,157,倉橋,35.7380818,140.7144692
1453,161,猿田,35.747425,140.7373203
1454,146,十二橋,35.916984,140.5458293
1455,149,潮来,35.937343,140.5496059
1456,154,延方,35.9581195,140.5887962
1457,158,鹿島神宮,35.9706714,140.6259941
1458,78,本千葉,35.6018503,140.1207196
1459,72,鎌取,35.5626526,140.1787359
1460,76,誉田,35.54700589999999,140.2138166
1461,87,土気,35.530742,140.269841
1462,92,大網,35.522522,140.311032
1463,98,本納,35.482054,140.307534
1464,102,新茂原,35.4494741,140.2996748
1465,103,茂原,35.4268738,140.3040484
1466,110,八積,35.4040082,140.3453672
1467,110,上総一ノ宮,35.3736839,140.3650207
1468,116,東浪見,35.34714170000001,140.376705
1469,119,太東,35.3201019,140.3812565
1470,123,長者町,35.2962435,140.3849794
1471,125,三門,35.2823784,140.3915894
1472,129,大原,35.2508913,140.3908475
1473,134,浪花,35.2228904,140.3792606
1474,139,御宿,35.18756,140.351431
1475,145,勝浦,35.152563,140.311936
1476,160,鵜原,35.1411746,140.2789111
1477,164,上総興津,35.1372305,140.2509416
1478,174,安房小湊,35.128618,140.1897802
1479,178,安房天津,35.12575630000001,140.1546999
1480,172,安房鴨川,35.1075625,140.1035382
1481,99,福俵,35.5462144,140.3418617
1482,102,東金,35.560158,140.363609
1483,113,求名,35.5800177,140.3964113
1484,68,浜野,35.5520062,140.1320503
1485,71,八幡宿,35.5363502,140.1200926
1486,75,五井,35.5133059,140.0896418
1487,80,姉ケ崎,35.4785957,140.042129
1488,176,長浦,35.4504102,139.9954503
1489,88,袖ケ浦,35.4321885,139.9578287
1490,95,木更津,35.3815785,139.926229
1491,106,君津,35.3336671,139.8950422
1492,110,青堀,35.3305311,139.8589388
1493,115,大貫,35.2917576,139.8556351
1494,119,佐貫町,35.2606378,139.8760935
1495,124,上総湊,35.2222772,139.8712827
1496,150,竹岡,35.1975452,139.8300299
1497,155,浜金谷,35.1681316,139.8222539
1498,159,保田,35.1410571,139.8383573
1499,164,安房勝山,35.1140268,139.833394
1500,167,岩井,35.0932796,139.8498934
1501,167,富浦,35.0460623,139.837813
1502,171,那古船形,35.02900899999999,139.8513958
1503,162,館山,34.9959574,139.8618962
1504,177,九重,34.997678,139.9111008
1505,187,千倉,34.9767087,139.9547124
1506,584,江見,35.0625108,140.0611269
1507,579,太海,35.0814819,140.096151
1508,121,祇園,33.5940958,130.4145184
1509,124,上総清川,35.3909554,139.9655329
1510,128,東清川,35.39002809999999,139.9858005
1511,133,横田,35.3861959,140.0201175
1512,136,東横田,35.3862769,140.0364353
1513,140,馬来田,35.3667824,140.0585317
1514,144,下郡,35.3552795,140.0554536
1515,127,小櫃,35.3280923,140.0598387
1516,146,俵田,35.31454000000001,140.0613769
1517,139,平山,35.2742929,140.0645627
1518,145,上総松丘,35.2577822,140.0640014
1519,69,京成幕張本郷,35.6727454,140.042304
1520,73,京成幕張,35.66044400000001,140.056076
1521,75,検見川,35.652617,140.066279
1522,83,京成稲毛,35.6377689,140.085488
1523,80,みどり台,35.6248001,140.0977112
1524,91,西登戸,35.6177251,140.1026967
1525,89,新千葉,35.6124184,140.1083463
1526,85,京成千葉,35.6116356,140.1142016
1527,85,千葉中央,35.607479,140.117739
1528,77,千葉寺,35.590287,140.132322
1529,91,大森台,35.584011,140.149543
1530,606,学園前,0.0,0.0
1531,98,おゆみ野,35.550265,140.166099
1532,53,上本郷,35.7897487,139.9163439
1533,54,松戸新田,35.7906492,139.9229877
1534,55,みのり台,35.7893535,139.9294876
1535,66,八柱,35.7915688,139.937986
1536,59,常盤平,35.8033894,139.9501102
1537,61,五香,35.797259,139.9658
1538,63,元山,35.790203,139.9758509
1539,65,くぬぎ山,35.7822395,139.9758314
1540,68,北初富,35.7772434,139.991909
1541,71,初富,35.7721123,140.000902
1542,76,鎌ヶ谷大仏,35.757849,140.013909
1543,74,二和向台,35.753877,140.023741
1544,73,三咲,35.749155,140.028547
1545,71,滝不動,35.7376899,140.0259442
1546,69,高根公団,35.730408,140.029408
1547,68,高根木戸,35.726797,140.034991
1548,60,北習志野,35.7213256,140.0421854
1549,70,習志野,35.7150279,140.042843
1550,71,薬園台,35.7101927,140.037685
1551,73,前原,35.7011242,140.0279198
1552,71,新津田沼,35.690134,140.023716
1553,714,市役所前,0.0,0.0
1554,83,葭川公園,35.6088834,140.1201432
1555,545,県庁前,0.0,0.0
1556,74,千葉公園,35.6197639,140.1178633
1557,75,作草部,35.625449,140.115461
1558,77,天台,35.6314223,140.1128004
1559,79,穴川,35.639476,140.11185
1560,80,スポーツセンター,35.643336,140.11621
1561,83,動物公園,35.6425843,140.1255516
1562,85,みつわ台,35.638726,140.134903
1563,129,桜木,35.6312583,140.1610186
1564,86,小倉台,35.6277226,140.1717741
1565,88,千城台北,35.627562,140.181983
1566,89,千城台,35.622368,140.188538
1567,58,幸谷,35.826334,139.9198036
1568,64,小金城趾,35.8357412,139.9173453
1569,66,鰭ヶ崎,35.8410268,139.9108631
1570,70,流山,35.856529,139.901914
1571,53,東海神,35.7062911,139.981519
1572,57,飯山満,35.7140502,140.0222372
1573,62,船橋日大前,35.7268934,140.0588412
1574,64,八千代緑が丘,35.72902,140.073294
1575,67,八千代中央,35.7279252,140.1033855
1576,454,村上,38.2203182,139.4635738
1577,71,東葉勝田台,35.7154771,140.1259566
1578,90,地区センター,35.7258559,140.1552868
1579,91,公園,35.7307164,140.1537312
1580,97,女子大,35.73866570000001,140.1547219
1581,95,中学校,35.7402623,140.1482611
1582,83,上総村上,35.496239,140.1002702
1583,88,海士有木,35.4817158,140.1242993
1584,91,上総三又,35.4660306,140.1267618
1585,94,上総山田,35.4541937,140.126185
1586,98,光風台,35.439581,140.114191
1587,102,馬立,35.4237498,140.1147191
1588,107,上総牛久,35.400098,140.1422447
1589,122,上総川間,35.3881142,140.1510995
1590,125,上総鶴舞,35.3813745,140.1651738
1591,129,上総久保,35.3674896,140.154585
1592,132,高滝,35.353092,140.1502745
1593,586,仲ノ町,35.7288793,140.8335364
1594,206,観音,35.7290055,140.8401505
1595,590,本銚子,35.731035,140.8478484
1596,592,笠上黒生,35.7284302,140.8570796
1597,594,西海鹿島,35.7250698,140.8602276
1598,595,海鹿島,35.722098,140.8630886
1599,598,君ヶ浜,35.7135969,140.8605197
1600,603,外川,35.6992785,140.8570694
1601,117,芝山千代田,35.754098,140.399565
