line,station,lat,lng,price,to_station,trans,train_min,walk_min,total_min
JR上野東京ライン,品川,35.6284713,139.7387597,,虎ノ門ヒルズ,1,21,4,25
JR上野東京ライン,新橋,35.666379,139.7583398,,虎ノ門ヒルズ,0,14,4,18
JR上野東京ライン,東京,35.68123620000001,139.7671248,,虎ノ門ヒルズ,0,13,4,17
JR上野東京ライン,上野,35.7141672,139.7774091,,虎ノ門ヒルズ,1,22,4,26
JR中央・総武線各駅停車,三鷹,35.7027156,139.5610291,,虎ノ門ヒルズ,1,29,4,33
JR中央・総武線各駅停車,吉祥寺,35.7031485,139.5798087,,虎ノ門ヒルズ,1,26,4,30
JR中央・総武線各駅停車,西荻窪,35.7036961,139.600182,,虎ノ門ヒルズ,1,28,4,32
JR中央・総武線各駅停車,荻窪,35.7045751,139.6200629,,虎ノ門ヒルズ,1,22,4,26
JR中央・総武線各駅停車,阿佐ケ谷,35.7049247,139.6361231,,虎ノ門ヒルズ,1,23,4,27
JR中央・総武線各駅停車,高円寺,35.7053457,139.6499291,,虎ノ門ヒルズ,1,21,4,25
JR中央・総武線各駅停車,中野,35.7054067,139.6658254,,虎ノ門ヒルズ,1,18,4,22
JR中央・総武線各駅停車,東中野,35.7062478,139.6837613,,虎ノ門ヒルズ,0,13,4,17
JR中央・総武線各駅停車,大久保,0.0,0.0,,虎ノ門ヒルズ,0,13,4,17
JR中央・総武線各駅停車,新宿,35.6896067,139.7005713,,虎ノ門ヒルズ,0,4,4,8
JR中央・総武線各駅停車,代々木,35.683033,139.7020555,,虎ノ門ヒルズ,0,2,4,6
JR中央・総武線各駅停車,千駄ケ谷,35.6811956,139.7112808,,虎ノ門ヒルズ,0,4,4,8
JR中央・総武線各駅停車,信濃町,35.6800602,139.7203199,,虎ノ門ヒルズ,0,11,4,15
JR中央・総武線各駅停車,四ツ谷,35.6861525,139.7302183,,虎ノ門ヒルズ,0,13,4,17
JR中央・総武線各駅停車,市ケ谷,35.6910121,139.7355674,,虎ノ門ヒルズ,0,14,4,18
JR中央・総武線各駅停車,飯田橋,35.7020837,139.7450232,,虎ノ門ヒルズ,2,31,4,35
JR中央・総武線各駅停車,水道橋,35.7020484,139.7535016,,虎ノ門ヒルズ,1,19,4,23
JR中央・総武線各駅停車,御茶ノ水,35.6997175,139.7644404,,虎ノ門ヒルズ,1,18,4,22
JR中央・総武線各駅停車,秋葉原,35.698383,139.7730717,,虎ノ門ヒルズ,1,18,4,22
JR中央・総武線各駅停車,浅草橋,35.6974952,139.7859834,,虎ノ門ヒルズ,1,21,4,25
JR中央・総武線各駅停車,両国,35.6961328,139.7927196,,虎ノ門ヒルズ,1,28,4,32
JR中央・総武線各駅停車,錦糸町,35.6967393,139.8144835,,虎ノ門ヒルズ,1,27,4,31
JR中央・総武線各駅停車,亀戸,35.6973225,139.8265658,,虎ノ門ヒルズ,2,33,4,37
JR中央・総武線各駅停車,平井,35.7065625,139.8427227,,虎ノ門ヒルズ,2,35,4,39
JR中央・総武線各駅停車,新小岩,35.7174462,139.8586312,,虎ノ門ヒルズ,2,38,4,42
JR中央・総武線各駅停車,小岩,35.7333003,139.881958,,虎ノ門ヒルズ,2,41,4,45
JR中央・総武線各駅停車,市川,35.728821,139.908197,,虎ノ門ヒルズ,2,44,4,48
JR中央・総武線各駅停車,本八幡,35.7210914,139.9272341,,虎ノ門ヒルズ,2,44,4,48
JR中央・総武線各駅停車,下総中山,35.7143133,139.9430576,,虎ノ門ヒルズ,2,49,4,53
JR中央・総武線各駅停車,西船橋,35.7074443,139.9590775,,虎ノ門ヒルズ,2,38,4,42
JR中央・総武線各駅停車,船橋,35.7017357,139.9853815,,虎ノ門ヒルズ,2,54,4,58
JR中央本線,東京,35.68123620000001,139.7671248,,虎ノ門ヒルズ,0,13,4,17
JR中央本線,新宿,35.6896067,139.7005713,,虎ノ門ヒルズ,0,4,4,8
JR中央本線,三鷹,35.7027156,139.5610291,,虎ノ門ヒルズ,1,29,4,33
JR中央本線,立川,35.6979144,139.4137408,,虎ノ門ヒルズ,2,41,4,45
JR中央本線,日野,35.6793641,139.3940577,,虎ノ門ヒルズ,2,48,4,52
JR中央本線,豊田,35.6595199,139.3815002,,虎ノ門ヒルズ,2,50,4,54
JR中央線,東京,35.68123620000001,139.7671248,9.3,虎ノ門ヒルズ,0,13,4,17
JR中央線,御茶ノ水,35.6997175,139.7644404,9.2,虎ノ門ヒルズ,1,18,4,22
JR中央線,四ツ谷,35.6861525,139.7302183,10.0,虎ノ門ヒルズ,0,13,4,17
JR中央線,新宿,35.6896067,139.7005713,8.2,虎ノ門ヒルズ,0,4,4,8
JR中央線,中野,35.7054067,139.6658254,7.2,虎ノ門ヒルズ,1,18,4,22
JR中央線,高円寺,35.7053457,139.6499291,7.0,虎ノ門ヒルズ,1,21,4,25
JR中央線,阿佐ケ谷,35.7049247,139.6361231,6.7,虎ノ門ヒルズ,1,23,4,27
JR中央線,荻窪,35.7045751,139.6200629,6.6,虎ノ門ヒルズ,1,22,4,26
JR中央線,西荻窪,35.7036961,139.600182,6.6,虎ノ門ヒルズ,1,28,4,32
JR中央線,吉祥寺,35.7031485,139.5798087,6.5,虎ノ門ヒルズ,1,26,4,30
JR中央線,三鷹,35.7027156,139.5610291,6.5,虎ノ門ヒルズ,1,29,4,33
JR中央線,武蔵境,35.7021388,139.5436578,6.2,虎ノ門ヒルズ,2,32,4,36
JR中央線,東小金井,35.7015507,139.5239042,5.8,虎ノ門ヒルズ,2,34,4,38
JR中央線,武蔵小金井,35.7011232,139.506912,5.3,虎ノ門ヒルズ,2,36,4,40
JR中央線,国分寺,35.7002201,139.4802697,5.2,虎ノ門ヒルズ,2,40,4,44
JR中央線,西国分寺,35.6998082,139.4657772,5.0,虎ノ門ヒルズ,2,48,4,52
JR中央線,国立,35.69917300000001,139.446376,4.8,虎ノ門ヒルズ,2,50,4,54
JR中央線,立川,35.6979144,139.4137408,5.0,虎ノ門ヒルズ,2,41,4,45
JR中央線,日野,35.6793641,139.3940577,3.9,虎ノ門ヒルズ,2,48,4,52
JR中央線,豊田,35.6595199,139.3815002,4.1,虎ノ門ヒルズ,2,50,4,54
JR五日市線,拝島,35.72113,139.3436514,4.5,虎ノ門ヒルズ,2,55,4,59
JR京浜東北線,大宮,35.9064485,139.6238548,6.5,虎ノ門ヒルズ,2,54,4,58
JR京浜東北線,さいたま新都心,35.893795,139.633741,6.5,虎ノ門ヒルズ,2,54,4,58
JR京浜東北線,浦和,35.8587283,139.6573784,5.7,虎ノ門ヒルズ,2,50,4,54
JR京浜東北線,南浦和,35.8473849,139.6695734,5.2,虎ノ門ヒルズ,2,53,4,57
JR京浜東北線,蕨,35.8280777,139.6903234,5.2,虎ノ門ヒルズ,2,50,4,54
JR京浜東北線,西川口,35.8155374,139.7043642,5.3,虎ノ門ヒルズ,2,47,4,51
JR京浜東北線,川口,35.8018754,139.7177024,5.4,虎ノ門ヒルズ,2,45,4,49
JR京浜東北線,赤羽,35.7776951,139.7205691,7.0,虎ノ門ヒルズ,1,28,4,32
JR京浜東北線,東十条,35.763949,139.7268722,6.6,虎ノ門ヒルズ,2,39,4,43
JR京浜東北線,王子,35.7529945,139.7378714,6.7,虎ノ門ヒルズ,2,35,4,39
JR京浜東北線,上中里,35.7465785,139.7469573,6.9,虎ノ門ヒルズ,2,34,4,38
JR京浜東北線,田端,35.7381581,139.7608154,7.0,虎ノ門ヒルズ,2,31,4,35
JR京浜東北線,西日暮里,35.7324125,139.7677967,7.2,虎ノ門ヒルズ,1,20,4,24
JR京浜東北線,日暮里,35.7281578,139.7706414,7.7,虎ノ門ヒルズ,1,28,4,32
JR京浜東北線,鶯谷,35.7214573,139.7780133,7.7,虎ノ門ヒルズ,1,25,4,29
JR京浜東北線,上野,35.7141672,139.7774091,8.2,虎ノ門ヒルズ,1,22,4,26
JR京浜東北線,御徒町,35.7075185,139.7748564,8.9,虎ノ門ヒルズ,1,25,4,29
JR京浜東北線,秋葉原,35.698383,139.7730717,9.5,虎ノ門ヒルズ,1,18,4,22
JR京浜東北線,東京,35.68123620000001,139.7671248,9.3,虎ノ門ヒルズ,0,13,4,17
JR京浜東北線,高輪ゲートウェイ,35.6355207,139.7406809,9.3,虎ノ門ヒルズ,1,21,4,25
JR京浜東北線,品川,35.6284713,139.7387597,9.1,虎ノ門ヒルズ,1,21,4,25
JR京浜東北線,大井町,35.6076153,139.7346592,7.9,虎ノ門ヒルズ,1,17,4,21
JR京浜東北線,大森,35.5884467,139.7278683,7.2,虎ノ門ヒルズ,1,24,4,28
JR京浜東北線,蒲田,35.5624794,139.7160731,7.4,虎ノ門ヒルズ,1,28,4,32
JR京浜東北線,川崎,35.5313654,139.696889,6.5,虎ノ門ヒルズ,2,33,4,37
JR京浜東北線,鶴見,35.5080356,139.6762625,5.9,虎ノ門ヒルズ,2,36,4,40
JR京浜東北線,新子安,35.4870546,139.6548105,5.0,虎ノ門ヒルズ,2,40,4,44
JR京浜東北線,東神奈川,35.4779292,139.6333614,6.1,虎ノ門ヒルズ,2,43,4,47
JR京浜東北線,横浜,35.46598110000001,139.622062,6.8,虎ノ門ヒルズ,2,32,4,36
JR京浜東北線,桜木町,35.4509136,139.6310595,6.8,虎ノ門ヒルズ,2,49,4,53
JR京浜東北線,関内,35.4439663,139.6354978,6.7,虎ノ門ヒルズ,2,51,4,55
JR京浜東北線,石川町,35.4387746,139.6430494,6.2,虎ノ門ヒルズ,2,53,4,57
JR京浜東北線,山手,35.42686,139.6463741,5.2,虎ノ門ヒルズ,2,55,4,59
JR京浜東北線,大船,35.3540475,139.5312989,5.5,虎ノ門ヒルズ,2,49,4,53
JR京葉線,東京,35.68123620000001,139.7671248,9.3,虎ノ門ヒルズ,0,13,4,17
JR京葉線,越中島,35.6679621,139.7926487,9.0,虎ノ門ヒルズ,1,22,4,26
JR京葉線,潮見,35.6587316,139.8174046,7.9,虎ノ門ヒルズ,1,25,4,29
JR京葉線,新木場,35.6459065,139.8267917,9.3,虎ノ門ヒルズ,1,21,4,25
JR京葉線,葛西臨海公園,35.6444342,139.8615775,5.6,虎ノ門ヒルズ,2,31,4,35
JR京葉線,舞浜,35.6361543,139.8838749,5.0,虎ノ門ヒルズ,1,28,4,32
JR京葉線,新浦安,35.6495086,139.9125145,5.2,虎ノ門ヒルズ,2,31,4,35
JR京葉線,市川塩浜,35.6665779,139.9235242,4.8,虎ノ門ヒルズ,2,40,4,44
JR京葉線,二俣新町,35.6913568,139.959505,4.4,虎ノ門ヒルズ,2,49,4,53
JR京葉線,南船橋,35.6819092,139.9955789,4.7,虎ノ門ヒルズ,2,39,4,43
JR京葉線,新習志野,35.667386,140.012968,6.0,虎ノ門ヒルズ,2,55,4,59
JR京葉線,海浜幕張,35.6484764,140.0419868,6.0,虎ノ門ヒルズ,2,44,4,48
JR京葉線,検見川浜,35.637204,140.0592067,5.5,虎ノ門ヒルズ,2,48,4,52
JR京葉線,稲毛海岸,35.629503,140.073825,6.4,虎ノ門ヒルズ,2,50,4,54
JR京葉線,千葉みなと,35.606701,140.102768,6.3,虎ノ門ヒルズ,2,54,4,58
JR八高線,拝島,35.72113,139.3436514,4.5,虎ノ門ヒルズ,2,55,4,59
JR八高線,小川町,36.0584173,139.2613431,3.8,虎ノ門ヒルズ,1,20,4,24
JR南武線,立川,35.6979144,139.4137408,5.0,虎ノ門ヒルズ,2,41,4,45
JR南武線,西国立,35.693459,139.4242584,5.2,虎ノ門ヒルズ,2,54,4,58
JR南武線,矢川,35.685063,139.431572,5.3,虎ノ門ヒルズ,2,56,4,60
JR南武線,西府,35.6709726,139.4573727,4.1,虎ノ門ヒルズ,2,56,4,60
JR南武線,分倍河原,35.6685677,139.46874,5.0,虎ノ門ヒルズ,2,45,4,49
JR南武線,府中本町,35.6662815,139.4770873,5.2,虎ノ門ヒルズ,2,51,4,55
JR南武線,南多摩,35.6492761,139.4899059,4.0,虎ノ門ヒルズ,2,48,4,52
JR南武線,稲城長沼,35.644292,139.502568,4.1,虎ノ門ヒルズ,2,45,4,49
JR南武線,矢野口,35.6417094,139.5204551,4.1,虎ノ門ヒルズ,2,43,4,47
JR南武線,稲田堤,35.6334204,139.5356629,4.9,虎ノ門ヒルズ,2,42,4,46
JR南武線,中野島,35.6301215,139.5500898,4.8,虎ノ門ヒルズ,2,39,4,43
JR南武線,登戸,35.6207662,139.5700976,5.7,虎ノ門ヒルズ,2,31,4,35
JR南武線,宿河原,35.6153801,139.5797295,5.3,虎ノ門ヒルズ,2,37,4,41
JR南武線,久地,35.6106071,139.5925028,5.5,虎ノ門ヒルズ,2,35,4,39
JR南武線,津田山,35.6036047,139.6007276,6.3,虎ノ門ヒルズ,2,33,4,37
JR南武線,武蔵溝ノ口,35.5993971,139.6105195,6.9,虎ノ門ヒルズ,2,30,4,34
JR南武線,武蔵新城,35.58718,139.6298424,6.0,虎ノ門ヒルズ,1,28,4,32
JR南武線,武蔵中原,35.5807143,139.642107,6.2,虎ノ門ヒルズ,1,25,4,29
JR南武線,武蔵小杉,35.5766335,139.659466,6.3,虎ノ門ヒルズ,1,17,4,21
JR南武線,向河原,35.5721934,139.6672787,6.5,虎ノ門ヒルズ,1,28,4,32
JR南武線,平間,35.5605559,139.6710844,5.7,虎ノ門ヒルズ,2,30,4,34
JR南武線,鹿島田,35.5512456,139.6751584,6.0,虎ノ門ヒルズ,2,31,4,35
JR南武線,矢向,35.5389245,139.6804314,6.2,虎ノ門ヒルズ,2,34,4,38
JR南武線,尻手,35.5311934,139.6844966,6.8,虎ノ門ヒルズ,2,36,4,40
JR南武線,川崎,35.5313654,139.696889,6.5,虎ノ門ヒルズ,2,33,4,37
JR埼京線,大宮,35.9064485,139.6238548,6.5,虎ノ門ヒルズ,2,54,4,58
JR埼京線,北与野,35.8907795,139.6286808,6.3,虎ノ門ヒルズ,2,52,4,56
JR埼京線,与野本町,35.88088,139.62602,5.1,虎ノ門ヒルズ,2,50,4,54
JR埼京線,南与野,35.8674942,139.6311953,5.0,虎ノ門ヒルズ,2,48,4,52
JR埼京線,中浦和,35.8538,139.637353,4.9,虎ノ門ヒルズ,2,46,4,50
JR埼京線,武蔵浦和,35.84595729999999,139.6476293,4.9,虎ノ門ヒルズ,2,43,4,47
JR埼京線,北戸田,35.827581,139.660269,5.4,虎ノ門ヒルズ,2,40,4,44
JR埼京線,戸田,35.8176661,139.6696195,5.3,虎ノ門ヒルズ,2,38,4,42
JR埼京線,戸田公園,35.8080807,139.6780402,5.0,虎ノ門ヒルズ,2,36,4,40
JR埼京線,浮間舟渡,35.7912024,139.6914026,6.1,虎ノ門ヒルズ,2,33,4,37
JR埼京線,北赤羽,35.7866831,139.706194,6.4,虎ノ門ヒルズ,2,31,4,35
JR埼京線,赤羽,35.7776951,139.7205691,7.0,虎ノ門ヒルズ,1,28,4,32
JR埼京線,十条,35.760257,139.7222387,6.5,虎ノ門ヒルズ,1,26,4,30
JR埼京線,板橋,35.7454959,139.7197748,6.8,虎ノ門ヒルズ,1,23,4,27
JR埼京線,池袋,35.7295028,139.7109001,7.3,虎ノ門ヒルズ,1,20,4,24
JR埼京線,新宿,35.6896067,139.7005713,8.2,虎ノ門ヒルズ,0,4,4,8
JR埼京線,大崎,35.6198513,139.7281892,8.2,虎ノ門ヒルズ,0,9,4,13
JR埼京線,西大井,35.60179189999999,139.7218021,7.7,虎ノ門ヒルズ,0,14,4,18
JR埼京線,武蔵小杉,35.5766335,139.659466,6.3,虎ノ門ヒルズ,1,17,4,21
JR埼京線,羽沢横浜国大,35.48117,139.5860839,3.9,虎ノ門ヒルズ,2,37,4,41
JR宇都宮線,大宮,35.9064485,139.6238548,6.5,虎ノ門ヒルズ,2,54,4,58
JR宇都宮線,さいたま新都心,35.893795,139.633741,6.5,虎ノ門ヒルズ,2,54,4,58
JR宇都宮線,浦和,35.8587283,139.6573784,5.7,虎ノ門ヒルズ,2,50,4,54
JR宇都宮線,赤羽,35.7776951,139.7205691,7.0,虎ノ門ヒルズ,1,28,4,32
JR宇都宮線,尾久,35.746768,139.7546,6.7,虎ノ門ヒルズ,2,37,4,41
JR宇都宮線,上野,35.7141672,139.7774091,8.2,虎ノ門ヒルズ,1,22,4,26
JR山手線,大崎,35.6198513,139.7281892,8.2,虎ノ門ヒルズ,0,9,4,13
JR山手線,五反田,35.6261591,139.7236022,8.9,虎ノ門ヒルズ,1,29,4,33
JR山手線,目黒,35.63391319999999,139.7155561,9.9,虎ノ門ヒルズ,0,14,4,18
JR山手線,新宿,35.6896067,139.7005713,8.2,虎ノ門ヒルズ,0,4,4,8
JR山手線,新大久保,35.7012459,139.7002258,7.9,虎ノ門ヒルズ,1,17,4,21
JR山手線,高田馬場,35.7125654,139.7038615,7.6,虎ノ門ヒルズ,1,19,4,23
JR山手線,目白,35.7212199,139.7066115,7.2,虎ノ門ヒルズ,1,21,4,25
JR山手線,池袋,35.7295028,139.7109001,7.3,虎ノ門ヒルズ,1,20,4,24
JR山手線,大塚,35.7317124,139.7285029,7.5,虎ノ門ヒルズ,1,28,4,32
JR山手線,巣鴨,35.7334192,139.7392848,7.7,虎ノ門ヒルズ,1,27,4,31
JR山手線,駒込,35.7365665,139.7470098,7.3,虎ノ門ヒルズ,2,30,4,34
JR山手線,田端,35.7381581,139.7608154,7.0,虎ノ門ヒルズ,2,31,4,35
JR山手線,西日暮里,35.7324125,139.7677967,7.2,虎ノ門ヒルズ,1,20,4,24
JR山手線,日暮里,35.7281578,139.7706414,7.7,虎ノ門ヒルズ,1,28,4,32
JR山手線,鶯谷,35.7214573,139.7780133,7.7,虎ノ門ヒルズ,1,25,4,29
JR山手線,上野,35.7141672,139.7774091,8.2,虎ノ門ヒルズ,1,22,4,26
JR山手線,御徒町,35.7075185,139.7748564,8.9,虎ノ門ヒルズ,1,25,4,29
JR山手線,秋葉原,35.698383,139.7730717,9.5,虎ノ門ヒルズ,1,18,4,22
JR山手線,東京,35.68123620000001,139.7671248,9.3,虎ノ門ヒルズ,0,13,4,17
JR山手線,高輪ゲートウェイ,35.6355207,139.7406809,9.3,虎ノ門ヒルズ,1,21,4,25
JR山手線,品川,35.6284713,139.7387597,9.1,虎ノ門ヒルズ,1,21,4,25
JR川越線,大宮,35.9064485,139.6238548,6.5,虎ノ門ヒルズ,2,54,4,58
JR常磐線,柏,35.8621498,139.9709172,4.4,虎ノ門ヒルズ,2,54,4,58
JR常磐線,松戸,35.7843004,139.9006607,5.7,虎ノ門ヒルズ,2,40,4,44
JR常磐線,北千住,35.7496762,139.8053433,7.2,虎ノ門ヒルズ,2,31,4,35
JR常磐線,南千住,35.7331617,139.7989223,7.8,虎ノ門ヒルズ,1,28,4,32
JR常磐線,三河島,35.7331755,139.7784846,7.7,虎ノ門ヒルズ,2,36,4,40
JR常磐線,日暮里,35.7281578,139.7706414,7.7,虎ノ門ヒルズ,1,28,4,32
JR常磐線,上野,35.7141672,139.7774091,8.2,虎ノ門ヒルズ,1,22,4,26
JR常磐線各駅停車,綾瀬,35.762315,139.824924,,虎ノ門ヒルズ,2,30,4,34
JR常磐線各駅停車,亀有,35.7665375,139.8475334,,虎ノ門ヒルズ,2,34,4,38
JR常磐線各駅停車,金町,35.769538,139.870476,,虎ノ門ヒルズ,2,37,4,41
JR常磐線各駅停車,松戸,35.7843004,139.9006607,,虎ノ門ヒルズ,2,40,4,44
JR常磐線各駅停車,北松戸,35.8005413,139.9117619,,虎ノ門ヒルズ,2,44,4,48
JR常磐線各駅停車,馬橋,35.81134000000001,139.917276,,虎ノ門ヒルズ,2,46,4,50
JR常磐線各駅停車,新松戸,35.8254725,139.920711,,虎ノ門ヒルズ,2,48,4,52
JR常磐線各駅停車,北小金,35.833227,139.930774,,虎ノ門ヒルズ,2,51,4,55
JR常磐線各駅停車,南柏,35.8446412,139.9541741,,虎ノ門ヒルズ,2,54,4,58
JR常磐線各駅停車,柏,35.8621498,139.9709172,,虎ノ門ヒルズ,2,54,4,58
JR東海道線,東京,35.68123620000001,139.7671248,,虎ノ門ヒルズ,0,13,4,17
JR東海道線,新橋,35.666379,139.7583398,,虎ノ門ヒルズ,0,14,4,18
JR東海道線,品川,35.6284713,139.7387597,,虎ノ門ヒルズ,1,21,4,25
JR東海道線,川崎,35.5313654,139.696889,,虎ノ門ヒルズ,2,33,4,37
JR東海道線,横浜,35.46598110000001,139.622062,,虎ノ門ヒルズ,2,32,4,36
JR東海道線,戸塚,35.40076639999999,139.5342039,,虎ノ門ヒルズ,2,44,4,48
JR東海道線,大船,35.3540475,139.5312989,,虎ノ門ヒルズ,2,49,4,53
JR東海道線,藤沢,35.3388984,139.4874695,,虎ノ門ヒルズ,2,55,4,59
JR東海道線,小田原,35.2564449,139.1553932,,虎ノ門ヒルズ,2,53,4,57
JR根岸線,大船,35.3540475,139.5312989,5.5,虎ノ門ヒルズ,2,49,4,53
JR根岸線,山手,35.42686,139.6463741,5.2,虎ノ門ヒルズ,2,55,4,59
JR根岸線,石川町,35.4387746,139.6430494,6.2,虎ノ門ヒルズ,2,53,4,57
JR根岸線,関内,35.4439663,139.6354978,6.7,虎ノ門ヒルズ,2,51,4,55
JR根岸線,桜木町,35.4509136,139.6310595,6.8,虎ノ門ヒルズ,2,49,4,53
JR根岸線,横浜,35.46598110000001,139.622062,6.8,虎ノ門ヒルズ,2,32,4,36
JR横浜線,淵野辺,35.5687398,139.3950611,3.6,虎ノ門ヒルズ,2,56,4,60
JR横浜線,古淵,35.555994,139.419189,4.3,虎ノ門ヒルズ,2,53,4,57
JR横浜線,町田,35.546656,139.4385568,4.6,虎ノ門ヒルズ,2,41,4,45
JR横浜線,成瀬,35.5355157,139.4729137,6.3,虎ノ門ヒルズ,2,51,4,55
JR横浜線,長津田,35.5319546,139.4943049,5.5,虎ノ門ヒルズ,2,41,4,45
JR横浜線,十日市場,35.526222,139.516543,5.0,虎ノ門ヒルズ,2,48,4,52
JR横浜線,中山,35.5148115,139.53935,5.3,虎ノ門ヒルズ,2,45,4,49
JR横浜線,鴨居,35.5109924,139.5669896,6.4,虎ノ門ヒルズ,2,42,4,46
JR横浜線,小机,35.5085857,139.5998778,6.5,虎ノ門ヒルズ,2,39,4,43
JR横浜線,新横浜,35.5076585,139.6175553,6.5,虎ノ門ヒルズ,1,28,4,32
JR横浜線,菊名,35.5099195,139.6313685,6.0,虎ノ門ヒルズ,1,23,4,27
JR横浜線,大口,35.4921609,139.6461469,5.1,虎ノ門ヒルズ,2,36,4,40
JR横浜線,東神奈川,35.4779292,139.6333614,6.1,虎ノ門ヒルズ,2,43,4,47
JR横須賀線,東京,35.68123620000001,139.7671248,9.3,虎ノ門ヒルズ,0,13,4,17
JR横須賀線,品川,35.6284713,139.7387597,9.1,虎ノ門ヒルズ,1,21,4,25
JR横須賀線,西大井,35.60179189999999,139.7218021,7.7,虎ノ門ヒルズ,0,14,4,18
JR横須賀線,武蔵小杉,35.5766335,139.659466,6.3,虎ノ門ヒルズ,1,17,4,21
JR横須賀線,新川崎,35.551696,139.671529,6.0,虎ノ門ヒルズ,1,23,4,27
JR横須賀線,横浜,35.46598110000001,139.622062,6.8,虎ノ門ヒルズ,2,32,4,36
JR横須賀線,保土ケ谷,35.4467618,139.5996306,4.8,虎ノ門ヒルズ,2,36,4,40
JR横須賀線,東戸塚,35.4305843,139.5567901,5.2,虎ノ門ヒルズ,2,41,4,45
JR横須賀線,戸塚,35.40076639999999,139.5342039,5.1,虎ノ門ヒルズ,2,44,4,48
JR横須賀線,大船,35.3540475,139.5312989,5.5,虎ノ門ヒルズ,2,49,4,53
JR横須賀線,北鎌倉,35.3372266,139.5451937,7.2,虎ノ門ヒルズ,2,55,4,59
JR武蔵野線,府中本町,35.6662815,139.4770873,5.2,虎ノ門ヒルズ,2,51,4,55
JR武蔵野線,西国分寺,35.6998082,139.4657772,5.0,虎ノ門ヒルズ,2,48,4,52
JR武蔵野線,新秋津,35.77811,139.493563,4.1,虎ノ門ヒルズ,2,53,4,57
JR武蔵野線,西浦和,35.8442783,139.6280249,4.6,虎ノ門ヒルズ,2,52,4,56
JR武蔵野線,武蔵浦和,35.84595729999999,139.6476293,4.9,虎ノ門ヒルズ,2,43,4,47
JR武蔵野線,南浦和,35.8473849,139.6695734,5.2,虎ノ門ヒルズ,2,53,4,57
JR武蔵野線,南流山,35.8382182,139.9037128,5.0,虎ノ門ヒルズ,2,46,4,50
JR武蔵野線,新松戸,35.8254725,139.920711,4.6,虎ノ門ヒルズ,2,48,4,52
JR武蔵野線,東松戸,35.769929,139.94297,6.3,虎ノ門ヒルズ,2,51,4,55
JR武蔵野線,市川大野,35.755403,139.951275,4.5,虎ノ門ヒルズ,2,52,4,56
JR武蔵野線,船橋法典,35.730267,139.96683,5.3,虎ノ門ヒルズ,2,49,4,53
JR武蔵野線,西船橋,35.7074443,139.9590775,6.1,虎ノ門ヒルズ,2,38,4,42
JR湘南新宿ライン（宇都宮線・横須賀線）,大宮,35.9064485,139.6238548,6.5,虎ノ門ヒルズ,2,54,4,58
JR湘南新宿ライン（宇都宮線・横須賀線）,浦和,35.8587283,139.6573784,5.7,虎ノ門ヒルズ,2,50,4,54
JR湘南新宿ライン（宇都宮線・横須賀線）,赤羽,35.7776951,139.7205691,7.0,虎ノ門ヒルズ,1,28,4,32
JR湘南新宿ライン（宇都宮線・横須賀線）,池袋,35.7295028,139.7109001,7.3,虎ノ門ヒルズ,1,20,4,24
JR湘南新宿ライン（宇都宮線・横須賀線）,新宿,35.6896067,139.7005713,8.2,虎ノ門ヒルズ,0,4,4,8
JR湘南新宿ライン（宇都宮線・横須賀線）,大崎,35.6198513,139.7281892,8.2,虎ノ門ヒルズ,0,9,4,13
JR湘南新宿ライン（宇都宮線・横須賀線）,武蔵小杉,35.5766335,139.659466,6.3,虎ノ門ヒルズ,1,17,4,21
JR湘南新宿ライン（宇都宮線・横須賀線）,新川崎,35.551696,139.671529,6.0,虎ノ門ヒルズ,1,23,4,27
JR湘南新宿ライン（宇都宮線・横須賀線）,横浜,35.46598110000001,139.622062,6.8,虎ノ門ヒルズ,2,32,4,36
JR湘南新宿ライン（高崎線・東海道線）,大宮,35.9064485,139.6238548,6.5,虎ノ門ヒルズ,2,54,4,58
JR湘南新宿ライン（高崎線・東海道線）,浦和,35.8587283,139.6573784,5.7,虎ノ門ヒルズ,2,50,4,54
JR湘南新宿ライン（高崎線・東海道線）,赤羽,35.7776951,139.7205691,7.0,虎ノ門ヒルズ,1,28,4,32
JR湘南新宿ライン（高崎線・東海道線）,池袋,35.7295028,139.7109001,7.3,虎ノ門ヒルズ,1,20,4,24
JR湘南新宿ライン（高崎線・東海道線）,新宿,35.6896067,139.7005713,8.2,虎ノ門ヒルズ,0,4,4,8
JR湘南新宿ライン（高崎線・東海道線）,大崎,35.6198513,139.7281892,8.2,虎ノ門ヒルズ,0,9,4,13
JR湘南新宿ライン（高崎線・東海道線）,西大井,35.60179189999999,139.7218021,,虎ノ門ヒルズ,0,14,4,18
JR湘南新宿ライン（高崎線・東海道線）,武蔵小杉,35.5766335,139.659466,6.3,虎ノ門ヒルズ,1,17,4,21
JR湘南新宿ライン（高崎線・東海道線）,新川崎,35.551696,139.671529,,虎ノ門ヒルズ,1,23,4,27
JR湘南新宿ライン（高崎線・東海道線）,横浜,35.46598110000001,139.622062,6.8,虎ノ門ヒルズ,2,32,4,36
JR湘南新宿ライン（高崎線・東海道線）,保土ケ谷,35.4467618,139.5996306,,虎ノ門ヒルズ,2,36,4,40
JR湘南新宿ライン（高崎線・東海道線）,東戸塚,35.4305843,139.5567901,,虎ノ門ヒルズ,2,41,4,45
JR湘南新宿ライン（高崎線・東海道線）,戸塚,35.40076639999999,139.5342039,5.1,虎ノ門ヒルズ,2,44,4,48
JR湘南新宿ライン（高崎線・東海道線）,大船,35.3540475,139.5312989,5.5,虎ノ門ヒルズ,2,49,4,53
JR相模線,入谷,35.7208778,139.7846947,4.3,虎ノ門ヒルズ,1,24,4,28
JR相模線,海老名,35.4525691,139.3909752,5.6,虎ノ門ヒルズ,2,52,4,56
JR総武本線,東京,35.68123620000001,139.7671248,,虎ノ門ヒルズ,0,13,4,17
JR総武本線,新日本橋,35.6890164,139.774265,,虎ノ門ヒルズ,1,24,4,28
JR総武本線,馬喰町,35.693752,139.7829511,,虎ノ門ヒルズ,1,27,4,31
JR総武本線,錦糸町,35.6967393,139.8144835,,虎ノ門ヒルズ,1,27,4,31
JR総武本線,新小岩,35.7174462,139.8586312,,虎ノ門ヒルズ,2,38,4,42
JR総武本線,市川,35.728821,139.908197,,虎ノ門ヒルズ,2,44,4,48
JR総武本線,船橋,35.7017357,139.9853815,,虎ノ門ヒルズ,2,54,4,58
JR総武線快速,東京,35.68123620000001,139.7671248,9.3,虎ノ門ヒルズ,0,13,4,17
JR総武線快速,新日本橋,35.6890164,139.774265,9.7,虎ノ門ヒルズ,1,24,4,28
JR総武線快速,馬喰町,35.693752,139.7829511,9.2,虎ノ門ヒルズ,1,27,4,31
JR総武線快速,錦糸町,35.6967393,139.8144835,8.3,虎ノ門ヒルズ,1,27,4,31
JR総武線快速,新小岩,35.7174462,139.8586312,6.3,虎ノ門ヒルズ,2,38,4,42
JR総武線快速,市川,35.728821,139.908197,6.4,虎ノ門ヒルズ,2,44,4,48
JR総武線快速,船橋,35.7017357,139.9853815,6.0,虎ノ門ヒルズ,2,54,4,58
JR青梅線,立川,35.6979144,139.4137408,5.0,虎ノ門ヒルズ,2,41,4,45
JR青梅線,西立川,35.7036031,139.3937133,4.9,虎ノ門ヒルズ,2,46,4,50
JR青梅線,東中神,35.7063467,139.3844948,5.2,虎ノ門ヒルズ,2,48,4,52
JR青梅線,中神,35.7090171,139.3758143,5.5,虎ノ門ヒルズ,2,49,4,53
JR青梅線,昭島,35.7135485,139.3609268,5.2,虎ノ門ヒルズ,2,52,4,56
JR青梅線,拝島,35.72113,139.3436514,4.5,虎ノ門ヒルズ,2,55,4,59
JR高崎線,上尾,35.9735224,139.5888177,5.0,虎ノ門ヒルズ,2,54,4,58
JR高崎線,宮原,35.9402916,139.6095706,4.3,虎ノ門ヒルズ,2,50,4,54
JR高崎線,大宮,35.9064485,139.6238548,6.5,虎ノ門ヒルズ,2,54,4,58
JR高崎線,さいたま新都心,35.893795,139.633741,6.5,虎ノ門ヒルズ,2,54,4,58
JR高崎線,浦和,35.8587283,139.6573784,5.7,虎ノ門ヒルズ,2,50,4,54
JR高崎線,赤羽,35.7776951,139.7205691,7.0,虎ノ門ヒルズ,1,28,4,32
JR高崎線,尾久,35.746768,139.7546,6.7,虎ノ門ヒルズ,2,37,4,41
JR高崎線,上野,35.7141672,139.7774091,8.2,虎ノ門ヒルズ,1,22,4,26
JR鶴見線,鶴見,35.5080356,139.6762625,5.9,虎ノ門ヒルズ,2,36,4,40
JR鶴見線,国道,35.5008127,139.6756975,5.6,虎ノ門ヒルズ,2,45,4,49
JR鶴見線,鶴見小野,35.497344,139.6809751,4.8,虎ノ門ヒルズ,2,47,4,51
JR鶴見線,弁天橋,35.4959232,139.6897811,5.4,虎ノ門ヒルズ,2,49,4,53
JR鶴見線,浅野,35.4975914,139.6956404,5.0,虎ノ門ヒルズ,2,51,4,55
JR鶴見線,新芝浦,35.4918977,139.7001403,4.2,虎ノ門ヒルズ,2,51,4,55
JR鶴見線,安善,35.4998135,139.7012787,5.0,虎ノ門ヒルズ,2,52,4,56
JR鶴見線,大川,35.4955801,139.7110847,4.2,虎ノ門ヒルズ,2,53,4,57
JR鶴見線,武蔵白石,35.5018412,139.7064449,6.6,虎ノ門ヒルズ,2,54,4,58
JR鶴見線,浜川崎,35.5102284,139.7138465,5.5,虎ノ門ヒルズ,2,56,4,60
つくばエクスプレス,秋葉原,35.698383,139.7730717,9.5,虎ノ門ヒルズ,1,18,4,22
つくばエクスプレス,新御徒町,35.7069936,139.7819408,9.0,虎ノ門ヒルズ,1,23,4,27
つくばエクスプレス,浅草,35.7098669,139.7971675,7.5,虎ノ門ヒルズ,1,25,4,29
つくばエクスプレス,南千住,35.7339347,139.7994102,7.8,虎ノ門ヒルズ,1,28,4,32
つくばエクスプレス,北千住,35.7496762,139.8053433,7.2,虎ノ門ヒルズ,2,31,4,35
つくばエクスプレス,青井,35.772368,139.8203769,6.3,虎ノ門ヒルズ,2,38,4,42
つくばエクスプレス,六町,35.7848987,139.8216325,5.5,虎ノ門ヒルズ,2,40,4,44
つくばエクスプレス,八潮,35.8078127,139.8448461,6.5,虎ノ門ヒルズ,2,44,4,48
つくばエクスプレス,三郷中央,35.824115,139.878056,6.4,虎ノ門ヒルズ,2,48,4,52
つくばエクスプレス,南流山,35.8382182,139.9037128,5.0,虎ノ門ヒルズ,2,46,4,50
つくばエクスプレス,流山おおたかの森,35.8719046,139.9252409,5.6,虎ノ門ヒルズ,2,50,4,54
りんかい線,大崎,35.6198513,139.7281892,8.2,虎ノ門ヒルズ,0,9,4,13
りんかい線,大井町,35.6076153,139.7346592,7.9,虎ノ門ヒルズ,1,17,4,21
りんかい線,品川シーサイド,35.609715,139.749688,8.5,虎ノ門ヒルズ,1,20,4,24
りんかい線,天王洲アイル,35.6204405,139.7508021,9.1,虎ノ門ヒルズ,1,21,4,25
りんかい線,国際展示場,35.63451250000001,139.7916346,9.5,虎ノ門ヒルズ,1,28,4,32
りんかい線,新木場,35.6459065,139.8267917,9.3,虎ノ門ヒルズ,1,21,4,25
京急大師線,京急川崎,35.5329877,139.7008715,6.8,虎ノ門ヒルズ,2,42,4,46
京急大師線,港町,35.5349,139.712567,6.6,虎ノ門ヒルズ,2,41,4,45
京急大師線,鈴木町,35.5353076,139.7202714,6.8,虎ノ門ヒルズ,2,43,4,47
京急大師線,川崎大師,35.535681,139.7261452,6.4,虎ノ門ヒルズ,2,44,4,48
京急大師線,東門前,35.5367374,139.734725,6.2,虎ノ門ヒルズ,2,45,4,49
京急大師線,小島新田,35.5347732,139.7479391,5.0,虎ノ門ヒルズ,2,48,4,52
京急本線,品川,35.6284713,139.7387597,9.1,虎ノ門ヒルズ,1,21,4,25
京急本線,北品川,35.622041,139.7392953,8.9,虎ノ門ヒルズ,1,29,4,33
京急本線,新馬場,35.616516,139.7414667,8.2,虎ノ門ヒルズ,2,30,4,34
京急本線,青物横丁,35.6092793,139.7429839,8.2,虎ノ門ヒルズ,1,21,4,25
京急本線,鮫洲,35.6050378,139.742288,7.9,虎ノ門ヒルズ,2,33,4,37
京急本線,立会川,35.59847,139.738938,7.6,虎ノ門ヒルズ,1,23,4,27
京急本線,大森海岸,35.58769960000001,139.7354656,7.4,虎ノ門ヒルズ,2,39,4,43
京急本線,平和島,35.5787778,139.7349051,6.9,虎ノ門ヒルズ,1,26,4,30
京急本線,大森町,35.5724704,139.7320923,6.7,虎ノ門ヒルズ,2,46,4,50
京急本線,梅屋敷,35.5668067,139.728246,6.8,虎ノ門ヒルズ,2,47,4,51
京急本線,京急蒲田,35.5613144,139.724151,7.4,虎ノ門ヒルズ,1,29,4,33
京急本線,雑色,35.5494967,139.714922,6.7,虎ノ門ヒルズ,2,50,4,54
京急本線,六郷土手,35.540531,139.707582,6.2,虎ノ門ヒルズ,2,52,4,56
京急本線,京急川崎,35.5329877,139.7008715,6.8,虎ノ門ヒルズ,2,42,4,46
京急本線,八丁畷,35.523005,139.691445,6.1,虎ノ門ヒルズ,2,56,4,60
京急本線,京急鶴見,35.5073064,139.6779355,6.0,虎ノ門ヒルズ,2,41,4,45
京急本線,京急新子安,35.487097,139.6554621,4.6,虎ノ門ヒルズ,2,44,4,48
京急本線,神奈川新町,35.4808858,139.6396221,5.1,虎ノ門ヒルズ,2,36,4,40
京急本線,神奈川,35.4710145,139.6271196,6.8,虎ノ門ヒルズ,2,38,4,42
京急本線,横浜,35.46598110000001,139.622062,6.8,虎ノ門ヒルズ,2,32,4,36
京急本線,戸部,35.4566877,139.6195624,6.4,虎ノ門ヒルズ,2,37,4,41
京急本線,黄金町,35.43970700000001,139.62251,5.2,虎ノ門ヒルズ,2,41,4,45
京急本線,南太田,35.4370778,139.6141561,5.3,虎ノ門ヒルズ,2,43,4,47
京急本線,井土ヶ谷,35.433874,139.600512,5.0,虎ノ門ヒルズ,2,45,4,49
京急本線,弘明寺,35.4243856,139.5968031,5.0,虎ノ門ヒルズ,2,54,4,58
京急本線,上大岡,35.4091218,139.5966291,5.3,虎ノ門ヒルズ,2,50,4,54
京急空港線,京急蒲田,35.5613144,139.724151,7.4,虎ノ門ヒルズ,1,29,4,33
京急空港線,糀谷,35.5547524,139.7294866,7.2,虎ノ門ヒルズ,2,31,4,35
京急空港線,大鳥居,35.552281,139.740162,7.4,虎ノ門ヒルズ,2,33,4,37
京急空港線,穴守稲荷,35.5504391,139.746748,7.4,虎ノ門ヒルズ,2,35,4,39
京急空港線,天空橋,35.548032,139.754661,7.3,虎ノ門ヒルズ,2,32,4,36
京成成田空港線,京成上野,35.711208,139.773542,7.5,虎ノ門ヒルズ,2,30,4,34
京成成田空港線,日暮里,35.7281578,139.7706414,7.7,虎ノ門ヒルズ,1,28,4,32
京成成田空港線,青砥,35.7456437,139.8561328,5.3,虎ノ門ヒルズ,2,38,4,42
京成成田空港線,京成高砂,35.7509628,139.8675536,4.9,虎ノ門ヒルズ,2,40,4,44
京成成田空港線,東松戸,35.769929,139.94297,6.3,虎ノ門ヒルズ,2,51,4,55
京成押上線,京成曳舟,35.718101,139.8196323,6.9,虎ノ門ヒルズ,2,31,4,35
京成押上線,八広,35.7272484,139.8283594,6.7,虎ノ門ヒルズ,2,33,4,37
京成押上線,四ツ木,35.7318394,139.8349402,5.8,虎ノ門ヒルズ,2,34,4,38
京成押上線,京成立石,35.7382817,139.8486384,5.7,虎ノ門ヒルズ,2,36,4,40
京成押上線,青砥,35.7456437,139.8561328,5.3,虎ノ門ヒルズ,2,38,4,42
京成押上線,京成高砂,35.7509628,139.8675536,,虎ノ門ヒルズ,2,40,4,44
京成本線,船橋競馬場,35.6896128,139.9981661,5.0,虎ノ門ヒルズ,2,56,4,60
京成本線,京成西船,35.7115501,139.9589401,6.4,虎ノ門ヒルズ,2,48,4,52
京成本線,東中山,35.71442589999999,139.9528869,5.1,虎ノ門ヒルズ,2,49,4,53
京成本線,京成八幡,35.723822,139.928167,6.1,虎ノ門ヒルズ,2,44,4,48
京成本線,京成小岩,35.7420784,139.8839119,6.0,虎ノ門ヒルズ,2,41,4,45
京成本線,京成高砂,35.7509628,139.8675536,4.9,虎ノ門ヒルズ,2,40,4,44
京成本線,青砥,35.7456437,139.8561328,5.3,虎ノ門ヒルズ,2,38,4,42
京成本線,お花茶屋,35.7475917,139.8401103,5.5,虎ノ門ヒルズ,2,53,4,57
京成本線,堀切菖蒲園,35.747622,139.827536,5.3,虎ノ門ヒルズ,2,51,4,55
京成本線,京成関屋,35.7439417,139.8118024,7.1,虎ノ門ヒルズ,2,41,4,45
京成本線,千住大橋,35.742372,139.797261,7.2,虎ノ門ヒルズ,2,43,4,47
京成本線,町屋,35.742397,139.780335,6.8,虎ノ門ヒルズ,1,27,4,31
京成本線,新三河島,35.7371879,139.7739183,7.0,虎ノ門ヒルズ,2,40,4,44
京成本線,日暮里,35.7281578,139.7706414,7.7,虎ノ門ヒルズ,1,28,4,32
京成本線,京成上野,35.7115602,139.7746488,7.5,虎ノ門ヒルズ,2,30,4,34
京成金町線,京成高砂,35.7509628,139.8675536,4.9,虎ノ門ヒルズ,2,40,4,44
京成金町線,柴又,35.75670780000001,139.875498,5.0,虎ノ門ヒルズ,2,47,4,51
京成金町線,京成金町,35.7685695,139.8704944,5.5,虎ノ門ヒルズ,2,40,4,44
京王井の頭線,駒場東大前,35.6586634,139.6844907,9.0,虎ノ門ヒルズ,1,27,4,31
京王井の頭線,池ノ上,35.660462,139.6730494,8.5,虎ノ門ヒルズ,1,28,4,32
京王井の頭線,下北沢,35.6615848,139.6668918,7.8,虎ノ門ヒルズ,1,25,4,29
京王井の頭線,新代田,35.6625779,139.66052,7.2,虎ノ門ヒルズ,2,32,4,36
京王井の頭線,東松原,35.662658,139.6555128,7.0,虎ノ門ヒルズ,2,33,4,37
京王井の頭線,明大前,35.6684407,139.6504908,6.9,虎ノ門ヒルズ,1,22,4,26
京王井の頭線,永福町,35.676272,139.6426236,6.5,虎ノ門ヒルズ,2,31,4,35
京王井の頭線,西永福,35.6786872,139.6355635,6.5,虎ノ門ヒルズ,2,41,4,45
京王井の頭線,浜田山,35.681636,139.6275022,6.2,虎ノ門ヒルズ,2,43,4,47
京王井の頭線,高井戸,35.683263,139.615195,6.2,虎ノ門ヒルズ,2,45,4,49
京王井の頭線,富士見ヶ丘,35.6847865,139.6072018,5.8,虎ノ門ヒルズ,2,47,4,51
京王井の頭線,久我山,35.688151,139.599308,6.4,虎ノ門ヒルズ,2,37,4,41
京王井の頭線,三鷹台,35.692235,139.58892,6.5,虎ノ門ヒルズ,2,51,4,55
京王井の頭線,井の頭公園,35.6974902,139.5827401,6.8,虎ノ門ヒルズ,2,53,4,57
京王井の頭線,吉祥寺,35.7031125,139.5801608,6.5,虎ノ門ヒルズ,1,26,4,30
京王動物園線,高幡不動,35.6621387,139.4132073,,虎ノ門ヒルズ,2,52,4,56
京王相模原線,調布,35.651788,139.5447823,5.5,虎ノ門ヒルズ,2,32,4,36
京王相模原線,京王稲田堤,35.6337511,139.5312067,4.9,虎ノ門ヒルズ,2,36,4,40
京王相模原線,京王永山,35.6302365,139.4482672,4.0,虎ノ門ヒルズ,2,43,4,47
京王相模原線,京王多摩センター,35.6252662,139.4244263,4.2,虎ノ門ヒルズ,2,46,4,50
京王相模原線,南大沢,35.6141774,139.3800458,4.3,虎ノ門ヒルズ,2,55,4,59
京王線,初台,35.6809863,139.6861815,8.3,虎ノ門ヒルズ,0,13,4,17
京王線,幡ヶ谷,35.6770576,139.6761859,7.9,虎ノ門ヒルズ,0,14,4,18
京王線,新宿,35.6896067,139.7005713,8.2,虎ノ門ヒルズ,0,4,4,8
京王線,笹塚,35.673654,139.667136,7.7,虎ノ門ヒルズ,1,16,4,20
京王線,代田橋,35.671071,139.659387,7.6,虎ノ門ヒルズ,1,20,4,24
京王線,明大前,35.6684407,139.6504908,6.9,虎ノ門ヒルズ,1,22,4,26
京王線,下高井戸,35.6661402,139.6414073,6.2,虎ノ門ヒルズ,1,23,4,27
京王線,桜上水,35.6675857,139.6319134,6.2,虎ノ門ヒルズ,1,25,4,29
京王線,上北沢,35.6688641,139.6233742,6.7,虎ノ門ヒルズ,2,30,4,34
京王線,八幡山,35.6698304,139.6161352,7.2,虎ノ門ヒルズ,1,28,4,32
京王線,芦花公園,35.6706012,139.6086903,7.0,虎ノ門ヒルズ,2,33,4,37
京王線,千歳烏山,35.6681814,139.6010149,7.1,虎ノ門ヒルズ,1,25,4,29
京王線,仙川,35.66230360000001,139.5849083,6.4,虎ノ門ヒルズ,2,37,4,41
京王線,つつじヶ丘,35.6581118,139.5753087,5.8,虎ノ門ヒルズ,1,28,4,32
京王線,柴崎,35.6541654,139.5667501,5.5,虎ノ門ヒルズ,2,46,4,50
京王線,国領,35.6502031,139.5584739,5.8,虎ノ門ヒルズ,2,47,4,51
京王線,布田,35.64984990000001,139.5518261,6.0,虎ノ門ヒルズ,2,49,4,53
京王線,調布,35.651788,139.5447823,5.5,虎ノ門ヒルズ,2,32,4,36
京王線,西調布,35.6570844,139.5300797,5.0,虎ノ門ヒルズ,2,54,4,58
京王線,飛田給,35.6600815,139.5235242,4.9,虎ノ門ヒルズ,2,55,4,59
京王線,分倍河原,35.6685677,139.46874,5.0,虎ノ門ヒルズ,2,45,4,49
京王線,聖蹟桜ヶ丘,35.65079,139.446933,4.0,虎ノ門ヒルズ,2,48,4,52
京王線,高幡不動,35.6621387,139.4132073,3.7,虎ノ門ヒルズ,2,52,4,56
北総鉄道北総線,京成高砂,35.7509628,139.8675536,4.9,虎ノ門ヒルズ,2,40,4,44
北総鉄道北総線,新柴又,35.75114689999999,139.8794192,5.5,虎ノ門ヒルズ,2,43,4,47
北総鉄道北総線,矢切,35.75729,139.899752,5.4,虎ノ門ヒルズ,2,45,4,49
北総鉄道北総線,北国分,35.762929,139.913889,5.2,虎ノ門ヒルズ,2,47,4,51
北総鉄道北総線,秋山,35.765484,139.93111,6.4,虎ノ門ヒルズ,2,49,4,53
北総鉄道北総線,東松戸,35.769929,139.94297,6.3,虎ノ門ヒルズ,2,51,4,55
北総鉄道北総線,松飛台,35.775317,139.957607,6.3,虎ノ門ヒルズ,2,53,4,57
北総鉄道北総線,大町,34.461454,132.470836,4.6,虎ノ門ヒルズ,2,55,4,59
千葉モノレール1号線,千葉みなと,35.606701,140.102768,6.3,虎ノ門ヒルズ,2,54,4,58
多摩モノレール,立飛,35.7143864,139.4171489,4.0,虎ノ門ヒルズ,2,56,4,60
多摩モノレール,立川北,35.69950559999999,139.4124342,5.5,虎ノ門ヒルズ,2,45,4,49
多摩モノレール,立川南,35.69614180000001,139.4126105,5.5,虎ノ門ヒルズ,2,45,4,49
多摩モノレール,柴崎体育館,35.6897342,139.4093141,5.0,虎ノ門ヒルズ,2,49,4,53
多摩モノレール,甲州街道,35.6783134,139.4094353,4.4,虎ノ門ヒルズ,2,51,4,55
多摩モノレール,万願寺,35.671203,139.420046,4.0,虎ノ門ヒルズ,2,54,4,58
多摩モノレール,高幡不動,35.6621387,139.4132073,3.7,虎ノ門ヒルズ,2,52,4,56
多摩モノレール,松が谷,35.6318078,139.42213,3.9,虎ノ門ヒルズ,2,56,4,60
多摩モノレール,多摩センター,35.623931,139.422853,4.6,虎ノ門ヒルズ,2,52,4,56
小田急多摩線,新百合ヶ丘,35.60344,139.5077543,5.1,虎ノ門ヒルズ,2,38,4,42
小田急多摩線,五月台,35.6001505,139.4936716,5.0,虎ノ門ヒルズ,2,52,4,56
小田急多摩線,栗平,35.6060289,139.4809158,3.9,虎ノ門ヒルズ,2,54,4,58
小田急多摩線,小田急永山,35.629931,139.4480172,4.2,虎ノ門ヒルズ,2,45,4,49
小田急多摩線,小田急多摩センター,35.625112,139.4245179,5.0,虎ノ門ヒルズ,2,48,4,52
小田急小田原線,新宿,35.6896067,139.7005713,8.2,虎ノ門ヒルズ,0,4,4,8
小田急小田原線,南新宿,35.6836894,139.6989165,10.0,虎ノ門ヒルズ,1,16,4,20
小田急小田原線,参宮橋,35.6786577,139.6935182,9.0,虎ノ門ヒルズ,1,17,4,21
小田急小田原線,代々木八幡,35.6695502,139.6886476,9.6,虎ノ門ヒルズ,1,19,4,23
小田急小田原線,代々木上原,35.6690026,139.6797332,8.5,虎ノ門ヒルズ,1,20,4,24
小田急小田原線,東北沢,35.6654689,139.673059,8.3,虎ノ門ヒルズ,1,23,4,27
小田急小田原線,下北沢,35.6615848,139.6668918,7.8,虎ノ門ヒルズ,1,25,4,29
小田急小田原線,世田谷代田,35.6582291,139.6613023,7.2,虎ノ門ヒルズ,1,26,4,30
小田急小田原線,梅ヶ丘,35.6559198,139.6535836,6.3,虎ノ門ヒルズ,1,28,4,32
小田急小田原線,豪徳寺,35.6536518,139.6474222,6.3,虎ノ門ヒルズ,1,29,4,33
小田急小田原線,経堂,35.651208,139.6368059,6.0,虎ノ門ヒルズ,2,31,4,35
小田急小田原線,千歳船橋,35.647502,139.6238843,5.9,虎ノ門ヒルズ,2,35,4,39
小田急小田原線,祖師ヶ谷大蔵,35.6433164,139.6095789,6.3,虎ノ門ヒルズ,2,37,4,41
小田急小田原線,成城学園前,35.640128,139.599087,6.0,虎ノ門ヒルズ,2,32,4,36
小田急小田原線,喜多見,35.636684,139.587422,5.7,虎ノ門ヒルズ,2,41,4,45
小田急小田原線,狛江,35.6323896,139.577638,5.5,虎ノ門ヒルズ,2,43,4,47
小田急小田原線,和泉多摩川,35.6272844,139.5737096,5.3,虎ノ門ヒルズ,2,44,4,48
小田急小田原線,登戸,35.6207662,139.5700976,5.7,虎ノ門ヒルズ,2,31,4,35
小田急小田原線,向ヶ丘遊園,35.6171694,139.5645675,5.2,虎ノ門ヒルズ,2,39,4,43
小田急小田原線,生田,35.6150136,139.5422351,4.5,虎ノ門ヒルズ,2,52,4,56
小田急小田原線,読売ランド前,35.6147668,139.5279379,4.4,虎ノ門ヒルズ,2,53,4,57
小田急小田原線,百合ヶ丘,35.608963,139.515901,5.0,虎ノ門ヒルズ,2,55,4,59
小田急小田原線,新百合ヶ丘,35.60344,139.5077543,,虎ノ門ヒルズ,2,38,4,42
小田急小田原線,町田,35.546656,139.4385568,4.6,虎ノ門ヒルズ,2,41,4,45
小田急小田原線,相模大野,35.5324566,139.4381701,5.2,虎ノ門ヒルズ,2,51,4,55
小田急小田原線,座間,35.480919,139.399888,4.3,虎ノ門ヒルズ,2,55,4,59
小田急小田原線,海老名,35.4542331,139.3893342,5.6,虎ノ門ヒルズ,2,52,4,56
小田急小田原線,小田原,35.2564449,139.1553932,5.3,虎ノ門ヒルズ,2,53,4,57
小田急江ノ島線,相模大野,35.5324566,139.4381701,5.2,虎ノ門ヒルズ,2,51,4,55
小田急江ノ島線,中央林間,35.5080279,139.4441058,4.0,虎ノ門ヒルズ,2,48,4,52
小田急江ノ島線,藤沢,35.3388984,139.4874695,5.9,虎ノ門ヒルズ,2,55,4,59
新京成線,北習志野,35.7213256,140.0421854,3.7,虎ノ門ヒルズ,2,55,4,59
新京成線,五香,35.7969034,139.9660327,3.8,虎ノ門ヒルズ,2,56,4,60
新京成線,常盤平,35.8033894,139.9501102,3.6,虎ノ門ヒルズ,2,54,4,58
新京成線,みのり台,35.7893535,139.9294876,5.6,虎ノ門ヒルズ,2,50,4,54
新京成線,松戸新田,35.7906492,139.9229877,5.9,虎ノ門ヒルズ,2,49,4,53
新京成線,上本郷,35.7897487,139.9163439,5.7,虎ノ門ヒルズ,2,48,4,52
新京成線,松戸,35.7843004,139.9006607,5.7,虎ノ門ヒルズ,2,40,4,44
日暮里・舎人ライナー,舎人,35.8056686,139.7701293,6.5,虎ノ門ヒルズ,2,47,4,51
日暮里・舎人ライナー,舎人公園,35.7963955,139.7701791,6.0,虎ノ門ヒルズ,2,45,4,49
日暮里・舎人ライナー,谷在家,35.788783,139.770039,5.0,虎ノ門ヒルズ,2,43,4,47
日暮里・舎人ライナー,扇大橋,35.763891,139.7708649,5.8,虎ノ門ヒルズ,2,37,4,41
日暮里・舎人ライナー,足立小台,35.7546735,139.7703922,6.2,虎ノ門ヒルズ,2,35,4,39
日暮里・舎人ライナー,熊野前,35.7485267,139.7698487,6.2,虎ノ門ヒルズ,2,49,4,53
日暮里・舎人ライナー,赤土小学校前,35.7428664,139.7690332,6.9,虎ノ門ヒルズ,2,32,4,36
日暮里・舎人ライナー,西日暮里,35.7328473,139.7676078,7.2,虎ノ門ヒルズ,1,20,4,24
日暮里・舎人ライナー,日暮里,35.7281578,139.7706414,7.7,虎ノ門ヒルズ,1,28,4,32
東京モノレール,天王洲アイル,35.6204405,139.7508021,9.1,虎ノ門ヒルズ,1,21,4,25
東京モノレール,大井競馬場前,35.5956475,139.7469415,7.5,虎ノ門ヒルズ,1,20,4,24
東京モノレール,流通センター,35.581445,139.74916,7.3,虎ノ門ヒルズ,1,22,4,26
東京モノレール,昭和島,35.570682,139.7498986,6.6,虎ノ門ヒルズ,1,28,4,32
東京モノレール,整備場,35.5551801,139.7534099,7.4,虎ノ門ヒルズ,1,26,4,30
東京モノレール,天空橋,35.548032,139.754661,7.3,虎ノ門ヒルズ,2,32,4,36
東京モノレール,新整備場,35.5428648,139.7872944,5.1,虎ノ門ヒルズ,2,33,4,37
東急こどもの国線,長津田,35.5319546,139.4943049,5.5,虎ノ門ヒルズ,2,41,4,45
東急こどもの国線,恩田,35.5456004,139.4921258,4.7,虎ノ門ヒルズ,2,51,4,55
東急こどもの国線,こどもの国,35.558218,139.486656,4.3,虎ノ門ヒルズ,2,54,4,58
東急世田谷線,三軒茶屋,35.6436399,139.6713265,7.9,虎ノ門ヒルズ,0,12,4,16
東急世田谷線,西太子堂,35.6445185,139.6663315,8.3,虎ノ門ヒルズ,1,24,4,28
東急世田谷線,松陰神社前,35.6440032,139.655263,7.8,虎ノ門ヒルズ,2,52,4,56
東急世田谷線,世田谷,0.0,0.0,7.2,虎ノ門ヒルズ,2,54,4,58
東急世田谷線,上町,35.6433787,139.6467074,6.9,虎ノ門ヒルズ,2,54,4,58
東急世田谷線,宮の坂,35.6478292,139.6449316,6.5,虎ノ門ヒルズ,2,33,4,37
東急世田谷線,下高井戸,35.6661402,139.6414073,6.2,虎ノ門ヒルズ,1,23,4,27
東急多摩川線,多摩川,35.589497,139.6687779,6.3,虎ノ門ヒルズ,0,14,4,18
東急多摩川線,沼部,35.58282630000001,139.6730957,6.5,虎ノ門ヒルズ,1,22,4,26
東急多摩川線,鵜の木,35.5754987,139.6806138,6.2,虎ノ門ヒルズ,1,24,4,28
東急多摩川線,下丸子,35.5712152,139.6858078,6.6,虎ノ門ヒルズ,1,26,4,30
東急多摩川線,武蔵新田,35.5679766,139.6922031,6.7,虎ノ門ヒルズ,1,27,4,31
東急多摩川線,矢口渡,35.5625586,139.7002623,6.7,虎ノ門ヒルズ,1,29,4,33
東急多摩川線,蒲田,35.5624794,139.7160731,7.4,虎ノ門ヒルズ,1,28,4,32
東急大井町線,大井町,35.6076153,139.7346592,7.9,虎ノ門ヒルズ,1,17,4,21
東急大井町線,下神明,35.6087973,139.7262243,7.9,虎ノ門ヒルズ,1,25,4,29
東急大井町線,戸越公園,35.6089128,139.718384,8.3,虎ノ門ヒルズ,1,24,4,28
東急大井町線,中延,35.6058183,139.7127554,8.1,虎ノ門ヒルズ,1,23,4,27
東急大井町線,荏原町,35.6038632,139.707503,7.5,虎ノ門ヒルズ,1,21,4,25
東急大井町線,旗の台,35.6048821,139.7027206,7.6,虎ノ門ヒルズ,2,39,4,43
東急大井町線,北千束,35.6064301,139.6929472,7.0,虎ノ門ヒルズ,1,18,4,22
東急大井町線,大岡山,35.607486,139.685643,7.7,虎ノ門ヒルズ,1,25,4,29
東急大井町線,緑が丘,43.7309898,142.3657982,8.0,虎ノ門ヒルズ,1,15,4,19
東急大井町線,自由が丘,35.6072728,139.6686661,7.9,虎ノ門ヒルズ,0,10,4,14
東急大井町線,九品仏,35.6053587,139.6614803,7.6,虎ノ門ヒルズ,1,16,4,20
東急大井町線,尾山台,35.6069669,139.6538896,7.0,虎ノ門ヒルズ,1,18,4,22
東急大井町線,等々力,35.6083487,139.648072,6.7,虎ノ門ヒルズ,2,53,4,57
東急大井町線,上野毛,35.6119618,139.6389246,7.5,虎ノ門ヒルズ,1,21,4,25
東急大井町線,二子玉川,35.6124172,139.6275666,7.3,虎ノ門ヒルズ,1,22,4,26
東急大井町線,二子新地,35.60695750000001,139.6224949,6.9,虎ノ門ヒルズ,1,24,4,28
東急大井町線,溝の口,35.5999649,139.6106234,7.0,虎ノ門ヒルズ,1,27,4,31
東急新横浜線,新横浜,35.5076585,139.6175553,6.5,虎ノ門ヒルズ,1,28,4,32
東急新横浜線,日吉,35.553449,139.6470623,6.0,虎ノ門ヒルズ,1,20,4,24
東急東横線,中目黒,35.6441631,139.6988444,9.5,虎ノ門ヒルズ,0,3,4,7
東急東横線,祐天寺,35.6374425,139.6909485,8.1,虎ノ門ヒルズ,0,7,4,11
東急東横線,学芸大学,35.6288624,139.6853301,8.1,虎ノ門ヒルズ,0,7,4,11
東急東横線,都立大学,35.6177525,139.6763956,8.7,虎ノ門ヒルズ,0,11,4,15
東急東横線,自由が丘,35.6072728,139.6686661,7.9,虎ノ門ヒルズ,0,10,4,14
東急東横線,田園調布,35.5968481,139.6673415,6.5,虎ノ門ヒルズ,0,13,4,17
東急東横線,多摩川,35.589497,139.6687779,6.3,虎ノ門ヒルズ,0,14,4,18
東急東横線,新丸子,35.5805941,139.6619306,6.0,虎ノ門ヒルズ,1,26,4,30
東急東横線,武蔵小杉,35.5766335,139.659466,6.3,虎ノ門ヒルズ,1,17,4,21
東急東横線,元住吉,35.5643213,139.6540395,6.3,虎ノ門ヒルズ,1,28,4,32
東急東横線,日吉,35.553449,139.6470623,6.0,虎ノ門ヒルズ,1,20,4,24
東急東横線,綱島,35.5367529,139.6348167,6.0,虎ノ門ヒルズ,1,23,4,27
東急東横線,大倉山,35.5218361,139.6298577,5.6,虎ノ門ヒルズ,2,35,4,39
東急東横線,菊名,35.5099195,139.6313685,6.0,虎ノ門ヒルズ,1,23,4,27
東急東横線,妙蓮寺,35.4984086,139.6331408,5.8,虎ノ門ヒルズ,2,42,4,46
東急東横線,白楽,35.4897067,139.6279197,5.0,虎ノ門ヒルズ,2,44,4,48
東急東横線,東白楽,35.4832623,139.6294695,5.6,虎ノ門ヒルズ,2,45,4,49
東急東横線,反町,35.4746702,139.6252473,6.5,虎ノ門ヒルズ,2,47,4,51
東急東横線,横浜,35.46598110000001,139.622062,6.8,虎ノ門ヒルズ,2,32,4,36
東急池上線,五反田,35.6261591,139.7236022,8.9,虎ノ門ヒルズ,1,29,4,33
東急池上線,大崎広小路,35.6226336,139.7226662,8.9,虎ノ門ヒルズ,1,27,4,31
東急池上線,戸越銀座,35.6159746,139.7150258,8.0,虎ノ門ヒルズ,1,27,4,31
東急池上線,荏原中延,35.6099618,139.7119604,8.3,虎ノ門ヒルズ,2,37,4,41
東急池上線,旗の台,35.6048821,139.7027206,7.6,虎ノ門ヒルズ,2,39,4,43
東急池上線,長原,35.6022186,139.6979694,7.5,虎ノ門ヒルズ,2,40,4,44
東急池上線,洗足池,35.5999476,139.6914069,6.9,虎ノ門ヒルズ,2,42,4,46
東急池上線,石川台,35.5969326,139.6852664,7.5,虎ノ門ヒルズ,2,43,4,47
東急池上線,雪が谷大塚,35.5919662,139.6809615,6.9,虎ノ門ヒルズ,2,45,4,49
東急池上線,御嶽山,35.5852756,139.682388,6.5,虎ノ門ヒルズ,2,47,4,51
東急池上線,久が原,35.5798491,139.685354,6.1,虎ノ門ヒルズ,2,48,4,52
東急池上線,千鳥町,35.5729995,139.6914155,6.8,虎ノ門ヒルズ,2,50,4,54
東急池上線,池上,35.5720944,139.7029729,6.8,虎ノ門ヒルズ,2,52,4,56
東急池上線,蓮沼,35.5641984,139.7084797,7.0,虎ノ門ヒルズ,2,53,4,57
東急池上線,蒲田,35.5624794,139.7160731,7.4,虎ノ門ヒルズ,1,28,4,32
東急田園都市線,池尻大橋,35.6506294,139.6845797,8.5,虎ノ門ヒルズ,0,10,4,14
東急田園都市線,三軒茶屋,35.6436399,139.6713265,7.9,虎ノ門ヒルズ,0,12,4,16
東急田園都市線,駒沢大学,35.6332937,139.6613891,7.9,虎ノ門ヒルズ,0,14,4,18
東急田園都市線,桜新町,35.6318735,139.6450254,7.7,虎ノ門ヒルズ,1,17,4,21
東急田園都市線,用賀,35.6263427,139.6338175,7.5,虎ノ門ヒルズ,1,19,4,23
東急田園都市線,二子玉川,35.6124172,139.6275666,7.3,虎ノ門ヒルズ,1,22,4,26
東急田園都市線,二子新地,35.60695750000001,139.6224949,6.9,虎ノ門ヒルズ,1,24,4,28
東急田園都市線,溝の口,35.5999649,139.6106234,7.0,虎ノ門ヒルズ,1,27,4,31
東急田園都市線,梶が谷,35.5937453,139.6056828,6.2,虎ノ門ヒルズ,1,29,4,33
東急田園都市線,宮崎台,35.5872174,139.5912012,6.0,虎ノ門ヒルズ,2,31,4,35
東急田園都市線,宮前平,35.5849047,139.5817279,5.9,虎ノ門ヒルズ,2,32,4,36
東急田園都市線,鷺沼,35.5797753,139.573327,6.2,虎ノ門ヒルズ,2,34,4,38
東急田園都市線,たまプラーザ,35.5774058,139.5585278,6.4,虎ノ門ヒルズ,2,32,4,36
東急田園都市線,あざみ野,35.5685796,139.5534552,6.3,虎ノ門ヒルズ,2,34,4,38
東急田園都市線,江田,35.5586471,139.5515112,5.6,虎ノ門ヒルズ,2,46,4,50
東急田園都市線,市が尾,35.5514428,139.5413635,5.4,虎ノ門ヒルズ,2,48,4,52
東急田園都市線,藤が丘,35.5434959,139.5278557,5.6,虎ノ門ヒルズ,2,50,4,54
東急田園都市線,青葉台,35.5432506,139.5172181,5.3,虎ノ門ヒルズ,2,38,4,42
東急田園都市線,田奈,35.535888,139.504516,5.1,虎ノ門ヒルズ,2,54,4,58
東急田園都市線,長津田,35.5319546,139.4943049,5.5,虎ノ門ヒルズ,2,41,4,45
東急田園都市線,中央林間,35.5080279,139.4441058,4.0,虎ノ門ヒルズ,2,48,4,52
東急目黒線,目黒,35.6340929,139.7158331,9.9,虎ノ門ヒルズ,0,14,4,18
東急目黒線,不動前,35.6257683,139.713569,8.7,虎ノ門ヒルズ,1,17,4,21
東急目黒線,武蔵小山,35.6205185,139.7044048,8.0,虎ノ門ヒルズ,1,19,4,23
東急目黒線,西小山,35.6156922,139.6988653,8.0,虎ノ門ヒルズ,1,21,4,25
東急目黒線,洗足,35.6104126,139.6944011,7.3,虎ノ門ヒルズ,1,23,4,27
東急目黒線,大岡山,35.607486,139.685643,7.7,虎ノ門ヒルズ,1,25,4,29
東急目黒線,奥沢,35.6039879,139.6722637,7.0,虎ノ門ヒルズ,1,27,4,31
東急目黒線,田園調布,35.5968481,139.6673415,6.5,虎ノ門ヒルズ,0,13,4,17
東急目黒線,多摩川,35.589497,139.6687779,6.3,虎ノ門ヒルズ,0,14,4,18
東急目黒線,新丸子,35.5805941,139.6619306,6.0,虎ノ門ヒルズ,1,26,4,30
東急目黒線,武蔵小杉,35.5766335,139.659466,6.3,虎ノ門ヒルズ,1,17,4,21
東急目黒線,元住吉,35.5643213,139.6540395,6.3,虎ノ門ヒルズ,1,28,4,32
東急目黒線,日吉,35.553449,139.6470623,6.0,虎ノ門ヒルズ,1,20,4,24
東武亀戸線,亀戸,35.6973225,139.8265658,7.5,虎ノ門ヒルズ,2,33,4,37
東武亀戸線,亀戸水神,35.7002625,139.8336793,7.3,虎ノ門ヒルズ,2,38,4,42
東武亀戸線,東あずま,35.7070922,139.831884,6.8,虎ノ門ヒルズ,2,40,4,44
東武亀戸線,小村井,35.7101364,139.8280191,7.0,虎ノ門ヒルズ,2,55,4,59
東武亀戸線,曳舟,35.7183941,139.8167618,7.6,虎ノ門ヒルズ,2,33,4,37
東武伊勢崎線,浅草,35.7098669,139.7971675,8.2,虎ノ門ヒルズ,1,25,4,29
東武伊勢崎線,とうきょうスカイツリー,35.7095445,139.8090493,7.9,虎ノ門ヒルズ,2,43,4,47
東武伊勢崎線,曳舟,35.7183941,139.8167618,7.6,虎ノ門ヒルズ,2,33,4,37
東武伊勢崎線,東向島,35.7245871,139.8192932,7.3,虎ノ門ヒルズ,2,44,4,48
東武伊勢崎線,鐘ヶ淵,35.7334267,139.8200022,7.5,虎ノ門ヒルズ,2,42,4,46
東武伊勢崎線,堀切,35.7429583,139.817731,6.0,虎ノ門ヒルズ,2,40,4,44
東武伊勢崎線,北千住,35.7496762,139.8053433,7.2,虎ノ門ヒルズ,2,31,4,35
東武伊勢崎線,小菅,35.7587165,139.8126622,6.4,虎ノ門ヒルズ,2,34,4,38
東武伊勢崎線,五反野,35.7660319,139.8093604,6.3,虎ノ門ヒルズ,2,36,4,40
東武伊勢崎線,梅島,35.7723647,139.7980149,6.3,虎ノ門ヒルズ,2,38,4,42
東武伊勢崎線,西新井,35.777174,139.790427,6.2,虎ノ門ヒルズ,2,41,4,45
東武伊勢崎線,竹ノ塚,35.7943026,139.7910205,6.2,虎ノ門ヒルズ,2,44,4,48
東武伊勢崎線,谷塚,35.814215,139.801345,5.5,虎ノ門ヒルズ,2,47,4,51
東武伊勢崎線,草加,35.8283858,139.8035406,4.9,虎ノ門ヒルズ,2,50,4,54
東武伊勢崎線,新田,35.8541228,139.7954309,3.7,虎ノ門ヒルズ,2,55,4,59
東武大師線,西新井,35.777174,139.790427,6.2,虎ノ門ヒルズ,2,41,4,45
東武大師線,大師前,35.7788779,139.7816241,6.1,虎ノ門ヒルズ,2,48,4,52
東武東上線,小川町,35.6951799,139.7668774,3.8,虎ノ門ヒルズ,1,20,4,24
東武東上線,朝霞,35.7971204,139.6001982,4.7,虎ノ門ヒルズ,2,54,4,58
東武東上線,和光市,35.788363,139.6127811,5.5,虎ノ門ヒルズ,2,49,4,53
東武東上線,成増,35.7775982,139.6329467,5.5,虎ノ門ヒルズ,2,52,4,56
東武東上線,下赤塚,35.770476,139.644884,6.7,虎ノ門ヒルズ,2,49,4,53
東武東上線,東武練馬,35.7686261,139.6617156,6.0,虎ノ門ヒルズ,2,52,4,56
東武東上線,上板橋,35.7635268,139.6764216,6.0,虎ノ門ヒルズ,2,32,4,36
東武東上線,中板橋,35.75560189999999,139.6954142,6.7,虎ノ門ヒルズ,2,35,4,39
東武東上線,大山,35.7485637,139.7022837,7.0,虎ノ門ヒルズ,2,33,4,37
東武東上線,下板橋,35.7457094,139.7148162,7.2,虎ノ門ヒルズ,2,31,4,35
東武東上線,北池袋,35.7406552,139.7166436,7.0,虎ノ門ヒルズ,1,29,4,33
東武東上線,池袋,35.7295028,139.7109001,7.3,虎ノ門ヒルズ,1,20,4,24
東武野田線,大宮,35.9064485,139.6238548,6.5,虎ノ門ヒルズ,2,54,4,58
東武野田線,流山おおたかの森,35.8719046,139.9252409,5.6,虎ノ門ヒルズ,2,50,4,54
東武野田線,柏,35.8621498,139.9709172,4.4,虎ノ門ヒルズ,2,54,4,58
東武野田線,船橋,35.7017357,139.9853815,6.0,虎ノ門ヒルズ,2,54,4,58
東葉高速線,北習志野,35.7213256,140.0421854,3.7,虎ノ門ヒルズ,2,55,4,59
東葉高速線,飯山満,35.7140502,140.0222372,3.6,虎ノ門ヒルズ,2,52,4,56
東葉高速線,東海神,35.7062911,139.981519,6.3,虎ノ門ヒルズ,2,48,4,52
東葉高速線,西船橋,35.7074443,139.9590775,6.1,虎ノ門ヒルズ,2,38,4,42
湘南モノレール,大船,35.3540475,139.5312989,5.5,虎ノ門ヒルズ,2,49,4,53
相鉄いずみ野線,二俣川,35.4635766,139.5323099,4.6,虎ノ門ヒルズ,2,47,4,51
相鉄いずみ野線,南万騎が原,35.45253599999999,139.526351,4.6,虎ノ門ヒルズ,2,54,4,58
相鉄いずみ野線,緑園都市,35.4395193,139.5219504,6.2,虎ノ門ヒルズ,2,56,4,60
相鉄・JR直通線,羽沢横浜国大,35.48117,139.5860839,,虎ノ門ヒルズ,2,37,4,41
相鉄・JR直通線,西谷,35.4780848,139.5656182,,虎ノ門ヒルズ,2,41,4,45
相鉄新横浜線,西谷,35.4780848,139.5656182,4.5,虎ノ門ヒルズ,2,41,4,45
相鉄新横浜線,羽沢横浜国大,35.48117,139.5860839,3.9,虎ノ門ヒルズ,2,37,4,41
相鉄新横浜線,新横浜,35.5076585,139.6175553,6.5,虎ノ門ヒルズ,1,28,4,32
相鉄本線,横浜,35.46598110000001,139.622062,6.8,虎ノ門ヒルズ,2,32,4,36
相鉄本線,平沼橋,35.4595591,139.6162066,6.0,虎ノ門ヒルズ,2,42,4,46
相鉄本線,西横浜,35.4534061,139.608495,5.9,虎ノ門ヒルズ,2,44,4,48
相鉄本線,天王町,35.4539572,139.6028281,5.2,虎ノ門ヒルズ,2,46,4,50
相鉄本線,星川,35.458881,139.5947656,4.5,虎ノ門ヒルズ,2,43,4,47
相鉄本線,和田町,35.4635684,139.5868889,4.5,虎ノ門ヒルズ,2,47,4,51
相鉄本線,上星川,35.467286,139.580429,4.3,虎ノ門ヒルズ,2,46,4,50
相鉄本線,西谷,35.4780848,139.5656182,4.5,虎ノ門ヒルズ,2,41,4,45
相鉄本線,鶴ケ峰,35.4749169,139.5492277,4.7,虎ノ門ヒルズ,2,44,4,48
相鉄本線,二俣川,35.4635766,139.5323099,4.6,虎ノ門ヒルズ,2,47,4,51
相鉄本線,三ツ境,35.4677563,139.5027413,3.9,虎ノ門ヒルズ,2,52,4,56
相鉄本線,瀬谷,35.47031390000001,139.4824961,4.0,虎ノ門ヒルズ,2,55,4,59
相鉄本線,海老名,35.4542331,139.3893342,5.6,虎ノ門ヒルズ,2,52,4,56
西武国分寺線,国分寺,35.7002201,139.4802697,5.2,虎ノ門ヒルズ,2,40,4,44
西武国分寺線,恋ヶ窪,35.711339,139.463902,5.0,虎ノ門ヒルズ,2,47,4,51
西武国分寺線,鷹の台,35.7234,139.461022,3.7,虎ノ門ヒルズ,2,49,4,53
西武多摩川線,武蔵境,35.7021388,139.5436578,6.2,虎ノ門ヒルズ,2,32,4,36
西武多摩川線,新小金井,35.695926,139.526786,5.6,虎ノ門ヒルズ,2,46,4,50
西武多摩川線,多磨,35.6766308,139.5170499,4.7,虎ノ門ヒルズ,2,50,4,54
西武多摩川線,競艇場前,35.6562249,139.4996999,4.0,虎ノ門ヒルズ,2,55,4,59
西武多摩湖線,国分寺,35.7002201,139.4802697,5.2,虎ノ門ヒルズ,2,40,4,44
西武多摩湖線,一橋学園,35.72206,139.480039,4.3,虎ノ門ヒルズ,2,47,4,51
西武多摩湖線,青梅街道,35.730976,139.476566,4.6,虎ノ門ヒルズ,2,49,4,53
西武多摩湖線,八坂,35.744863,139.467761,4.0,虎ノ門ヒルズ,2,55,4,59
西武拝島線,小平,35.7370711,139.4881602,4.4,虎ノ門ヒルズ,2,52,4,56
西武拝島線,拝島,35.72113,139.3436514,4.5,虎ノ門ヒルズ,2,55,4,59
西武新宿線,西武新宿,35.695363,139.7000521,8.9,虎ノ門ヒルズ,1,25,4,29
西武新宿線,高田馬場,35.7125654,139.7038615,7.6,虎ノ門ヒルズ,1,19,4,23
西武新宿線,下落合,35.71587410000001,139.6950191,7.2,虎ノ門ヒルズ,1,26,4,30
西武新宿線,中井,35.7150776,139.6871252,7.0,虎ノ門ヒルズ,0,14,4,18
西武新宿線,新井薬師前,35.71578950000001,139.6719543,7.0,虎ノ門ヒルズ,1,27,4,31
西武新宿線,沼袋,35.719315,139.6644193,6.8,虎ノ門ヒルズ,1,29,4,33
西武新宿線,野方,35.7196848,139.6532117,6.4,虎ノ門ヒルズ,2,30,4,34
西武新宿線,都立家政,35.722366,139.644539,6.3,虎ノ門ヒルズ,2,32,4,36
西武新宿線,鷺ノ宮,35.7226237,139.638906,6.4,虎ノ門ヒルズ,2,33,4,37
西武新宿線,下井草,35.72387000000001,139.624693,5.9,虎ノ門ヒルズ,2,35,4,39
西武新宿線,井荻,35.724675,139.61561,6.0,虎ノ門ヒルズ,2,37,4,41
西武新宿線,上井草,35.725258,139.602945,5.6,虎ノ門ヒルズ,2,40,4,44
西武新宿線,上石神井,35.7262543,139.5921496,5.8,虎ノ門ヒルズ,2,42,4,46
西武新宿線,武蔵関,35.72761790000001,139.5763635,5.7,虎ノ門ヒルズ,2,40,4,44
西武新宿線,東伏見,35.7286904,139.5642362,5.5,虎ノ門ヒルズ,2,42,4,46
西武新宿線,西武柳沢,35.728637,139.5525518,5.4,虎ノ門ヒルズ,2,44,4,48
西武新宿線,田無,35.7273335,139.5394451,5.2,虎ノ門ヒルズ,2,46,4,50
西武新宿線,花小金井,35.726172,139.5132046,4.6,虎ノ門ヒルズ,2,49,4,53
西武新宿線,小平,35.7370711,139.4881602,4.4,虎ノ門ヒルズ,2,52,4,56
西武新宿線,久米川,35.7500258,139.472007,3.9,虎ノ門ヒルズ,2,55,4,59
西武新宿線,所沢,35.7866173,139.4732246,4.3,虎ノ門ヒルズ,2,48,4,52
西武新宿線,航空公園,35.798329,139.465592,4.0,虎ノ門ヒルズ,2,53,4,57
西武新宿線,新所沢,35.8068135,139.4560541,3.7,虎ノ門ヒルズ,2,55,4,59
西武有楽町線,小竹向原,35.74334109999999,139.6795208,6.7,虎ノ門ヒルズ,2,30,4,34
西武有楽町線,新桜台,35.7412366,139.6688231,6.7,虎ノ門ヒルズ,2,33,4,37
西武有楽町線,練馬,35.737841,139.653912,6.4,虎ノ門ヒルズ,1,22,4,26
西武池袋線,池袋,35.7295028,139.7109001,7.3,虎ノ門ヒルズ,1,20,4,24
西武池袋線,椎名町,35.7264722,139.6949221,6.5,虎ノ門ヒルズ,2,35,4,39
西武池袋線,東長崎,35.7303273,139.6829125,6.4,虎ノ門ヒルズ,2,38,4,42
西武池袋線,江古田,35.737481,139.672744,6.3,虎ノ門ヒルズ,1,27,4,31
西武池袋線,桜台,33.4717096,130.5421781,6.5,虎ノ門ヒルズ,2,34,4,38
西武池袋線,練馬,35.737841,139.653912,6.4,虎ノ門ヒルズ,1,22,4,26
西武池袋線,中村橋,35.7367952,139.6376668,6.4,虎ノ門ヒルズ,2,32,4,36
西武池袋線,富士見台,35.7356895,139.629611,6.7,虎ノ門ヒルズ,2,34,4,38
西武池袋線,練馬高野台,35.7406329,139.6168772,6.8,虎ノ門ヒルズ,2,36,4,40
西武池袋線,石神井公園,35.7436447,139.6065548,6.3,虎ノ門ヒルズ,2,38,4,42
西武池袋線,大泉学園,35.7493601,139.5865462,6.0,虎ノ門ヒルズ,2,40,4,44
西武池袋線,保谷,35.7483557,139.5676,5.3,虎ノ門ヒルズ,2,42,4,46
西武池袋線,ひばりヶ丘,35.75142,139.545782,4.9,虎ノ門ヒルズ,2,45,4,49
西武池袋線,東久留米,35.76034509999999,139.5339486,4.7,虎ノ門ヒルズ,2,47,4,51
西武池袋線,清瀬,35.7720993,139.51984,4.5,虎ノ門ヒルズ,2,50,4,54
西武池袋線,秋津,35.77843490000001,139.4967816,4.2,虎ノ門ヒルズ,2,45,4,49
西武池袋線,所沢,35.7866173,139.4732246,4.3,虎ノ門ヒルズ,2,48,4,52
西武池袋線,西所沢,35.7892995,139.4560334,4.0,虎ノ門ヒルズ,2,53,4,57
西武池袋線,小手指,35.8005786,139.4380557,3.7,虎ノ門ヒルズ,2,55,4,59
西武狭山線,西所沢,35.7892995,139.4560334,4.0,虎ノ門ヒルズ,2,53,4,57
西武豊島線,練馬,35.737841,139.653912,,虎ノ門ヒルズ,1,22,4,26
西武豊島線,豊島園,35.7425725,139.6489471,6.5,虎ノ門ヒルズ,2,30,4,34
都電荒川線,三ノ輪橋,35.7321051,139.7916155,7.9,虎ノ門ヒルズ,2,32,4,36
都電荒川線,荒川一中前,35.7336766,139.7889264,7.9,虎ノ門ヒルズ,2,36,4,40
都電荒川線,荒川区役所前,35.7349357,139.7864979,7.6,虎ノ門ヒルズ,2,37,4,41
都電荒川線,荒川二丁目,35.7385432,139.7847008,7.4,虎ノ門ヒルズ,2,41,4,45
都電荒川線,荒川七丁目,35.7418313,139.7837401,6.8,虎ノ門ヒルズ,2,42,4,46
都電荒川線,町屋駅前,35.7427846,139.7809419,7.1,虎ノ門ヒルズ,1,27,4,31
都電荒川線,町屋二丁目,35.74369799999999,139.7770331,6.9,虎ノ門ヒルズ,2,47,4,51
都電荒川線,東尾久三丁目,35.7457854,139.7736639,6.5,虎ノ門ヒルズ,2,48,4,52
都電荒川線,熊野前,35.7485267,139.7698487,6.2,虎ノ門ヒルズ,2,49,4,53
都電荒川線,宮ノ前,35.749997,139.765577,6.4,虎ノ門ヒルズ,2,53,4,57
都電荒川線,小台,35.7505233,139.7615643,6.1,虎ノ門ヒルズ,2,54,4,58
都電荒川線,荒川遊園地前,35.7506878,139.7579215,7.2,虎ノ門ヒルズ,2,56,4,60
都電荒川線,王子駅前,35.7528359,139.7381972,7.0,虎ノ門ヒルズ,2,38,4,42
都電荒川線,新庚申塚,35.7415497,139.7306585,6.5,虎ノ門ヒルズ,2,37,4,41
都電荒川線,大塚駅前,35.7315799,139.7293294,8.3,虎ノ門ヒルズ,2,30,4,34
都電荒川線,東池袋四丁目,35.7252827,139.7201591,7.2,虎ノ門ヒルズ,2,31,4,35
都電荒川線,鬼子母神前,35.7200509,139.7146731,7.0,虎ノ門ヒルズ,2,31,4,35
都電荒川線,学習院下,35.7166025,139.7125984,7.9,虎ノ門ヒルズ,2,32,4,36
みなとみらい線,横浜,35.46598110000001,139.622062,6.8,虎ノ門ヒルズ,2,32,4,36
みなとみらい線,新高島,35.462038,139.626731,8.0,虎ノ門ヒルズ,2,51,4,55
みなとみらい線,みなとみらい,35.4573889,139.6327216,7.4,虎ノ門ヒルズ,2,36,4,40
みなとみらい線,馬車道,35.4501774,139.636271,7.7,虎ノ門ヒルズ,2,38,4,42
みなとみらい線,日本大通り,35.4468153,139.6425887,7.1,虎ノ門ヒルズ,2,39,4,43
みなとみらい線,元町・中華街,35.4427858,139.6499956,6.5,虎ノ門ヒルズ,2,41,4,45
埼玉高速鉄道線,戸塚安行,35.8590492,139.7537087,6.0,虎ノ門ヒルズ,2,56,4,60
埼玉高速鉄道線,新井宿,35.842748,139.737956,5.8,虎ノ門ヒルズ,2,52,4,56
埼玉高速鉄道線,鳩ヶ谷,35.8309104,139.7360684,5.6,虎ノ門ヒルズ,2,50,4,54
埼玉高速鉄道線,南鳩ヶ谷,35.8162585,139.7361382,5.6,虎ノ門ヒルズ,2,48,4,52
埼玉高速鉄道線,川口元郷,35.800392,139.730209,5.5,虎ノ門ヒルズ,2,45,4,49
埼玉高速鉄道線,赤羽岩淵,35.783504,139.721821,6.8,虎ノ門ヒルズ,2,41,4,45
東京メトロ丸ノ内線,池袋,35.7295028,139.7109001,7.3,虎ノ門ヒルズ,1,20,4,24
東京メトロ丸ノ内線,新大塚,35.7258009,139.7298975,7.8,虎ノ門ヒルズ,1,26,4,30
東京メトロ丸ノ内線,茗荷谷,35.7173731,139.7367799,8.0,虎ノ門ヒルズ,1,24,4,28
東京メトロ丸ノ内線,後楽園,35.7084859,139.7518216,8.8,虎ノ門ヒルズ,2,36,4,40
東京メトロ丸ノ内線,本郷三丁目,35.70750659999999,139.760436,8.5,虎ノ門ヒルズ,1,27,4,31
東京メトロ丸ノ内線,御茶ノ水,35.6997175,139.7644404,9.2,虎ノ門ヒルズ,1,18,4,22
東京メトロ丸ノ内線,東京,35.6812996,139.7670658,9.3,虎ノ門ヒルズ,0,13,4,17
東京メトロ丸ノ内線,四ツ谷,35.6861525,139.7302183,10.0,虎ノ門ヒルズ,0,13,4,17
東京メトロ丸ノ内線,四谷三丁目,35.6879318,139.7206307,9.1,虎ノ門ヒルズ,1,15,4,19
東京メトロ丸ノ内線,新宿御苑前,35.6885809,139.7106837,9.4,虎ノ門ヒルズ,1,17,4,21
東京メトロ丸ノ内線,新宿三丁目,35.6908823,139.7048821,9.2,虎ノ門ヒルズ,0,9,4,13
東京メトロ丸ノ内線,新宿,35.6896067,139.7005713,8.2,虎ノ門ヒルズ,0,4,4,8
東京メトロ丸ノ内線,西新宿,35.6943389,139.6929086,7.9,虎ノ門ヒルズ,1,19,4,23
東京メトロ丸ノ内線,中野坂上,35.6970686,139.6821613,7.5,虎ノ門ヒルズ,0,11,4,15
東京メトロ丸ノ内線,新中野,35.6974924,139.6689374,7.5,虎ノ門ヒルズ,1,20,4,24
東京メトロ丸ノ内線,東高円寺,35.698027,139.6579834,7.0,虎ノ門ヒルズ,1,22,4,26
東京メトロ丸ノ内線,新高円寺,35.697845,139.64847,7.0,虎ノ門ヒルズ,1,24,4,28
東京メトロ丸ノ内線,南阿佐ケ谷,35.699456,139.6355541,6.8,虎ノ門ヒルズ,1,26,4,30
東京メトロ丸ノ内線,荻窪,35.7045751,139.6200629,6.6,虎ノ門ヒルズ,1,22,4,26
東京メトロ副都心線,和光市,35.788363,139.6127811,5.5,虎ノ門ヒルズ,2,49,4,53
東京メトロ副都心線,地下鉄成増,35.7766972,139.6311902,5.5,虎ノ門ヒルズ,2,46,4,50
東京メトロ副都心線,地下鉄赤塚,35.769976,139.6440227,6.8,虎ノ門ヒルズ,2,44,4,48
東京メトロ副都心線,氷川台,35.7495622,139.6654662,6.0,虎ノ門ヒルズ,2,39,4,43
東京メトロ副都心線,小竹向原,35.74334109999999,139.6795208,6.7,虎ノ門ヒルズ,2,30,4,34
東京メトロ副都心線,千川,35.7382658,139.6893487,6.4,虎ノ門ヒルズ,2,34,4,38
東京メトロ副都心線,要町,35.733148,139.698492,6.7,虎ノ門ヒルズ,2,32,4,36
東京メトロ副都心線,池袋,35.7295028,139.7109001,7.3,虎ノ門ヒルズ,1,20,4,24
東京メトロ副都心線,雑司が谷,35.720199,139.7148445,7.2,虎ノ門ヒルズ,1,27,4,31
東京メトロ副都心線,西早稲田,35.7076468,139.7090048,7.5,虎ノ門ヒルズ,1,25,4,29
東京メトロ副都心線,東新宿,35.6979303,139.7074092,9.0,虎ノ門ヒルズ,2,40,4,44
東京メトロ副都心線,新宿三丁目,35.6908823,139.7048821,9.2,虎ノ門ヒルズ,0,9,4,13
東京メトロ千代田線,北綾瀬,35.7770135,139.8321012,6.0,虎ノ門ヒルズ,2,39,4,43
東京メトロ千代田線,綾瀬,35.762315,139.824924,6.0,虎ノ門ヒルズ,2,30,4,34
東京メトロ千代田線,北千住,35.7496762,139.8053433,7.2,虎ノ門ヒルズ,2,31,4,35
東京メトロ千代田線,町屋,35.742397,139.780335,6.8,虎ノ門ヒルズ,1,27,4,31
東京メトロ千代田線,西日暮里,35.7328473,139.7676078,7.2,虎ノ門ヒルズ,1,20,4,24
東京メトロ千代田線,千駄木,35.725483,139.7632433,7.0,虎ノ門ヒルズ,1,18,4,22
東京メトロ千代田線,根津,35.7173463,139.7657368,7.2,虎ノ門ヒルズ,1,16,4,20
東京メトロ千代田線,湯島,35.7071802,139.7699414,9.2,虎ノ門ヒルズ,0,14,4,18
東京メトロ千代田線,新御茶ノ水,35.696932,139.7654321,9.3,虎ノ門ヒルズ,0,12,4,16
東京メトロ千代田線,日比谷,35.6743573,139.7596196,8.6,虎ノ門ヒルズ,0,4,4,8
東京メトロ千代田線,代々木公園,35.6690987,139.6899634,9.7,虎ノ門ヒルズ,1,18,4,22
東京メトロ千代田線,代々木上原,35.6690026,139.6797332,8.5,虎ノ門ヒルズ,1,20,4,24
東京メトロ半蔵門線,青山一丁目,35.6727759,139.7239663,9.5,虎ノ門ヒルズ,0,1,4,5
東京メトロ半蔵門線,神保町,35.6959319,139.7576272,9.7,虎ノ門ヒルズ,0,11,4,15
東京メトロ半蔵門線,三越前,35.6871555,139.7735707,9.6,虎ノ門ヒルズ,0,14,4,18
東京メトロ半蔵門線,水天宮前,35.68299,139.785153,9.8,虎ノ門ヒルズ,1,21,4,25
東京メトロ半蔵門線,清澄白河,35.6822525,139.7987778,8.4,虎ノ門ヒルズ,1,15,4,19
東京メトロ半蔵門線,錦糸町,35.6967393,139.8144835,8.4,虎ノ門ヒルズ,1,27,4,31
東京メトロ南北線,赤羽岩淵,35.783504,139.721821,6.8,虎ノ門ヒルズ,2,41,4,45
東京メトロ南北線,志茂,35.778324,139.7322949,6.4,虎ノ門ヒルズ,2,39,4,43
東京メトロ南北線,王子神谷,35.7654235,139.7356263,6.5,虎ノ門ヒルズ,2,37,4,41
東京メトロ南北線,王子,35.7529945,139.7378714,6.7,虎ノ門ヒルズ,2,35,4,39
東京メトロ南北線,西ケ原,35.7459577,139.7422689,6.6,虎ノ門ヒルズ,2,33,4,37
東京メトロ南北線,駒込,35.7365665,139.7470098,7.3,虎ノ門ヒルズ,2,30,4,34
東京メトロ南北線,本駒込,35.7246424,139.7537444,7.7,虎ノ門ヒルズ,1,28,4,32
東京メトロ南北線,東大前,35.71762349999999,139.7581202,7.5,虎ノ門ヒルズ,1,26,4,30
東京メトロ南北線,後楽園,35.7084859,139.7518216,8.8,虎ノ門ヒルズ,2,36,4,40
東京メトロ南北線,飯田橋,35.7020837,139.7450232,9.6,虎ノ門ヒルズ,2,31,4,35
東京メトロ南北線,市ケ谷,35.6910121,139.7355674,9.7,虎ノ門ヒルズ,0,14,4,18
東京メトロ南北線,四ツ谷,35.6861525,139.7302183,10.0,虎ノ門ヒルズ,0,13,4,17
東京メトロ南北線,目黒,35.6340929,139.7158331,9.9,虎ノ門ヒルズ,0,14,4,18
東京メトロ日比谷線,小伝馬町,35.6907124,139.7785074,9.5,虎ノ門ヒルズ,1,16,4,20
東京メトロ日比谷線,北千住,35.7496762,139.8053433,7.2,虎ノ門ヒルズ,2,31,4,35
東京メトロ日比谷線,南千住,35.7339347,139.7994102,7.8,虎ノ門ヒルズ,1,28,4,32
東京メトロ日比谷線,三ノ輪,35.7296256,139.7913624,7.7,虎ノ門ヒルズ,1,26,4,30
東京メトロ日比谷線,入谷,35.7208778,139.7846947,7.7,虎ノ門ヒルズ,1,24,4,28
東京メトロ日比谷線,上野,35.7141672,139.7774091,8.2,虎ノ門ヒルズ,1,22,4,26
東京メトロ日比谷線,仲御徒町,35.706635,139.7761787,9.9,虎ノ門ヒルズ,1,20,4,24
東京メトロ日比谷線,秋葉原,35.698383,139.7730717,9.5,虎ノ門ヒルズ,1,18,4,22
東京メトロ日比谷線,人形町,35.6863395,139.7823384,9.6,虎ノ門ヒルズ,1,15,4,19
東京メトロ日比谷線,茅場町,35.6799355,139.7801631,9.7,虎ノ門ヒルズ,0,12,4,16
東京メトロ日比谷線,築地,35.6681139,139.7726249,9.8,虎ノ門ヒルズ,0,9,4,13
東京メトロ日比谷線,日比谷,35.6743573,139.7596196,8.6,虎ノ門ヒルズ,0,4,4,8
東京メトロ日比谷線,中目黒,35.6441631,139.6988444,9.5,虎ノ門ヒルズ,0,3,4,7
東京メトロ有楽町線,和光市,35.788363,139.6127811,5.5,虎ノ門ヒルズ,2,49,4,53
東京メトロ有楽町線,地下鉄成増,35.7766972,139.6311902,5.5,虎ノ門ヒルズ,2,46,4,50
東京メトロ有楽町線,地下鉄赤塚,35.769976,139.6440227,6.8,虎ノ門ヒルズ,2,44,4,48
東京メトロ有楽町線,氷川台,35.7495622,139.6654662,6.0,虎ノ門ヒルズ,2,39,4,43
東京メトロ有楽町線,小竹向原,35.74334109999999,139.6795208,6.7,虎ノ門ヒルズ,2,30,4,34
東京メトロ有楽町線,千川,35.7382658,139.6893487,6.4,虎ノ門ヒルズ,2,34,4,38
東京メトロ有楽町線,要町,35.733148,139.698492,6.7,虎ノ門ヒルズ,2,32,4,36
東京メトロ有楽町線,池袋,35.7295028,139.7109001,7.3,虎ノ門ヒルズ,1,20,4,24
東京メトロ有楽町線,東池袋,35.7260173,139.7189977,7.3,虎ノ門ヒルズ,1,27,4,31
東京メトロ有楽町線,護国寺,35.7189737,139.7275081,7.4,虎ノ門ヒルズ,1,25,4,29
東京メトロ有楽町線,江戸川橋,35.7097251,139.7329826,8.0,虎ノ門ヒルズ,1,23,4,27
東京メトロ有楽町線,飯田橋,35.7020837,139.7450232,9.6,虎ノ門ヒルズ,2,31,4,35
東京メトロ有楽町線,市ケ谷,35.6910121,139.7355674,9.7,虎ノ門ヒルズ,0,14,4,18
東京メトロ有楽町線,桜田門,35.6773322,139.7513691,4.0,虎ノ門ヒルズ,0,12,4,16
東京メトロ有楽町線,新富町,35.6705851,139.7735117,9.9,虎ノ門ヒルズ,1,16,4,20
東京メトロ有楽町線,豊洲,35.6537595,139.7954412,9.9,虎ノ門ヒルズ,1,16,4,20
東京メトロ有楽町線,辰巳,35.6457723,139.810347,9.3,虎ノ門ヒルズ,1,18,4,22
東京メトロ有楽町線,新木場,35.6459065,139.8267917,9.3,虎ノ門ヒルズ,1,21,4,25
東京メトロ東西線,西船橋,35.7074443,139.9590775,6.1,虎ノ門ヒルズ,2,38,4,42
東京メトロ東西線,原木中山,35.7033579,139.9418925,5.3,虎ノ門ヒルズ,2,41,4,45
東京メトロ東西線,妙典,35.6914851,139.9248953,5.6,虎ノ門ヒルズ,2,38,4,42
東京メトロ東西線,行徳,35.682604,139.914142,5.1,虎ノ門ヒルズ,2,36,4,40
東京メトロ東西線,南行徳,35.672716,139.902227,5.2,虎ノ門ヒルズ,2,34,4,38
東京メトロ東西線,浦安,35.6658833,139.8932558,5.3,虎ノ門ヒルズ,2,31,4,35
東京メトロ東西線,葛西,35.6635395,139.8726529,5.9,虎ノ門ヒルズ,1,27,4,31
東京メトロ東西線,西葛西,35.664577,139.8592032,5.8,虎ノ門ヒルズ,1,25,4,29
東京メトロ東西線,南砂町,35.6686978,139.8308161,7.8,虎ノ門ヒルズ,1,22,4,26
東京メトロ東西線,東陽町,35.6696241,139.8177096,8.5,虎ノ門ヒルズ,1,20,4,24
東京メトロ東西線,木場,35.6693678,139.8067878,8.8,虎ノ門ヒルズ,1,18,4,22
東京メトロ東西線,門前仲町,35.6720326,139.7956907,8.8,虎ノ門ヒルズ,0,12,4,16
東京メトロ東西線,茅場町,35.6799355,139.7801631,9.7,虎ノ門ヒルズ,0,12,4,16
東京メトロ東西線,飯田橋,35.7020837,139.7450232,9.6,虎ノ門ヒルズ,2,31,4,35
東京メトロ東西線,神楽坂,35.703869,139.7344316,8.6,虎ノ門ヒルズ,1,28,4,32
東京メトロ東西線,早稲田,35.7058216,139.7212004,7.6,虎ノ門ヒルズ,2,53,4,57
東京メトロ東西線,高田馬場,35.7125654,139.7038615,7.6,虎ノ門ヒルズ,1,19,4,23
東京メトロ東西線,落合,35.7106227,139.6861327,7.3,虎ノ門ヒルズ,2,36,4,40
東京メトロ東西線,中野,35.7054067,139.6658254,7.2,虎ノ門ヒルズ,1,18,4,22
東京メトロ東西線,高円寺,35.7053457,139.6499291,,虎ノ門ヒルズ,1,21,4,25
東京メトロ東西線,阿佐ケ谷,35.7049247,139.6361231,,虎ノ門ヒルズ,1,23,4,27
東京メトロ東西線,荻窪,35.7045751,139.6200629,,虎ノ門ヒルズ,1,22,4,26
東京メトロ東西線,西荻窪,35.7036961,139.600182,,虎ノ門ヒルズ,1,28,4,32
東京メトロ東西線,吉祥寺,35.7031485,139.5798087,,虎ノ門ヒルズ,1,26,4,30
東京メトロ東西線,三鷹,35.7027156,139.5610291,,虎ノ門ヒルズ,1,29,4,33
東京メトロ銀座線,浅草,35.7098669,139.7971675,8.2,虎ノ門ヒルズ,1,25,4,29
東京メトロ銀座線,田原町,35.7098833,139.7907335,8.5,虎ノ門ヒルズ,1,28,4,32
東京メトロ銀座線,稲荷町,35.7113443,139.7826841,8.5,虎ノ門ヒルズ,1,27,4,31
東京メトロ銀座線,上野,35.7141672,139.7774091,8.2,虎ノ門ヒルズ,1,22,4,26
東京メトロ銀座線,上野広小路,35.7078788,139.7729859,10.0,虎ノ門ヒルズ,1,28,4,32
東京メトロ銀座線,三越前,35.6871555,139.7735707,9.6,虎ノ門ヒルズ,0,14,4,18
東京メトロ銀座線,青山一丁目,35.6727759,139.7239663,9.5,虎ノ門ヒルズ,0,1,4,5
東京メトロ銀座線,外苑前,35.6706165,139.7180621,10.0,虎ノ門ヒルズ,0,7,4,11
横浜市営地下鉄グリーンライン,中山,35.5148115,139.53935,5.3,虎ノ門ヒルズ,2,45,4,49
横浜市営地下鉄グリーンライン,川和町,35.5284388,139.5492424,6.2,虎ノ門ヒルズ,2,45,4,49
横浜市営地下鉄グリーンライン,都筑ふれあいの丘,35.5365677,139.5613048,6.7,虎ノ門ヒルズ,2,42,4,46
横浜市営地下鉄グリーンライン,センター南,35.5455828,139.5745099,7.4,虎ノ門ヒルズ,2,40,4,44
横浜市営地下鉄グリーンライン,センター北,35.553138,139.578482,7.5,虎ノ門ヒルズ,2,38,4,42
横浜市営地下鉄グリーンライン,東山田,35.554194,139.60484,7.1,虎ノ門ヒルズ,2,33,4,37
横浜市営地下鉄グリーンライン,日吉本町,35.550036,139.6336133,6.0,虎ノ門ヒルズ,1,29,4,33
横浜市営地下鉄グリーンライン,日吉,35.553449,139.6470623,6.0,虎ノ門ヒルズ,1,20,4,24
横浜市営地下鉄ブルーライン,下飯田,35.4034517,139.4831672,6.5,虎ノ門ヒルズ,2,56,4,60
横浜市営地下鉄ブルーライン,立場,35.4144844,139.5009935,5.9,虎ノ門ヒルズ,2,54,4,58
横浜市営地下鉄ブルーライン,踊場,35.4055836,139.5187107,5.2,虎ノ門ヒルズ,2,50,4,54
横浜市営地下鉄ブルーライン,戸塚,35.40076639999999,139.5342039,5.1,虎ノ門ヒルズ,2,44,4,48
横浜市営地下鉄ブルーライン,舞岡,35.4025543,139.5512281,5.1,虎ノ門ヒルズ,2,56,4,60
横浜市営地下鉄ブルーライン,上大岡,35.4091218,139.5966291,5.3,虎ノ門ヒルズ,2,50,4,54
横浜市営地下鉄ブルーライン,弘明寺,35.4243856,139.5968031,5.4,虎ノ門ヒルズ,2,54,4,58
横浜市営地下鉄ブルーライン,蒔田,35.429902,139.609956,5.2,虎ノ門ヒルズ,2,52,4,56
横浜市営地下鉄ブルーライン,吉野町,35.4353957,139.6184715,5.3,虎ノ門ヒルズ,2,50,4,54
横浜市営地下鉄ブルーライン,阪東橋,35.437596,139.625177,5.4,虎ノ門ヒルズ,2,48,4,52
横浜市営地下鉄ブルーライン,伊勢佐木長者町,35.4411351,139.6329989,6.0,虎ノ門ヒルズ,2,47,4,51
横浜市営地下鉄ブルーライン,関内,35.4439663,139.6354978,6.7,虎ノ門ヒルズ,2,51,4,55
横浜市営地下鉄ブルーライン,桜木町,35.4509136,139.6310595,6.8,虎ノ門ヒルズ,2,49,4,53
横浜市営地下鉄ブルーライン,高島町,35.458788,139.623537,6.6,虎ノ門ヒルズ,2,41,4,45
横浜市営地下鉄ブルーライン,横浜,35.46598110000001,139.622062,6.8,虎ノ門ヒルズ,2,32,4,36
横浜市営地下鉄ブルーライン,三ツ沢下町,35.4765007,139.6150268,5.9,虎ノ門ヒルズ,2,44,4,48
横浜市営地下鉄ブルーライン,三ツ沢上町,35.4764874,139.6046976,5.0,虎ノ門ヒルズ,2,46,4,50
横浜市営地下鉄ブルーライン,片倉町,35.489951,139.6064261,4.6,虎ノ門ヒルズ,2,49,4,53
横浜市営地下鉄ブルーライン,岸根公園,35.4965468,139.6171984,5.6,虎ノ門ヒルズ,2,51,4,55
横浜市営地下鉄ブルーライン,新横浜,35.5076585,139.6175553,6.5,虎ノ門ヒルズ,1,28,4,32
横浜市営地下鉄ブルーライン,北新横浜,35.519226,139.612813,7.4,虎ノ門ヒルズ,2,54,4,58
横浜市営地下鉄ブルーライン,新羽,35.527475,139.612119,6.4,虎ノ門ヒルズ,2,45,4,49
横浜市営地下鉄ブルーライン,仲町台,35.5353086,139.5896081,6.4,虎ノ門ヒルズ,2,50,4,54
横浜市営地下鉄ブルーライン,センター南,35.5455828,139.5745099,7.4,虎ノ門ヒルズ,2,40,4,44
横浜市営地下鉄ブルーライン,センター北,35.553138,139.578482,7.5,虎ノ門ヒルズ,2,38,4,42
横浜市営地下鉄ブルーライン,あざみ野,35.5685796,139.5534552,6.3,虎ノ門ヒルズ,2,34,4,38
都営三田線,西高島平,35.7918903,139.6458828,5.4,虎ノ門ヒルズ,2,50,4,54
都営三田線,新高島平,35.7902275,139.6542777,5.4,虎ノ門ヒルズ,2,48,4,52
都営三田線,高島平,35.788919,139.661271,5.3,虎ノ門ヒルズ,2,47,4,51
都営三田線,西台,35.7870582,139.6727974,5.8,虎ノ門ヒルズ,2,45,4,49
都営三田線,蓮根,35.7841976,139.6790192,6.4,虎ノ門ヒルズ,2,43,4,47
都営三田線,志村三丁目,35.7774805,139.6858707,6.5,虎ノ門ヒルズ,2,40,4,44
都営三田線,志村坂上,35.7757692,139.6953874,6.3,虎ノ門ヒルズ,2,39,4,43
都営三田線,本蓮沼,35.7685159,139.70247,6.3,虎ノ門ヒルズ,2,37,4,41
都営三田線,板橋本町,35.7612601,139.7055333,6.5,虎ノ門ヒルズ,2,35,4,39
都営三田線,板橋区役所前,35.7515914,139.7097176,7.0,虎ノ門ヒルズ,2,33,4,37
都営三田線,新板橋,35.7488113,139.7201652,6.7,虎ノ門ヒルズ,2,31,4,35
都営三田線,西巣鴨,35.7436944,139.7285589,6.9,虎ノ門ヒルズ,1,29,4,33
都営三田線,巣鴨,35.7334192,139.7392848,7.7,虎ノ門ヒルズ,1,27,4,31
都営三田線,千石,35.7278755,139.7448665,8.0,虎ノ門ヒルズ,1,25,4,29
都営三田線,春日,35.7084518,139.7535896,8.3,虎ノ門ヒルズ,1,29,4,33
都営三田線,水道橋,35.7020484,139.7535016,9.2,虎ノ門ヒルズ,1,19,4,23
都営三田線,神保町,35.6959319,139.7576272,9.7,虎ノ門ヒルズ,0,11,4,15
都営三田線,日比谷,35.6743573,139.7596196,8.6,虎ノ門ヒルズ,0,4,4,8
都営三田線,目黒,35.6340929,139.7158331,9.9,虎ノ門ヒルズ,0,14,4,18
都営大江戸線,都庁前,35.6905696,139.6926607,8.0,虎ノ門ヒルズ,0,6,4,10
都営大江戸線,新宿西口,35.6932917,139.6991323,9.7,虎ノ門ヒルズ,1,21,4,25
都営大江戸線,東新宿,35.6979303,139.7074092,9.0,虎ノ門ヒルズ,2,40,4,44
都営大江戸線,若松河田,35.699236,139.7180749,8.2,虎ノ門ヒルズ,2,37,4,41
都営大江戸線,牛込柳町,35.699462,139.7255394,8.4,虎ノ門ヒルズ,2,36,4,40
都営大江戸線,牛込神楽坂,35.7008576,139.7358743,8.9,虎ノ門ヒルズ,2,34,4,38
都営大江戸線,飯田橋,35.7020837,139.7450232,9.6,虎ノ門ヒルズ,2,31,4,35
都営大江戸線,春日,35.7084518,139.7535896,8.3,虎ノ門ヒルズ,1,29,4,33
都営大江戸線,本郷三丁目,35.70750659999999,139.760436,8.5,虎ノ門ヒルズ,1,27,4,31
都営大江戸線,新御徒町,35.7069936,139.7819408,9.0,虎ノ門ヒルズ,1,23,4,27
都営大江戸線,蔵前,35.7031637,139.7908275,9.2,虎ノ門ヒルズ,1,21,4,25
都営大江戸線,両国,35.6959325,139.7928696,8.6,虎ノ門ヒルズ,1,28,4,32
都営大江戸線,森下,35.6880172,139.7982074,8.3,虎ノ門ヒルズ,1,17,4,21
都営大江戸線,清澄白河,35.6822525,139.7987778,8.4,虎ノ門ヒルズ,1,15,4,19
都営大江戸線,門前仲町,35.6720326,139.7956907,8.8,虎ノ門ヒルズ,0,12,4,16
都営大江戸線,築地市場,35.6648801,139.7668777,9.1,虎ノ門ヒルズ,0,6,4,10
都営大江戸線,青山一丁目,35.6727759,139.7239663,9.5,虎ノ門ヒルズ,0,1,4,5
都営大江戸線,国立競技場,35.6801659,139.7137789,9.2,虎ノ門ヒルズ,0,1,4,5
都営大江戸線,新宿,35.6896067,139.7005713,8.2,虎ノ門ヒルズ,0,4,4,8
都営大江戸線,西新宿五丁目,35.689875,139.6845503,7.7,虎ノ門ヒルズ,0,8,4,12
都営大江戸線,中野坂上,35.6970686,139.6821613,7.5,虎ノ門ヒルズ,0,11,4,15
都営大江戸線,東中野,35.7062478,139.6837613,7.5,虎ノ門ヒルズ,0,13,4,17
都営大江戸線,中井,35.7150776,139.6871252,7.0,虎ノ門ヒルズ,0,14,4,18
都営大江戸線,落合南長崎,35.7234039,139.6834785,6.5,虎ノ門ヒルズ,1,17,4,21
都営大江戸線,新江古田,35.732592,139.670439,6.3,虎ノ門ヒルズ,1,19,4,23
都営大江戸線,練馬,35.737841,139.653912,6.4,虎ノ門ヒルズ,1,22,4,26
都営大江戸線,豊島園,35.7425725,139.6489471,6.5,虎ノ門ヒルズ,2,30,4,34
都営大江戸線,練馬春日町,35.7514626,139.6401514,6.8,虎ノ門ヒルズ,1,26,4,30
都営大江戸線,光が丘,35.7585093,139.6289329,7.0,虎ノ門ヒルズ,1,28,4,32
都営新宿線,本八幡,35.7210914,139.9272341,6.0,虎ノ門ヒルズ,2,44,4,48
都営新宿線,篠崎,35.7059504,139.9039271,6.2,虎ノ門ヒルズ,2,44,4,48
都営新宿線,瑞江,35.69332,139.8977053,6.0,虎ノ門ヒルズ,2,38,4,42
都営新宿線,一之江,35.685936,139.882978,5.8,虎ノ門ヒルズ,2,36,4,40
都営新宿線,船堀,35.6838551,139.8641384,6.0,虎ノ門ヒルズ,2,33,4,37
都営新宿線,東大島,35.689932,139.8475291,6.8,虎ノ門ヒルズ,2,31,4,35
都営新宿線,西大島,35.689371,139.826351,7.6,虎ノ門ヒルズ,1,27,4,31
都営新宿線,菊川,34.761477,138.0854392,8.5,虎ノ門ヒルズ,1,23,4,27
都営新宿線,森下,35.6880172,139.7982074,8.3,虎ノ門ヒルズ,1,17,4,21
都営新宿線,浜町,35.68840369999999,139.7877372,9.4,虎ノ門ヒルズ,1,24,4,28
都営新宿線,馬喰横山,35.691857,139.7831068,8.9,虎ノ門ヒルズ,1,23,4,27
都営新宿線,岩本町,35.6955713,139.7751813,9.9,虎ノ門ヒルズ,1,25,4,29
都営新宿線,小川町,35.6951799,139.7668774,9.9,虎ノ門ヒルズ,1,20,4,24
都営新宿線,神保町,35.6959319,139.7576272,9.7,虎ノ門ヒルズ,0,11,4,15
都営新宿線,曙橋,35.6923758,139.7226303,9.1,虎ノ門ヒルズ,0,11,4,15
都営新宿線,新宿三丁目,35.6908823,139.7048821,9.2,虎ノ門ヒルズ,0,9,4,13
都営新宿線,新宿,35.6896067,139.7005713,8.2,虎ノ門ヒルズ,0,4,4,8
都営浅草線,本所吾妻橋,35.7085984,139.8045672,8.0,虎ノ門ヒルズ,1,27,4,31
都営浅草線,浅草,35.7098669,139.7971675,8.2,虎ノ門ヒルズ,1,25,4,29
都営浅草線,蔵前,35.7031637,139.7908275,9.2,虎ノ門ヒルズ,1,21,4,25
都営浅草線,浅草橋,35.6974952,139.7859834,9.2,虎ノ門ヒルズ,1,21,4,25
都営浅草線,東日本橋,35.69215519999999,139.7848473,9.0,虎ノ門ヒルズ,1,20,4,24
都営浅草線,人形町,35.6863395,139.7823384,9.6,虎ノ門ヒルズ,1,15,4,19
都営浅草線,五反田,35.6261591,139.7236022,8.9,虎ノ門ヒルズ,1,29,4,33
都営浅草線,戸越,35.6145248,139.7163324,8.1,虎ノ門ヒルズ,1,21,4,25
都営浅草線,中延,35.6058183,139.7127554,8.1,虎ノ門ヒルズ,1,23,4,27
都営浅草線,馬込,35.5963863,139.7118295,7.1,虎ノ門ヒルズ,1,25,4,29
都営浅草線,西馬込,35.5868252,139.7059056,6.8,虎ノ門ヒルズ,1,27,4,31
わたらせ渓谷鐵道,中野,35.7054067,139.6658254,,虎ノ門ヒルズ,1,18,4,22
上毛電気鉄道上毛線,赤坂,35.6722117,139.73638,,虎ノ門ヒルズ,2,33,4,37
伊豆箱根鉄道大雄山線,小田原,35.2564449,139.1553932,5.3,虎ノ門ヒルズ,2,53,4,57
富士急行線,赤坂,35.6722117,139.73638,,虎ノ門ヒルズ,2,33,4,37
富士急行線,十日市場,35.526222,139.516543,,虎ノ門ヒルズ,2,48,4,52
江ノ電,藤沢,35.3388984,139.4874695,5.9,虎ノ門ヒルズ,2,55,4,59
流鉄流山線,馬橋,35.81134000000001,139.917276,4.5,虎ノ門ヒルズ,2,46,4,50
流鉄流山線,幸谷,35.826334,139.9198036,4.3,虎ノ門ヒルズ,2,53,4,57
箱根登山鉄道,小田原,35.2564449,139.1553932,5.3,虎ノ門ヒルズ,2,53,4,57
