line,from,to,trans,min,lat,lng,price,walk_min
JR中央・総武線各駅停車,三鷹,大塚,1,36,35.7027156,139.5610291,11.5,8
JR中央・総武線各駅停車,吉祥寺,大塚,1,33,35.7031485,139.5798087,12.0,8
JR中央・総武線各駅停車,西荻窪,大塚,1,30,35.7036961,139.600182,12.5,8
JR中央・総武線各駅停車,荻窪,大塚,1,28,35.7036961,139.600182,12.5,8
JR中央・総武線各駅停車,阿佐ケ谷,大塚,1,25,35.7049247,139.6361231,13.0,8
JR中央・総武線各駅停車,高円寺,大塚,1,23,35.7053457,139.6499291,13.0,8
JR中央・総武線各駅停車,中野,大塚,1,19,35.7054067,139.6658254,13.5,8
JR中央・総武線各駅停車,東中野,大塚,1,19,35.7062478,139.6837613,13.8,8
JR中央・総武線各駅停車,大久保,大塚,1,17,0.0,0.0,15.5,8
JR中央・総武線各駅停車,新宿,大塚,0,11,35.6896067,139.7005713,18.9,8
JR中央・総武線各駅停車,代々木,大塚,0,14,35.683033,139.7020555,18.5,8
JR中央・総武線各駅停車,千駄ケ谷,大塚,1,16,35.6811956,139.7112808,19.2,8
JR中央・総武線各駅停車,信濃町,大塚,1,17,35.6800602,139.7203199,17.8,8
JR中央・総武線各駅停車,四ツ谷,大塚,1,18,35.6861525,139.7302183,18.4,8
JR中央・総武線各駅停車,市ケ谷,大塚,1,20,35.6910121,139.7355674,18.9,8
JR中央・総武線各駅停車,飯田橋,大塚,1,18,35.7020837,139.7450232,17.5,8
JR中央・総武線各駅停車,水道橋,大塚,1,14,35.7020484,139.7535016,17.5,8
JR中央・総武線各駅停車,御茶ノ水,大塚,1,20,35.6997175,139.7644404,17.9,8
JR中央・総武線各駅停車,秋葉原,大塚,0,17,35.698383,139.7730717,17.0,8
JR中央・総武線各駅停車,浅草橋,大塚,1,22,35.6974952,139.7859834,16.2,8
JR中央・総武線各駅停車,両国,大塚,1,25,35.6961328,139.7927196,14.8,8
JR中央・総武線各駅停車,錦糸町,大塚,1,28,35.6967393,139.8144835,14.2,8
JR中央・総武線各駅停車,亀戸,大塚,1,30,35.6973225,139.8265658,11.4,8
JR中央・総武線各駅停車,平井,大塚,1,33,35.7065625,139.8427227,9.7,8
JR中央・総武線各駅停車,新小岩,大塚,1,36,35.7174462,139.8586312,8.7,8
JR中央・総武線各駅停車,小岩,大塚,1,40,35.7174462,139.8586312,8.7,8
JR中央・総武線各駅停車,市川,大塚,1,43,35.728821,139.908197,9.3,8
JR中央・総武線各駅停車,下総中山,大塚,1,49,35.7143133,139.9430576,8.5,8
JR中央・総武線各駅停車,西船橋,大塚,1,52,35.7074443,139.9590775,9.7,8
JR中央・総武線各駅停車,船橋,大塚,1,55,35.7074443,139.9590775,9.7,8
JR中央・総武線各駅停車,東船橋,大塚,1,57,35.6998137,140.0042979,9.2,8
JR中央・総武線各駅停車,津田沼,大塚,1,60,35.6912149,140.0204072,8.7,8
JR中央・総武線各駅停車,幕張本郷,大塚,1,64,35.6727454,140.042304,7.8,8
JR中央・総武線各駅停車,幕張,大塚,1,67,35.6727454,140.042304,7.8,8
JR中央・総武線各駅停車,新検見川,大塚,1,70,35.651751,140.073325,6.6,8
JR中央・総武線各駅停車,稲毛,大塚,1,70,35.63717,140.09249,6.8,8
JR中央・総武線各駅停車,西千葉,大塚,1,77,35.622644,140.103295,6.0,8
JR中央・総武線各駅停車,千葉,大塚,1,74,35.622644,140.103295,6.0,8
JR中央線,東京,大塚,0,21,35.68123620000001,139.7671248,18.8,8
JR中央線,神田,大塚,0,19,35.6918216,139.7709318,17.7,8
JR中央線,御茶ノ水,大塚,1,20,35.6997175,139.7644404,17.9,8
JR中央線,四ツ谷,大塚,1,18,35.6861525,139.7302183,18.4,8
JR中央線,新宿,大塚,0,11,35.6896067,139.7005713,18.9,8
JR中央線,中野,大塚,1,19,35.7054067,139.6658254,13.5,8
JR中央線,高円寺,大塚,1,23,35.7053457,139.6499291,13.0,8
JR中央線,阿佐ケ谷,大塚,1,25,35.7049247,139.6361231,13.0,8
JR中央線,荻窪,大塚,1,28,35.7045751,139.6200629,12.5,8
JR中央線,西荻窪,大塚,1,30,35.7036961,139.600182,12.5,8
JR中央線,吉祥寺,大塚,1,33,35.7031485,139.5798087,12.0,8
JR中央線,三鷹,大塚,1,36,35.7027156,139.5610291,11.5,8
JR中央線,武蔵境,大塚,1,39,35.7021388,139.5436578,11.3,8
JR中央線,東小金井,大塚,1,41,35.7015507,139.5239042,11.0,8
JR中央線,武蔵小金井,大塚,1,44,35.7011232,139.506912,9.7,8
JR中央線,国分寺,大塚,1,47,35.7002201,139.4802697,9.5,8
JR中央線,西国分寺,大塚,1,50,35.6998082,139.4657772,9.8,8
JR中央線,国立,大塚,1,53,35.69917300000001,139.446376,9.3,8
JR中央線,立川,大塚,1,48,35.6979144,139.4137408,8.8,8
JR中央線,日野,大塚,1,60,35.6793641,139.3940577,8.0,8
JR中央線,豊田,大塚,1,63,35.6595199,139.3815002,8.1,8
JR中央線,八王子,大塚,1,57,35.6556157,139.3388529,8.1,8
JR中央線,西八王子,大塚,1,74,35.6565083,139.3124204,7.6,8
JR中央線,高尾,大塚,1,77,35.64222609999999,139.2818312,6.0,8
JR久留里線,木更津,大塚,1,105,35.3815785,139.926229,6.5,8
JR久留里線,上総清川,大塚,2,115,35.3909554,139.9655329,6.1,8
JR久留里線,東清川,大塚,2,118,35.39002809999999,139.9858005,5.3,8
JR久留里線,横田,大塚,2,123,35.3861959,140.0201175,4.7,8
JR久留里線,東横田,大塚,2,128,35.3862769,140.0364353,4.7,8
JR久留里線,馬来田,大塚,2,133,35.3667824,140.0585317,4.7,8
JR久留里線,下郡,大塚,2,137,35.3552795,140.0554536,4.7,8
JR久留里線,小櫃,大塚,2,141,35.3280923,140.0598387,4.7,8
JR久留里線,俵田,大塚,2,145,35.31454000000001,140.0613769,4.7,8
JR久留里線,久留里,大塚,2,150,35.29586949999999,140.0757362,4.7,8
JR久留里線,平山,大塚,1,76,35.2742929,140.0645627,4.7,8
JR久留里線,上総松丘,大塚,2,161,35.2577822,140.0640014,4.7,8
JR五日市線,拝島,大塚,1,59,35.72113,139.3436514,6.0,8
JR五日市線,熊川,大塚,2,71,35.7284086,139.3354048,5.9,8
JR五日市線,東秋留,大塚,2,73,35.7259108,139.3108079,5.3,8
JR五日市線,秋川,大塚,2,79,35.728084,139.2866522,5.6,8
JR五日市線,武蔵引田,大塚,2,81,35.72986119999999,139.2702242,5.5,8
JR五日市線,武蔵増戸,大塚,2,83,35.7309423,139.2563073,6.1,8
JR五日市線,武蔵五日市,大塚,2,88,35.732303,139.228337,4.5,8
JR京浜東北線,さいたま新都心,大塚,1,46,35.893795,139.633741,11.0,8
JR京浜東北線,与野,大塚,1,41,35.8843917,139.6390764,9.1,8
JR京浜東北線,北浦和,大塚,1,39,35.872187,139.645713,9.8,8
JR京浜東北線,浦和,大塚,1,32,35.872187,139.645713,9.8,8
JR京浜東北線,南浦和,大塚,1,33,35.8473849,139.6695734,8.3,8
JR京浜東北線,蕨,大塚,1,29,35.8280777,139.6903234,8.1,8
JR京浜東北線,西川口,大塚,1,26,35.8155374,139.7043642,8.2,8
JR京浜東北線,川口,大塚,1,23,35.8155374,139.7043642,8.2,8
JR京浜東北線,赤羽,大塚,1,17,35.7776951,139.7205691,12.0,8
JR京浜東北線,東十条,大塚,1,17,35.763949,139.7268722,11.2,8
JR京浜東北線,王子,大塚,0,20,35.7529945,139.7378714,10.9,8
JR京浜東北線,上中里,大塚,1,12,35.7465785,139.7469573,12.0,8
JR京浜東北線,田端,大塚,0,6,35.7381581,139.7608154,11.4,8
JR京浜東北線,西日暮里,大塚,0,8,35.7324125,139.7677967,12.0,8
JR京浜東北線,日暮里,大塚,0,10,35.7324125,139.7677967,12.0,8
JR京浜東北線,鶯谷,大塚,0,12,35.7214573,139.7780133,13.4,8
JR京浜東北線,上野,大塚,0,14,35.7141672,139.7774091,15.5,8
JR京浜東北線,御徒町,大塚,0,16,35.7075185,139.7748564,16.0,8
JR京浜東北線,秋葉原,大塚,0,17,35.698383,139.7730717,17.0,8
JR京浜東北線,神田,大塚,0,19,35.6918216,139.7709318,17.7,8
JR京浜東北線,東京,大塚,0,21,35.68123620000001,139.7671248,18.8,8
JR京浜東北線,有楽町,大塚,0,24,35.6750133,139.7630204,18.7,8
JR京浜東北線,新橋,大塚,0,26,35.666379,139.7583398,22.7,8
JR京浜東北線,浜松町,大塚,0,28,35.6553809,139.7571289,22.4,8
JR京浜東北線,田町,大塚,0,30,35.6457361,139.7475624,19.0,8
JR京浜東北線,高輪ゲートウェイ,大塚,0,33,35.6355207,139.7406809,19.4,8
JR京浜東北線,品川,大塚,0,32,35.6284713,139.7387597,18.2,8
JR京浜東北線,大井町,大塚,1,28,35.6076153,139.7346592,14.5,8
JR京浜東北線,大森,大塚,1,39,35.5884467,139.7278683,12.7,8
JR京浜東北線,蒲田,大塚,1,43,35.5624794,139.7160731,12.0,8
JR京浜東北線,川崎,大塚,1,45,35.5313654,139.696889,10.0,8
JR京浜東北線,鶴見,大塚,1,52,35.5080356,139.6762625,9.7,8
JR京浜東北線,新子安,大塚,1,59,35.4870546,139.6548105,10.2,8
JR京浜東北線,東神奈川,大塚,1,62,35.4779292,139.6333614,11.5,8
JR京浜東北線,横浜,大塚,1,47,35.46598110000001,139.622062,12.2,8
JR京浜東北線,桜木町,大塚,1,68,35.4509136,139.6310595,12.2,8
JR京浜東北線,関内,大塚,1,70,35.4439663,139.6354978,12.3,8
JR京浜東北線,石川町,大塚,1,72,35.4387746,139.6430494,11.2,8
JR京浜東北線,山手,大塚,1,74,35.42686,139.6463741,9.2,8
JR京浜東北線,根岸,大塚,1,77,35.415819,139.6350457,9.0,8
JR京浜東北線,磯子,大塚,1,80,35.3998639,139.6179011,8.7,8
JR京浜東北線,新杉田,大塚,1,84,35.3867269,139.619549,9.5,8
JR京浜東北線,洋光台,大塚,1,87,35.378769,139.597042,7.9,8
JR京浜東北線,港南台,大塚,1,90,35.37513,139.576405,7.6,8
JR京浜東北線,本郷台,大塚,1,93,35.3674373,139.5502526,7.5,8
JR京浜東北線,大船,大塚,1,66,35.3540475,139.5312989,8.5,8
JR京葉線,東京,大塚,0,21,35.68123620000001,139.7671248,18.8,8
JR京葉線,八丁堀,大塚,1,33,35.6746248,139.7768846,17.9,8
JR京葉線,越中島,大塚,1,39,35.6679621,139.7926487,15.7,8
JR京葉線,潮見,大塚,1,42,35.6587316,139.8174046,12.2,8
JR京葉線,新木場,大塚,1,44,35.6459065,139.8267917,12.4,8
JR京葉線,葛西臨海公園,大塚,1,48,35.6444342,139.8615775,8.5,8
JR京葉線,舞浜,大塚,1,54,35.6361543,139.8838749,9.0,8
JR京葉線,新浦安,大塚,1,57,35.6495086,139.9125145,9.4,8
JR京葉線,市川塩浜,大塚,1,61,35.6665779,139.9235242,9.0,8
JR京葉線,二俣新町,大塚,1,65,35.6913568,139.959505,8.3,8
JR京葉線,南船橋,大塚,1,68,35.6819092,139.9955789,8.3,8
JR京葉線,新習志野,大塚,1,71,35.667386,140.012968,7.0,8
JR京葉線,海浜幕張,大塚,1,76,35.6484764,140.0419868,8.1,8
JR京葉線,検見川浜,大塚,1,79,35.637204,140.0592067,6.6,8
JR京葉線,稲毛海岸,大塚,1,81,35.629503,140.073825,6.9,8
JR京葉線,千葉みなと,大塚,1,85,35.606701,140.102768,9.2,8
JR京葉線,蘇我,大塚,1,78,35.5814199,140.1311605,7.5,8
JR八高線,八王子,大塚,1,57,35.6556157,139.3388529,8.1,8
JR八高線,北八王子,大塚,2,67,35.6693584,139.3633717,7.2,8
JR八高線,小宮,大塚,2,73,35.685518,139.3688694,6.2,8
JR八高線,拝島,大塚,1,59,35.72113,139.3436514,6.0,8
JR八高線,東福生,大塚,2,79,35.7459195,139.3359822,5.8,8
JR八高線,箱根ケ崎,大塚,2,83,35.771662,139.346742,5.3,8
JR八高線,金子,大塚,2,78,35.810796,139.328604,4.5,8
JR八高線,東飯能,大塚,2,69,35.853014,139.32613,5.5,8
JR八高線,高麗川,大塚,2,64,35.8962482,139.3379637,5.2,8
JR八高線,毛呂,大塚,3,80,35.9407256,139.3093221,3.4,8
JR八高線,越生,大塚,2,72,35.9621646,139.2993754,4.7,8
JR八高線,明覚,大塚,2,108,36.0033412,139.2888535,4.0,8
JR八高線,小川町,大塚,1,26,36.0584173,139.2613431,4.0,8
JR八高線,竹沢,大塚,2,107,36.075486,139.2299346,3.6,8
JR八高線,折原,大塚,2,112,36.0962049,139.1952423,4.7,8
JR八高線,寄居,大塚,2,105,36.1178872,139.1945371,4.8,8
JR八高線,用土,大塚,2,117,36.1534903,139.2009318,4.7,8
JR八高線,児玉,大塚,2,108,36.1925208,139.1359073,4.0,8
JR八高線,丹荘,大塚,2,103,36.2167652,139.1023958,3.7,8
JR八高線,群馬藤岡,大塚,2,94,36.2501593,139.0833239,3.0,8
JR八高線,北藤岡,大塚,2,89,36.2826529,139.0804668,4.3,8
JR八高線,倉賀野,大塚,1,132,36.3002847,139.0491638,6.0,8
JR八高線,高崎,大塚,1,69,36.3228267,139.0126623,6.4,8
JR内房線,千葉,大塚,1,74,35.6129259,140.1134781,8.1,8
JR内房線,本千葉,大塚,1,80,35.6018503,140.1207196,7.5,8
JR内房線,蘇我,大塚,1,78,35.5814199,140.1311605,7.5,8
JR内房線,浜野,大塚,1,91,35.5520062,140.1320503,7.0,8
JR内房線,八幡宿,大塚,1,93,35.5363502,140.1200926,6.1,8
JR内房線,五井,大塚,1,88,35.5133059,140.0896418,5.6,8
JR内房線,姉ケ崎,大塚,1,94,35.4785957,140.042129,5.9,8
JR内房線,袖ケ浦,大塚,1,111,35.4321885,139.9578287,6.8,8
JR内房線,巌根,大塚,1,114,35.414552,139.933679,5.3,8
JR内房線,木更津,大塚,1,105,35.3815785,139.926229,6.5,8
JR内房線,君津,大塚,1,125,35.3336671,139.8950422,4.6,8
JR内房線,青堀,大塚,2,120,35.3305311,139.8589388,4.9,8
JR内房線,大貫,大塚,2,125,35.2917576,139.8556351,4.7,8
JR内房線,佐貫町,大塚,2,129,35.2606378,139.8760935,4.7,8
JR内房線,上総湊,大塚,2,134,35.2222772,139.8712827,4.7,8
JR内房線,竹岡,大塚,2,140,35.1975452,139.8300299,4.7,8
JR内房線,浜金谷,大塚,2,145,35.1681316,139.8222539,4.7,8
JR内房線,安房勝山,大塚,2,153,35.1140268,139.833394,11.2,8
JR内房線,岩井,大塚,2,156,35.0932796,139.8498934,4.7,8
JR内房線,富浦,大塚,3,454,35.0460623,139.837813,4.7,8
JR内房線,那古船形,大塚,2,165,35.02900899999999,139.8513958,5.7,8
JR内房線,館山,大塚,2,170,34.9959574,139.8618962,6.2,8
JR内房線,九重,大塚,2,176,34.997678,139.9111008,4.7,8
JR内房線,千倉,大塚,2,182,34.9767087,139.9547124,5.3,8
JR内房線,江見,大塚,3,459,35.0625108,140.0611269,5.3,8
JR内房線,太海,大塚,3,465,35.0814819,140.096151,4.7,8
JR南武線,立川,大塚,1,48,35.6979144,139.4137408,8.8,8
JR南武線,西国立,大塚,2,53,35.693459,139.4242584,9.2,8
JR南武線,矢川,大塚,2,55,35.685063,139.431572,8.4,8
JR南武線,谷保,大塚,2,58,35.68137,139.446738,8.3,8
JR南武線,西府,大塚,2,59,35.6709726,139.4573727,8.0,8
JR南武線,分倍河原,大塚,1,54,35.6685677,139.46874,8.9,8
JR南武線,府中本町,大塚,1,148,35.6662815,139.4770873,9.8,8
JR南武線,南多摩,大塚,2,59,35.6492761,139.4899059,8.5,8
JR南武線,稲城長沼,大塚,2,54,35.644292,139.502568,8.2,8
JR南武線,矢野口,大塚,2,52,35.6417094,139.5204551,8.3,8
JR南武線,稲田堤,大塚,1,61,35.6334204,139.5356629,8.7,8
JR南武線,中野島,大塚,2,47,35.6301215,139.5500898,8.5,8
JR南武線,登戸,大塚,1,37,35.6207662,139.5700976,10.4,8
JR南武線,宿河原,大塚,2,48,35.6153801,139.5797295,9.8,8
JR南武線,久地,大塚,2,50,35.6106071,139.5925028,9.5,8
JR南武線,津田山,大塚,2,52,35.6036047,139.6007276,10.2,8
JR南武線,武蔵溝ノ口,大塚,1,51,35.5993971,139.6105195,11.2,8
JR南武線,武蔵新城,大塚,2,50,35.58718,139.6298424,10.0,8
JR南武線,武蔵中原,大塚,2,48,35.5807143,139.642107,10.4,8
JR南武線,武蔵小杉,大塚,1,35,35.5766335,139.659466,12.0,8
JR南武線,向河原,大塚,2,45,35.5721934,139.6672787,12.0,8
JR南武線,平間,大塚,2,47,35.5605559,139.6710844,10.7,8
JR南武線,鹿島田,大塚,1,47,35.5512456,139.6751584,10.0,8
JR南武線,矢向,大塚,2,51,35.5389245,139.6804314,10.2,8
JR南武線,尻手,大塚,2,50,35.5311934,139.6844966,10.4,8
JR南武線,川崎,大塚,1,45,35.5313654,139.696889,10.0,8
JR埼京線,北与野,大塚,1,45,35.8907795,139.6286808,10.4,8
JR埼京線,与野本町,大塚,1,43,35.88088,139.62602,8.2,8
JR埼京線,南与野,大塚,1,41,35.8674942,139.6311953,8.3,8
JR埼京線,中浦和,大塚,1,39,35.8538,139.637353,8.8,8
JR埼京線,武蔵浦和,大塚,1,27,35.84595729999999,139.6476293,8.9,8
JR埼京線,北戸田,大塚,1,29,35.827581,139.660269,8.3,8
JR埼京線,戸田公園,大塚,1,24,35.8080807,139.6780402,8.5,8
JR埼京線,浮間舟渡,大塚,1,21,35.7912024,139.6914026,9.3,8
JR埼京線,北赤羽,大塚,1,19,35.7866831,139.706194,10.3,8
JR埼京線,赤羽,大塚,1,17,35.7866831,139.706194,10.3,8
JR埼京線,十条,大塚,1,13,35.760257,139.7222387,11.4,8
JR埼京線,板橋,大塚,1,11,35.7454959,139.7197748,12.1,8
JR埼京線,池袋,大塚,0,3,35.7295028,139.7109001,13.9,8
JR埼京線,新宿,大塚,0,11,35.6896067,139.7005713,18.9,8
JR埼京線,渋谷,大塚,0,18,35.6580339,139.7016358,22.3,8
JR埼京線,恵比寿,大塚,0,21,35.6467145,139.7100818,21.6,8
JR埼京線,大崎,大塚,0,28,35.6198513,139.7281892,16.8,8
JR埼京線,西大井,大塚,1,30,35.60179189999999,139.7218021,13.9,8
JR埼京線,武蔵小杉,大塚,1,35,35.5766335,139.659466,12.0,8
JR埼京線,羽沢横浜国大,大塚,1,56,35.48117,139.5860839,8.0,8
JR外房線,千葉,大塚,1,74,35.6129259,140.1134781,8.1,8
JR外房線,本千葉,大塚,1,80,35.6018503,140.1207196,7.5,8
JR外房線,蘇我,大塚,1,78,35.5814199,140.1311605,7.5,8
JR外房線,鎌取,大塚,1,89,35.5626526,140.1787359,7.0,8
JR外房線,誉田,大塚,1,93,35.54700589999999,140.2138166,6.7,8
JR外房線,土気,大塚,1,88,35.530742,140.269841,5.8,8
JR外房線,大網,大塚,1,93,35.522522,140.311032,4.8,8
JR外房線,永田,大塚,1,25,35.5026351,140.3110883,4.6,8
JR外房線,本納,大塚,1,106,35.482054,140.307534,5.1,8
JR外房線,新茂原,大塚,1,109,35.4494741,140.2996748,4.8,8
JR外房線,茂原,大塚,1,101,35.4494741,140.2996748,4.8,8
JR外房線,八積,大塚,1,117,35.4040082,140.3453672,4.5,8
JR外房線,上総一ノ宮,大塚,1,108,35.3736839,140.3650207,5.9,8
JR外房線,東浪見,大塚,2,130,35.34714170000001,140.376705,5.0,8
JR外房線,太東,大塚,2,134,35.3201019,140.3812565,4.7,8
JR外房線,長者町,大塚,2,135,35.2962435,140.3849794,4.8,8
JR外房線,三門,大塚,2,138,35.2823784,140.3915894,4.7,8
JR外房線,浪花,大塚,2,148,35.2228904,140.3792606,4.7,8
JR外房線,御宿,大塚,1,127,35.18756,140.351431,5.0,8
JR外房線,勝浦,大塚,1,133,35.152563,140.311936,5.4,8
JR外房線,鵜原,大塚,2,163,35.1411746,140.2789111,4.7,8
JR外房線,上総興津,大塚,2,168,35.1372305,140.2509416,4.7,8
JR外房線,安房小湊,大塚,2,177,35.128618,140.1897802,4.7,8
JR外房線,安房天津,大塚,2,182,35.12575630000001,140.1546999,4.2,8
JR宇都宮線,矢板,大塚,2,116,36.8066165,139.9329549,3.8,8
JR宇都宮線,片岡,大塚,2,110,36.7545395,139.9455672,3.1,8
JR宇都宮線,蒲須坂,大塚,2,106,36.7207656,139.9504293,3.6,8
JR宇都宮線,氏家,大塚,2,101,36.6816315,139.9620967,4.5,8
JR宇都宮線,宝積寺,大塚,2,96,36.6314759,139.9794978,6.0,8
JR宇都宮線,宇都宮,大塚,1,77,36.5590234,139.8984511,6.5,8
JR宇都宮線,雀宮,大塚,1,116,36.493823,139.8769105,5.7,8
JR宇都宮線,石橋,大塚,3,235,36.4363234,139.8666152,4.8,8
JR宇都宮線,自治医大,大塚,1,106,36.3954111,139.8547291,5.2,8
JR宇都宮線,小金井,大塚,1,102,36.3743489,139.8420524,5.4,8
JR宇都宮線,小山,大塚,1,66,36.3131205,139.8063241,4.8,8
JR宇都宮線,間々田,大塚,1,91,36.2577575,139.7612428,5.4,8
JR宇都宮線,野木,大塚,1,87,36.2299543,139.7347184,4.5,8
JR宇都宮線,古河,大塚,1,83,36.194597,139.709555,4.3,8
JR宇都宮線,栗橋,大塚,1,76,36.1367718,139.6942492,5.3,8
JR宇都宮線,東鷲宮,大塚,1,71,36.0894695,139.6791581,4.9,8
JR宇都宮線,久喜,大塚,1,67,36.0659584,139.6776327,5.1,8
JR宇都宮線,新白岡,大塚,1,64,36.0387413,139.6721114,6.5,8
JR宇都宮線,白岡,大塚,1,60,36.0387413,139.6721114,6.5,8
JR宇都宮線,蓮田,大塚,1,56,35.981286,139.653069,5.8,8
JR宇都宮線,東大宮,大塚,1,51,35.9487549,139.6402863,6.3,8
JR宇都宮線,土呂,大塚,1,49,35.9318741,139.6321561,7.5,8
JR宇都宮線,さいたま新都心,大塚,1,46,35.893795,139.633741,11.0,8
JR宇都宮線,浦和,大塚,1,32,35.8587283,139.6573784,10.3,8
JR宇都宮線,赤羽,大塚,1,17,35.7776951,139.7205691,12.0,8
JR宇都宮線,尾久,大塚,1,25,35.746768,139.7546,11.0,8
JR宇都宮線,上野,大塚,0,14,35.7141672,139.7774091,15.5,8
JR山手線,大崎,大塚,0,28,35.6198513,139.7281892,16.8,8
JR山手線,五反田,大塚,0,26,35.6261591,139.7236022,17.8,8
JR山手線,目黒,大塚,0,24,35.63391319999999,139.7155561,19.0,8
JR山手線,恵比寿,大塚,0,21,35.6467145,139.7100818,21.6,8
JR山手線,渋谷,大塚,0,18,35.6580339,139.7016358,22.3,8
JR山手線,原宿,大塚,0,16,35.6700901,139.7024662,23.5,8
JR山手線,代々木,大塚,0,14,35.683033,139.7020555,18.5,8
JR山手線,新宿,大塚,0,11,35.6896067,139.7005713,18.9,8
JR山手線,新大久保,大塚,0,9,35.7012459,139.7002258,15.4,8
JR山手線,高田馬場,大塚,0,7,35.7125654,139.7038615,14.5,8
JR山手線,目白,大塚,0,5,35.7212199,139.7066115,14.5,8
JR山手線,池袋,大塚,0,3,35.7295028,139.7109001,13.9,8
JR山手線,巣鴨,大塚,0,2,35.7334192,139.7392848,13.8,8
JR山手線,駒込,大塚,0,4,35.7365665,139.7470098,13.7,8
JR山手線,田端,大塚,0,6,35.7381581,139.7608154,11.4,8
JR山手線,西日暮里,大塚,0,8,35.7324125,139.7677967,12.0,8
JR山手線,日暮里,大塚,0,10,35.7324125,139.7677967,12.0,8
JR山手線,鶯谷,大塚,0,12,35.7214573,139.7780133,13.4,8
JR山手線,上野,大塚,0,14,35.7141672,139.7774091,15.5,8
JR山手線,御徒町,大塚,0,16,35.7075185,139.7748564,16.0,8
JR山手線,秋葉原,大塚,0,17,35.698383,139.7730717,17.0,8
JR山手線,神田,大塚,0,19,35.6918216,139.7709318,17.7,8
JR山手線,東京,大塚,0,21,35.68123620000001,139.7671248,18.8,8
JR山手線,有楽町,大塚,0,24,35.6750133,139.7630204,18.7,8
JR山手線,新橋,大塚,0,26,35.666379,139.7583398,22.7,8
JR山手線,浜松町,大塚,0,28,35.6553809,139.7571289,22.4,8
JR山手線,田町,大塚,0,30,35.6457361,139.7475624,19.0,8
JR山手線,高輪ゲートウェイ,大塚,0,33,35.6355207,139.7406809,19.4,8
JR山手線,品川,大塚,0,32,35.6284713,139.7387597,18.2,8
JR川越線,日進,大塚,5,733,35.1184274,137.0487428,7.0,8
JR川越線,西大宮,大塚,1,42,35.9223389,139.5798987,7.5,8
JR川越線,指扇,大塚,1,49,35.91693,139.56494,6.8,8
JR川越線,南古谷,大塚,1,54,35.90318,139.519139,6.4,8
JR川越線,川越,大塚,1,38,35.9071163,139.4824443,6.7,8
JR川越線,西川越,大塚,2,47,35.9190654,139.4599213,4.8,8
JR川越線,的場,大塚,2,50,35.917645,139.4360663,5.7,8
JR川越線,笠幡,大塚,2,54,35.9075733,139.4064771,5.5,8
JR川越線,武蔵高萩,大塚,2,58,35.9016761,139.3710962,3.8,8
JR川越線,高麗川,大塚,2,64,35.8962482,139.3379637,5.2,8
JR常磐線,大津港,大塚,2,168,36.8467745,140.7780755,4.2,8
JR常磐線,磯原,大塚,1,153,36.7905022,140.746164,3.3,8
JR常磐線,南中郷,大塚,2,158,36.7528116,140.7289449,4.2,8
JR常磐線,高萩,大塚,1,147,36.7144822,140.7170031,4.4,8
JR常磐線,十王,大塚,2,149,36.6713751,140.6859798,4.5,8
JR常磐線,小木津,大塚,2,145,36.6366565,140.6752323,5.0,8
JR常磐線,日立,大塚,1,136,37.75611980000001,140.9347157,,8
JR常磐線,常陸多賀,大塚,1,132,36.5520816,140.632684,5.1,8
JR常磐線,大甕,大塚,1,135,36.5128356,140.6194923,4.8,8
JR常磐線,東海,大塚,1,89,36.4654424,140.5659002,5.1,8
JR常磐線,佐和,大塚,2,135,36.4296464,140.5400125,6.5,8
JR常磐線,勝田,大塚,1,118,36.3944787,140.5242313,5.8,8
JR常磐線,水戸,大塚,1,112,36.3707551,140.476308,5.9,8
JR常磐線,赤塚,大塚,1,24,36.3819102,140.4151928,5.8,8
JR常磐線,内原,大塚,1,122,36.3705866,140.3533065,5.2,8
JR常磐線,友部,大塚,1,104,36.3504842,140.3060536,4.4,8
JR常磐線,岩間,大塚,1,111,36.2954645,140.2765219,3.0,8
JR常磐線,羽鳥,大塚,1,107,36.247523,140.2867541,3.0,8
JR常磐線,石岡,大塚,1,93,36.1909503,140.2802496,3.0,8
JR常磐線,神立,大塚,1,92,36.1204786,140.2485896,4.9,8
JR常磐線,土浦,大塚,1,77,36.078484,140.206212,5.4,8
JR常磐線,荒川沖,大塚,1,72,36.0312941,140.1666344,5.5,8
JR常磐線,ひたち野うしく,大塚,1,69,36.007352,140.158247,6.0,8
JR常磐線,牛久,大塚,1,64,35.9756237,140.1410386,6.0,8
JR常磐線,藤代,大塚,1,57,35.9205553,140.1181431,4.8,8
JR常磐線,取手,大塚,1,51,35.8956987,140.0628753,4.3,8
JR常磐線,天王台,大塚,1,47,35.8725378,140.0409088,6.0,8
JR常磐線,我孫子,大塚,3,523,35.8727034,140.0107941,7.4,8
JR常磐線,柏,大塚,3,248,35.8621498,139.9709172,8.2,8
JR常磐線,松戸,大塚,1,30,35.7843004,139.9006607,8.5,8
JR常磐線,北千住,大塚,1,18,35.7496762,139.8053433,10.9,8
JR常磐線,南千住,大塚,1,18,35.7331617,139.7989223,12.5,8
JR常磐線,三河島,大塚,1,15,35.7331755,139.7784846,11.9,8
JR常磐線,日暮里,大塚,0,10,35.7281578,139.7706414,12.6,8
JR常磐線,上野,大塚,0,14,35.7141672,139.7774091,15.5,8
JR御殿場線,国府津,大塚,1,97,35.281353,139.21494,5.5,8
JR御殿場線,下曽我,大塚,2,112,35.3038915,139.1833416,5.9,8
JR御殿場線,上大井,大塚,2,116,35.3223391,139.1632941,5.8,8
JR御殿場線,相模金子,大塚,2,119,35.3338672,139.1504616,5.1,8
JR御殿場線,松田,大塚,1,112,35.346822,139.1375478,4.9,8
JR御殿場線,東山北,大塚,2,123,35.3572024,139.1081397,4.7,8
JR御殿場線,山北,大塚,2,127,35.3572024,139.1081397,4.7,8
JR御殿場線,谷峨,大塚,2,136,35.3655541,139.0385285,4.7,8
JR成田線,佐倉,大塚,1,93,35.7097115,140.2260837,6.7,8
JR成田線,酒々井,大塚,1,99,35.7316641,140.2752487,6.5,8
JR成田線,成田,大塚,1,106,35.777327,140.313605,6.3,8
JR成田線,久住,大塚,1,123,35.8323451,140.3389085,5.2,8
JR成田線,滑河,大塚,1,130,35.8775664,140.3482921,4.7,8
JR成田線,下総神崎,大塚,1,136,35.8949368,140.4105304,4.7,8
JR成田線,大戸,大塚,1,141,35.89023460000001,140.4583934,5.3,8
JR成田線,佐原,大塚,1,145,35.89506799999999,140.493557,5.0,8
JR成田線,香取,大塚,1,150,35.8979025,140.5323035,4.9,8
JR成田線,水郷,大塚,2,144,35.8854883,140.5701619,6.0,8
JR成田線,小見川,大塚,2,150,35.84996539999999,140.6045494,6.0,8
JR成田線,笹川,大塚,2,155,35.8393847,140.6558233,5.8,8
JR成田線,下総橘,大塚,2,161,35.8186688,140.7022965,5.0,8
JR成田線,下総豊里,大塚,2,165,35.7931025,140.7207285,5.1,8
JR成田線,椎柴,大塚,2,170,35.7652292,140.7589288,4.3,8
JR成田線,松岸,大塚,2,170,35.739537,140.7952774,4.5,8
JR成田線,銚子,大塚,2,174,35.7296659,140.8274186,5.6,8
JR東海道線,東京,大塚,0,21,35.68123620000001,139.7671248,18.8,8
JR東海道線,新橋,大塚,0,26,35.666379,139.7583398,22.7,8
JR東海道線,品川,大塚,0,32,35.6284713,139.7387597,18.2,8
JR東海道線,川崎,大塚,1,45,35.5313654,139.696889,10.0,8
JR東海道線,横浜,大塚,1,47,35.46598110000001,139.622062,12.2,8
JR東海道線,戸塚,大塚,1,60,35.40076639999999,139.5342039,8.3,8
JR東海道線,大船,大塚,1,66,35.3540475,139.5312989,8.5,8
JR東海道線,藤沢,大塚,1,67,35.3388984,139.4874695,10.1,8
JR東海道線,辻堂,大塚,1,76,35.3368951,139.4470874,8.9,8
JR東海道線,茅ケ崎,大塚,1,74,35.3303025,139.4068167,9.0,8
JR東海道線,平塚,大塚,1,80,35.3276448,139.3504658,6.9,8
JR東海道線,大磯,大塚,1,94,35.311435,139.313291,7.3,8
JR東海道線,二宮,大塚,1,92,35.2987859,139.2575981,4.7,8
JR東海道線,国府津,大塚,1,97,35.281353,139.21494,5.5,8
JR東海道線,鴨宮,大塚,1,108,35.275658,139.180026,6.5,8
JR東海道線,小田原,大塚,1,67,35.2564449,139.1553932,7.0,8
JR東海道線,早川,大塚,1,123,35.238689,139.145003,6.7,8
JR東海道線,根府川,大塚,1,128,35.202526,139.138644,4.7,8
JR東海道線,真鶴,大塚,1,134,35.156809,139.13234,4.3,8
JR東海道線,湯河原,大塚,1,138,35.146087,139.102177,5.8,8
JR東金線,大網,大塚,1,93,35.522522,140.311032,4.8,8
JR東金線,福俵,大塚,2,106,35.5462144,140.3418617,4.8,8
JR東金線,東金,大塚,2,109,35.560158,140.363609,4.5,8
JR東金線,求名,大塚,2,120,35.5800177,140.3964113,4.5,8
JR東金線,成東,大塚,2,118,35.6083867,140.410859,3.9,8
JR根岸線,大船,大塚,1,66,35.3540475,139.5312989,8.5,8
JR根岸線,本郷台,大塚,1,93,35.3674373,139.5502526,7.5,8
JR根岸線,港南台,大塚,1,90,35.37513,139.576405,7.6,8
JR根岸線,洋光台,大塚,1,87,35.378769,139.597042,7.9,8
JR根岸線,新杉田,大塚,1,84,35.3867269,139.619549,9.5,8
JR根岸線,磯子,大塚,1,80,35.3998639,139.6179011,8.7,8
JR根岸線,根岸,大塚,1,77,35.415819,139.6350457,9.0,8
JR根岸線,山手,大塚,1,74,35.42686,139.6463741,9.2,8
JR根岸線,石川町,大塚,1,72,35.4387746,139.6430494,11.2,8
JR根岸線,関内,大塚,1,70,35.4439663,139.6354978,12.3,8
JR根岸線,桜木町,大塚,1,68,35.4509136,139.6310595,12.2,8
JR根岸線,横浜,大塚,1,47,35.46598110000001,139.622062,12.2,8
JR横浜線,八王子,大塚,1,57,35.6556157,139.3388529,8.1,8
JR横浜線,片倉,大塚,1,88,35.6397424,139.3414569,7.5,8
JR横浜線,八王子みなみ野,大塚,2,68,35.631317,139.330972,8.0,8
JR横浜線,相原,大塚,2,71,35.6069027,139.3316669,7.8,8
JR横浜線,橋本,大塚,1,69,35.5948639,139.3449224,7.7,8
JR横浜線,相模原,大塚,2,76,35.5813315,139.3712564,6.5,8
JR横浜線,矢部,大塚,2,74,35.5730965,139.3867762,6.8,8
JR横浜線,淵野辺,大塚,2,72,35.5687398,139.3950611,6.5,8
JR横浜線,古淵,大塚,2,69,35.555994,139.419189,6.7,8
JR横浜線,町田,大塚,1,55,35.546656,139.4385568,8.2,8
JR横浜線,成瀬,大塚,2,69,35.5355157,139.4729137,7.5,8
JR横浜線,長津田,大塚,1,70,35.5319546,139.4943049,8.3,8
JR横浜線,十日市場,大塚,2,66,35.526222,139.516543,8.2,8
JR横浜線,中山,大塚,2,62,35.5148115,139.53935,8.5,8
JR横浜線,鴨居,大塚,2,59,35.5109924,139.5669896,7.7,8
JR横浜線,小机,大塚,2,56,35.5085857,139.5998778,9.4,8
JR横浜線,新横浜,大塚,1,52,35.5076585,139.6175553,11.5,8
JR横浜線,菊名,大塚,1,56,35.5099195,139.6313685,10.0,8
JR横浜線,大口,大塚,2,62,35.4921609,139.6461469,9.7,8
JR横浜線,東神奈川,大塚,1,62,35.4779292,139.6333614,11.5,8
JR横須賀線,東京,大塚,0,21,35.68123620000001,139.7671248,18.8,8
JR横須賀線,新橋,大塚,0,26,35.666379,139.7583398,22.7,8
JR横須賀線,品川,大塚,0,32,35.6284713,139.7387597,18.2,8
JR横須賀線,西大井,大塚,1,30,35.60179189999999,139.7218021,13.9,8
JR横須賀線,武蔵小杉,大塚,1,35,35.5766335,139.659466,12.0,8
JR横須賀線,新川崎,大塚,1,39,35.551696,139.671529,10.0,8
JR横須賀線,横浜,大塚,1,47,35.46598110000001,139.622062,12.2,8
JR横須賀線,保土ケ谷,大塚,1,53,35.4467618,139.5996306,8.8,8
JR横須賀線,東戸塚,大塚,1,58,35.4305843,139.5567901,9.0,8
JR横須賀線,戸塚,大塚,1,60,35.4305843,139.5567901,9.0,8
JR横須賀線,大船,大塚,1,66,35.3540475,139.5312989,8.5,8
JR横須賀線,北鎌倉,大塚,1,70,35.3372266,139.5451937,9.9,8
JR横須賀線,鎌倉,大塚,1,73,35.3372266,139.5451937,9.9,8
JR横須賀線,逗子,大塚,1,78,35.2973885,139.5783805,10.9,8
JR横須賀線,東逗子,大塚,1,96,35.2986836,139.6010998,10.5,8
JR横須賀線,田浦,大塚,1,100,35.2928072,139.637459,6.9,8
JR横須賀線,横須賀,大塚,1,103,35.284198,139.654875,8.6,8
JR横須賀線,衣笠,大塚,1,107,35.2571472,139.6610915,5.5,8
JR横須賀線,久里浜,大塚,1,115,35.2331101,139.7013339,6.7,8
JR武蔵野線,府中本町,大塚,1,148,35.6662815,139.4770873,9.8,8
JR武蔵野線,北府中,大塚,1,146,35.6807728,139.4718419,8.5,8
JR武蔵野線,西国分寺,大塚,1,50,35.6998082,139.4657772,9.8,8
JR武蔵野線,新小平,大塚,2,55,35.7309094,139.4705899,7.2,8
JR武蔵野線,新秋津,大塚,1,56,35.77811,139.493563,7.2,8
JR武蔵野線,東所沢,大塚,1,130,35.794886,139.514477,6.7,8
JR武蔵野線,新座,大塚,1,127,35.8036922,139.5564949,7.6,8
JR武蔵野線,北朝霞,大塚,1,35,35.815469,139.58722,8.3,8
JR武蔵野線,西浦和,大塚,1,118,35.8442783,139.6280249,7.4,8
JR武蔵野線,武蔵浦和,大塚,1,27,35.84595729999999,139.6476293,8.9,8
JR武蔵野線,南浦和,大塚,1,33,35.8473849,139.6695734,8.3,8
JR武蔵野線,東浦和,大塚,1,109,35.8641332,139.7046531,7.0,8
JR武蔵野線,東川口,大塚,1,37,35.8760773,139.7439577,8.1,8
JR武蔵野線,南越谷,大塚,2,47,35.8760514,139.7911171,8.0,8
JR武蔵野線,越谷レイクタウン,大塚,1,96,35.87621730000001,139.8221853,6.9,8
JR武蔵野線,吉川,大塚,1,94,35.8765681,139.8435376,7.1,8
JR武蔵野線,吉川美南,大塚,1,91,35.8680263,139.858445,6.2,8
JR武蔵野線,新三郷,大塚,1,89,35.8586743,139.8693395,5.8,8
JR武蔵野線,南流山,大塚,1,54,35.8382182,139.9037128,7.9,8
JR武蔵野線,新松戸,大塚,1,40,35.8254725,139.920711,7.1,8
JR武蔵野線,新八柱,大塚,1,77,35.7915688,139.937986,5.6,8
JR武蔵野線,東松戸,大塚,1,74,35.769929,139.94297,8.5,8
JR武蔵野線,市川大野,大塚,1,71,35.755403,139.951275,6.0,8
JR武蔵野線,船橋法典,大塚,1,68,35.730267,139.96683,7.0,8
JR武蔵野線,西船橋,大塚,1,52,35.7074443,139.9590775,9.7,8
JR湘南新宿ライン（宇都宮線・横須賀線）,浦和,大塚,1,32,35.8587283,139.6573784,10.3,8
JR湘南新宿ライン（宇都宮線・横須賀線）,赤羽,大塚,1,17,35.7776951,139.7205691,12.0,8
JR湘南新宿ライン（宇都宮線・横須賀線）,池袋,大塚,0,3,35.7295028,139.7109001,13.9,8
JR湘南新宿ライン（宇都宮線・横須賀線）,新宿,大塚,0,11,35.6896067,139.7005713,18.9,8
JR湘南新宿ライン（宇都宮線・横須賀線）,渋谷,大塚,0,18,35.6580339,139.7016358,22.3,8
JR湘南新宿ライン（宇都宮線・横須賀線）,恵比寿,大塚,0,21,35.6467145,139.7100818,21.6,8
JR湘南新宿ライン（宇都宮線・横須賀線）,大崎,大塚,0,28,35.6198513,139.7281892,16.8,8
JR湘南新宿ライン（宇都宮線・横須賀線）,武蔵小杉,大塚,1,35,35.5766335,139.659466,12.0,8
JR湘南新宿ライン（宇都宮線・横須賀線）,新川崎,大塚,1,39,35.551696,139.671529,10.0,8
JR湘南新宿ライン（宇都宮線・横須賀線）,横浜,大塚,1,47,35.46598110000001,139.622062,12.2,8
JR湘南新宿ライン（高崎線・東海道線）,浦和,大塚,1,32,35.8587283,139.6573784,10.3,8
JR湘南新宿ライン（高崎線・東海道線）,赤羽,大塚,1,17,35.7776951,139.7205691,12.0,8
JR湘南新宿ライン（高崎線・東海道線）,池袋,大塚,0,3,35.7295028,139.7109001,13.9,8
JR湘南新宿ライン（高崎線・東海道線）,新宿,大塚,0,11,35.6896067,139.7005713,18.9,8
JR湘南新宿ライン（高崎線・東海道線）,渋谷,大塚,0,18,35.6580339,139.7016358,22.3,8
JR湘南新宿ライン（高崎線・東海道線）,恵比寿,大塚,0,21,35.6467145,139.7100818,21.6,8
JR湘南新宿ライン（高崎線・東海道線）,大崎,大塚,0,28,35.6198513,139.7281892,16.8,8
JR湘南新宿ライン（高崎線・東海道線）,武蔵小杉,大塚,1,35,35.5766335,139.659466,12.0,8
JR湘南新宿ライン（高崎線・東海道線）,横浜,大塚,1,47,35.46598110000001,139.622062,12.2,8
JR湘南新宿ライン（高崎線・東海道線）,戸塚,大塚,1,60,35.4305843,139.5567901,,8
JR湘南新宿ライン（高崎線・東海道線）,大船,大塚,1,66,35.3540475,139.5312989,8.5,8
JR相模線,橋本,大塚,1,69,35.5948639,139.3449224,7.7,8
JR相模線,南橋本,大塚,2,81,35.5801949,139.352503,7.0,8
JR相模線,上溝,大塚,2,85,35.5577463,139.3631973,5.8,8
JR相模線,番田,大塚,2,87,35.5453633,139.362987,5.5,8
JR相模線,原当麻,大塚,2,93,35.5292125,139.3751572,5.1,8
JR相模線,下溝,大塚,2,96,35.5181537,139.3804993,5.7,8
JR相模線,相武台下,大塚,2,87,35.492778,139.386306,6.3,8
JR相模線,入谷,大塚,1,23,35.7208778,139.7846947,5.2,8
JR相模線,海老名,大塚,1,67,35.4525691,139.3909752,8.3,8
JR相模線,厚木,大塚,1,95,35.4433795,139.3784274,8.0,8
JR相模線,社家,大塚,2,91,35.4207597,139.3774321,7.3,8
JR相模線,門沢橋,大塚,2,98,35.4065625,139.3801704,6.9,8
JR相模線,倉見,大塚,2,98,35.39495280000001,139.3785732,6.9,8
JR相模線,宮山,大塚,2,95,35.3822738,139.3797415,5.7,8
JR相模線,寒川,大塚,2,92,35.3676414,139.3874495,7.1,8
JR相模線,香川,大塚,2,89,35.3564832,139.399819,7.6,8
JR相模線,北茅ケ崎,大塚,2,86,35.3390845,139.4076111,8.9,8
JR相模線,茅ケ崎,大塚,1,74,35.3390845,139.4076111,8.9,8
JR総武本線,東千葉,大塚,2,84,35.6168558,140.1220896,7.5,8
JR総武本線,都賀,大塚,1,80,35.6360953,140.1492014,6.2,8
JR総武本線,四街道,大塚,1,84,35.6630053,140.1656201,5.8,8
JR総武本線,物井,大塚,1,89,35.6856462,140.2002758,6.5,8
JR総武本線,佐倉,大塚,1,93,35.7097115,140.2260837,6.7,8
JR総武本線,南酒々井,大塚,2,98,35.7043058,140.2678893,6.1,8
JR総武本線,八街,大塚,2,106,35.6631451,140.3173313,4.8,8
JR総武本線,日向,大塚,2,103,35.6284003,140.36244,5.4,8
JR総武本線,成東,大塚,2,118,35.6083867,140.410859,3.9,8
JR総武本線,横芝,大塚,2,132,35.66176919999999,140.4912319,3.8,8
JR総武本線,飯倉,大塚,2,137,35.6856543,140.5224028,4.1,8
JR総武本線,飯岡,大塚,2,157,35.7295922,140.6834089,4.4,8
JR総武本線,倉橋,大塚,2,161,35.7380818,140.7144692,4.7,8
JR総武本線,猿田,大塚,2,165,35.747425,140.7373203,4.7,8
JR総武本線,松岸,大塚,2,170,35.739537,140.7952774,4.5,8
JR総武本線,銚子,大塚,2,174,35.7296659,140.8274186,5.6,8
JR総武線快速,東京,大塚,0,21,35.68123620000001,139.7671248,18.8,8
JR総武線快速,新日本橋,大塚,1,34,35.6890164,139.774265,17.8,8
JR総武線快速,馬喰町,大塚,1,34,35.693752,139.7829511,16.6,8
JR総武線快速,錦糸町,大塚,1,28,35.6967393,139.8144835,14.2,8
JR総武線快速,新小岩,大塚,1,36,35.7174462,139.8586312,8.7,8
JR総武線快速,市川,大塚,1,43,35.728821,139.908197,9.3,8
JR総武線快速,船橋,大塚,1,55,35.7017357,139.9853815,9.1,8
JR総武線快速,津田沼,大塚,1,60,35.6912149,140.0204072,8.7,8
JR総武線快速,稲毛,大塚,1,70,35.63717,140.09249,6.8,8
JR総武線快速,千葉,大塚,1,74,35.6129259,140.1134781,8.1,8
JR青梅線,立川,大塚,1,48,35.6979144,139.4137408,8.8,8
JR青梅線,西立川,大塚,1,60,35.7036031,139.3937133,7.0,8
JR青梅線,東中神,大塚,1,62,35.7063467,139.3844948,6.9,8
JR青梅線,中神,大塚,1,64,35.7063467,139.3844948,6.9,8
JR青梅線,昭島,大塚,1,67,35.7135485,139.3609268,6.5,8
JR青梅線,拝島,大塚,1,59,35.72113,139.3436514,6.0,8
JR青梅線,牛浜,大塚,1,73,35.7346625,139.3335115,5.9,8
JR青梅線,福生,大塚,1,75,35.7423642,139.3278649,5.6,8
JR青梅線,羽村,大塚,1,78,35.7584547,139.3159445,5.5,8
JR青梅線,小作,大塚,1,82,35.7763135,139.3019204,6.0,8
JR青梅線,河辺,大塚,1,85,35.7844627,139.2847176,5.5,8
JR青梅線,東青梅,大塚,1,88,35.7899423,139.2723871,5.4,8
JR青梅線,青梅,大塚,1,90,35.7899423,139.2723871,5.4,8
JR青梅線,宮ノ平,大塚,2,101,35.7873043,139.2368877,4.9,8
JR青梅線,日向和田,大塚,2,103,35.788518,139.229557,4.6,8
JR青梅線,石神前,大塚,2,105,35.796767,139.22528,4.5,8
JR青梅線,二俣尾,大塚,2,108,35.803878,139.216197,4.5,8
JR青梅線,軍畑,大塚,2,119,35.8075713,139.207614,4.2,8
JR青梅線,沢井,大塚,2,121,35.8058773,139.1937693,4.2,8
JR青梅線,御嶽,大塚,2,124,35.8013769,139.1827274,4.2,8
JR青梅線,川井,大塚,2,129,35.813736,139.164256,4.7,8
JR青梅線,古里,大塚,2,132,35.816291,139.151063,4.7,8
JR青梅線,鳩ノ巣,大塚,2,136,35.8149406,139.128745,4.7,8
JR青梅線,奥多摩,大塚,2,141,35.809374,139.096929,4.7,8
JR高崎線,高崎,大塚,1,69,36.3228267,139.0126623,6.4,8
JR高崎線,倉賀野,大塚,1,132,36.3002847,139.0491638,6.0,8
JR高崎線,神保原,大塚,1,121,36.2534636,139.1494065,4.2,8
JR高崎線,本庄,大塚,1,117,36.2361639,139.1886112,4.9,8
JR高崎線,岡部,大塚,1,112,36.2057214,139.237512,4.7,8
JR高崎線,深谷,大塚,1,93,36.1914187,139.2813977,4.7,8
JR高崎線,籠原,大塚,1,100,36.1746675,139.330475,5.0,8
JR高崎線,熊谷,大塚,1,61,36.1393899,139.3900334,5.7,8
JR高崎線,行田,大塚,1,87,36.11376490000001,139.432249,4.6,8
JR高崎線,北鴻巣,大塚,1,80,36.0854359,139.4770242,5.6,8
JR高崎線,鴻巣,大塚,1,76,36.0854359,139.4770242,5.6,8
JR高崎線,北本,大塚,1,72,36.0316056,139.5340041,5.2,8
JR高崎線,桶川,大塚,1,67,35.9987564,139.5640318,6.0,8
JR高崎線,北上尾,大塚,1,64,35.985623,139.5771969,6.0,8
JR高崎線,上尾,大塚,4,778,35.985623,139.5771969,6.0,8
JR高崎線,宮原,大塚,1,56,35.9402916,139.6095706,7.0,8
JR高崎線,さいたま新都心,大塚,1,46,35.893795,139.633741,11.0,8
JR高崎線,浦和,大塚,1,32,35.8587283,139.6573784,10.3,8
JR高崎線,赤羽,大塚,1,17,35.7776951,139.7205691,12.0,8
JR高崎線,尾久,大塚,1,25,35.746768,139.7546,11.0,8
JR高崎線,上野,大塚,0,14,35.7141672,139.7774091,15.5,8
JR鶴見線,鶴見,大塚,1,52,35.5080356,139.6762625,9.7,8
JR鶴見線,国道,大塚,2,58,35.5008127,139.6756975,10.3,8
JR鶴見線,鶴見小野,大塚,2,60,35.497344,139.6809751,8.8,8
JR鶴見線,弁天橋,大塚,2,62,35.4959232,139.6897811,8.5,8
JR鶴見線,浅野,大塚,2,64,35.4975914,139.6956404,8.5,8
JR鶴見線,新芝浦,大塚,2,69,35.4918977,139.7001403,7.1,8
JR鶴見線,安善,大塚,2,65,35.4998135,139.7012787,8.2,8
JR鶴見線,大川,大塚,2,70,35.4955801,139.7110847,4.7,8
JR鶴見線,武蔵白石,大塚,2,67,35.5018412,139.7064449,8.6,8
JR鶴見線,浜川崎,大塚,2,69,35.5102284,139.7138465,8.8,8
JR鶴見線,昭和,大塚,2,73,35.5065319,139.7240616,8.3,8
JR鶴見線,扇町,大塚,3,208,34.7037154,135.5108915,6.7,8
JR鹿島線,佐原,大塚,1,145,35.89506799999999,140.493557,5.0,8
JR鹿島線,香取,大塚,1,150,35.8979025,140.5323035,4.9,8
JR鹿島線,十二橋,大塚,1,156,35.916984,140.5458293,4.8,8
JR鹿島線,潮来,大塚,1,159,35.937343,140.5496059,3.9,8
JR鹿島線,延方,大塚,1,164,35.9581195,140.5887962,5.8,8
JR鹿島線,鹿島神宮,大塚,1,169,35.9706714,140.6259941,5.7,8
つくばエクスプレス,秋葉原,大塚,0,17,35.698383,139.7730717,17.0,8
つくばエクスプレス,新御徒町,大塚,1,26,35.7069936,139.7819408,15.4,8
つくばエクスプレス,浅草,大塚,1,24,35.7098669,139.7971675,14.0,8
つくばエクスプレス,南千住,大塚,1,18,35.7339347,139.7994102,12.5,8
つくばエクスプレス,北千住,大塚,1,18,35.7496762,139.8053433,10.9,8
つくばエクスプレス,青井,大塚,1,40,35.772368,139.8203769,9.0,8
つくばエクスプレス,六町,大塚,1,42,35.7848987,139.8216325,8.0,8
つくばエクスプレス,八潮,大塚,1,46,35.8078127,139.8448461,8.0,8
つくばエクスプレス,三郷中央,大塚,1,50,35.824115,139.878056,8.3,8
つくばエクスプレス,南流山,大塚,1,54,35.8382182,139.9037128,7.9,8
つくばエクスプレス,流山セントラルパーク,大塚,1,56,35.8544125,139.9151365,9.4,8
つくばエクスプレス,流山おおたかの森,大塚,1,59,35.8719046,139.9252409,10.4,8
つくばエクスプレス,柏の葉キャンパス,大塚,1,62,35.893248,139.952603,9.3,8
つくばエクスプレス,柏たなか,大塚,1,65,35.910947,139.957486,9.8,8
つくばエクスプレス,守谷,大塚,1,69,35.9507158,139.9922001,7.6,8
つくばエクスプレス,みらい平,大塚,1,73,35.9945054,140.0382828,7.0,8
つくばエクスプレス,みどりの,大塚,1,80,36.0299062,140.0561934,7.0,8
つくばエクスプレス,万博記念公園,大塚,3,239,34.806815,135.530025,7.2,8
つくばエクスプレス,研究学園,大塚,1,83,36.082114,140.08237,7.3,8
つくばエクスプレス,つくば,大塚,1,89,36.0821307,140.1114102,6.3,8
りんかい線,大崎,大塚,0,28,35.6198513,139.7281892,16.8,8
りんかい線,大井町,大塚,1,28,35.6076153,139.7346592,14.5,8
りんかい線,品川シーサイド,大塚,1,31,35.609715,139.749688,17.0,8
りんかい線,天王洲アイル,大塚,1,33,35.6204405,139.7508021,17.1,8
りんかい線,東京テレポート,大塚,1,37,35.627235,139.7787204,16.9,8
りんかい線,国際展示場,大塚,1,39,35.63451250000001,139.7916346,20.0,8
りんかい線,東雲,大塚,1,42,35.6407226,139.8036715,17.7,8
りんかい線,新木場,大塚,1,44,35.6459065,139.8267917,12.4,8
京急久里浜線,堀ノ内,大塚,1,104,35.2635239,139.686708,6.8,8
京急久里浜線,新大津,大塚,1,106,35.2566271,139.689877,6.5,8
京急久里浜線,北久里浜,大塚,1,107,35.249091,139.686346,6.0,8
京急久里浜線,京急久里浜,大塚,1,110,35.2315701,139.7022359,6.8,8
京急久里浜線,ＹＲＰ野比,大塚,1,117,35.212568,139.685264,5.8,8
京急久里浜線,京急長沢,大塚,1,120,35.2055645,139.6741823,6.7,8
京急久里浜線,津久井浜,大塚,1,122,35.1986888,139.6657369,6.3,8
京急久里浜線,三浦海岸,大塚,1,124,35.1880928,139.6533044,6.4,8
京急久里浜線,三崎口,大塚,1,126,35.178209,139.633353,5.9,8
京急大師線,京急川崎,大塚,1,52,35.5329877,139.7008715,10.6,8
京急大師線,港町,大塚,2,59,35.5349,139.712567,10.1,8
京急大師線,鈴木町,大塚,2,60,35.5353076,139.7202714,9.7,8
京急大師線,川崎大師,大塚,2,62,35.535681,139.7261452,9.6,8
京急大師線,東門前,大塚,2,63,35.5367374,139.734725,9.5,8
京急大師線,小島新田,大塚,2,66,35.5347732,139.7479391,9.1,8
京急本線,泉岳寺,大塚,0,41,35.6386442,139.7399771,19.4,8
京急本線,品川,大塚,0,32,35.6284713,139.7387597,18.2,8
京急本線,北品川,大塚,1,38,35.622041,139.7392953,17.5,8
京急本線,新馬場,大塚,1,39,35.616516,139.7414667,15.5,8
京急本線,青物横丁,大塚,1,40,35.6092793,139.7429839,15.5,8
京急本線,鮫洲,大塚,1,42,35.6050378,139.742288,14.1,8
京急本線,立会川,大塚,1,43,35.59847,139.738938,13.6,8
京急本線,大森海岸,大塚,1,49,35.58769960000001,139.7354656,13.2,8
京急本線,平和島,大塚,1,44,35.5787778,139.7349051,12.0,8
京急本線,大森町,大塚,1,59,35.5724704,139.7320923,11.5,8
京急本線,梅屋敷,大塚,1,61,35.5668067,139.728246,11.6,8
京急本線,京急蒲田,大塚,1,50,35.5613144,139.724151,12.0,8
京急本線,雑色,大塚,2,54,35.5494967,139.714922,10.8,8
京急本線,六郷土手,大塚,2,56,35.540531,139.707582,11.3,8
京急本線,京急川崎,大塚,1,52,35.5329877,139.7008715,10.6,8
京急本線,八丁畷,大塚,2,56,35.523005,139.691445,10.2,8
京急本線,鶴見市場,大塚,2,57,35.517842,139.6866381,10.0,8
京急本線,京急鶴見,大塚,1,57,35.5073064,139.6779355,10.0,8
京急本線,生麦,大塚,2,63,35.4953221,139.6669431,9.0,8
京急本線,京急新子安,大塚,1,63,35.487097,139.6554621,10.8,8
京急本線,子安,大塚,2,66,35.487097,139.6554621,10.8,8
京急本線,神奈川新町,大塚,1,60,35.4808858,139.6396221,11.6,8
京急本線,神奈川,大塚,2,56,35.4808858,139.6396221,11.6,8
京急本線,横浜,大塚,1,47,35.46598110000001,139.622062,12.2,8
京急本線,戸部,大塚,2,55,35.4566877,139.6195624,11.3,8
京急本線,日ノ出町,大塚,2,57,35.4455459,139.6267666,11.8,8
京急本線,黄金町,大塚,2,59,35.43970700000001,139.62251,10.4,8
京急本線,南太田,大塚,2,61,35.4370778,139.6141561,8.8,8
京急本線,井土ヶ谷,大塚,2,67,35.433874,139.600512,8.5,8
京急本線,弘明寺,大塚,2,68,35.4243856,139.5968031,8.6,8
京急本線,上大岡,大塚,1,75,35.4091218,139.5966291,8.7,8
京急本線,屏風浦,大塚,2,81,35.39412900000001,139.61043,8.2,8
京急本線,杉田,大塚,1,96,35.3835612,139.615876,8.7,8
京急本線,京急富岡,大塚,2,86,35.366688,139.629735,7.9,8
京急本線,能見台,大塚,2,89,35.3608848,139.629443,8.9,8
京急本線,金沢文庫,大塚,1,84,35.342926,139.6216477,8.5,8
京急本線,金沢八景,大塚,1,89,35.3312442,139.6202471,8.3,8
京急本線,追浜,大塚,1,91,35.315638,139.624904,7.0,8
京急本線,京急田浦,大塚,2,96,35.300909,139.6255342,6.9,8
京急本線,安針塚,大塚,2,99,35.2867587,139.6429974,6.4,8
京急本線,逸見,大塚,2,101,35.2806888,139.65283,6.3,8
京急本線,汐入,大塚,1,99,35.280282,139.662485,8.2,8
京急本線,横須賀中央,大塚,1,101,35.278699,139.67004,8.5,8
京急本線,県立大学,大塚,2,106,35.2702997,139.676624,7.7,8
京急本線,堀ノ内,大塚,1,104,35.2635239,139.686708,6.8,8
京急本線,京急大津,大塚,1,109,35.2607699,139.6962995,6.0,8
京急本線,馬堀海岸,大塚,1,111,35.259535,139.708038,5.0,8
京急本線,浦賀,大塚,1,113,35.251731,139.715176,5.1,8
京急空港線,京急蒲田,大塚,1,50,35.5613144,139.724151,12.0,8
京急空港線,糀谷,大塚,1,53,35.5547524,139.7294866,11.4,8
京急空港線,大鳥居,大塚,1,55,35.552281,139.740162,11.2,8
京急空港線,穴守稲荷,大塚,1,57,35.5504391,139.746748,11.3,8
京急空港線,天空橋,大塚,1,49,35.548032,139.754661,11.0,8
京急逗子線,金沢八景,大塚,1,89,35.3312442,139.6202471,8.3,8
京急逗子線,六浦,大塚,2,87,35.322581,139.611259,8.2,8
京急逗子線,神武寺,大塚,2,90,35.306277,139.592879,10.7,8
京成千原線,千葉中央,大塚,2,71,35.607479,140.117739,8.0,8
京成千原線,千葉寺,大塚,1,97,35.590287,140.132322,7.7,8
京成千原線,大森台,大塚,1,99,35.584011,140.149543,7.4,8
京成千原線,学園前,大塚,3,540,34.6972834,135.7505464,6.8,8
京成千原線,おゆみ野,大塚,1,106,35.550265,140.166099,6.8,8
京成千原線,ちはら台,大塚,1,108,35.533767,140.170321,5.7,8
京成千葉線,京成津田沼,大塚,1,51,35.683195,140.0241953,8.3,8
京成千葉線,京成幕張本郷,大塚,1,66,35.6726299,140.042064,7.9,8
京成千葉線,京成幕張,大塚,1,80,35.6726299,140.042064,7.9,8
京成千葉線,検見川,大塚,2,60,35.652617,140.066279,7.2,8
京成千葉線,京成稲毛,大塚,2,63,35.6377689,140.085488,7.5,8
京成千葉線,みどり台,大塚,2,66,35.6248001,140.0977112,5.7,8
京成千葉線,西登戸,大塚,2,67,35.6177251,140.1026967,5.8,8
京成千葉線,新千葉,大塚,2,69,35.6124184,140.1083463,9.0,8
京成千葉線,京成千葉,大塚,1,81,35.6116356,140.1142016,9.2,8
京成千葉線,千葉中央,大塚,2,71,35.607479,140.117739,8.0,8
京成成田空港線,京成上野,大塚,0,26,35.711208,139.773542,16.0,8
京成成田空港線,日暮里,大塚,0,10,35.7281578,139.7706414,12.6,8
京成成田空港線,青砥,大塚,1,26,35.7456437,139.8561328,8.8,8
京成成田空港線,京成高砂,大塚,1,30,35.7509628,139.8675536,8.2,8
京成成田空港線,東松戸,大塚,1,74,35.769929,139.94297,8.5,8
京成成田空港線,千葉ニュータウン中央,大塚,1,82,35.8001328,140.1162738,5.8,8
京成成田空港線,印旛日本医大,大塚,1,88,35.787711,140.203364,8.1,8
京成成田空港線,成田湯川,大塚,1,94,35.7995708,140.2911972,5.9,8
京成押上線,京成曳舟,大塚,1,56,35.718101,139.8196323,12.7,8
京成押上線,八広,大塚,1,58,35.7272484,139.8283594,12.2,8
京成押上線,四ツ木,大塚,1,61,35.7318394,139.8349402,8.6,8
京成押上線,京成立石,大塚,2,37,35.7382817,139.8486384,8.5,8
京成押上線,青砥,大塚,1,26,35.7456437,139.8561328,8.8,8
京成本線,京成成田,大塚,1,95,35.7767266,140.3156532,6.5,8
京成本線,公津の杜,大塚,1,92,35.7603501,140.2948618,7.2,8
京成本線,宗吾参道,大塚,1,90,35.7526148,140.2809955,8.1,8
京成本線,京成酒々井,大塚,1,87,35.7367315,140.2700156,7.0,8
京成本線,大佐倉,大塚,1,85,35.7301384,140.251069,7.1,8
京成本線,京成佐倉,大塚,1,77,35.725188,140.22972,6.6,8
京成本線,京成臼井,大塚,1,71,35.7299197,140.1807494,6.1,8
京成本線,ユーカリが丘,大塚,1,68,35.7217699,140.1563228,5.8,8
京成本線,志津,大塚,1,66,35.7174685,140.1450103,6.3,8
京成本線,勝田台,大塚,1,63,35.7155055,140.1259513,6.9,8
京成本線,京成大和田,大塚,1,98,35.7122694,140.1086088,5.4,8
京成本線,八千代台,大塚,1,59,35.701385,140.090766,5.4,8
京成本線,実籾,大塚,1,87,35.686858,140.06824,5.1,8
京成本線,京成大久保,大塚,1,84,35.6858988,140.0487691,7.5,8
京成本線,京成津田沼,大塚,1,51,35.683195,140.0241953,8.3,8
京成本線,谷津,大塚,1,81,35.68530880000001,140.0075816,9.1,8
京成本線,船橋競馬場,大塚,1,72,35.6896128,139.9981661,9.2,8
京成本線,大神宮下,大塚,1,70,35.69407,139.991392,9.0,8
京成本線,京成船橋,大塚,1,45,35.7001512,139.9854356,9.5,8
京成本線,海神,大塚,1,69,35.7058516,139.9720732,8.4,8
京成本線,京成西船,大塚,1,62,35.7115501,139.9589401,9.9,8
京成本線,東中山,大塚,1,63,35.71442589999999,139.9528869,9.2,8
京成本線,京成中山,大塚,1,57,35.7167479,139.944867,8.4,8
京成本線,鬼越,大塚,1,56,35.719712,139.938,8.4,8
京成本線,京成八幡,大塚,1,39,35.723822,139.928167,10.0,8
京成本線,菅野,大塚,1,52,35.7282163,139.9195717,8.9,8
京成本線,市川真間,大塚,1,47,35.7314197,139.9115382,9.7,8
京成本線,国府台,大塚,1,45,35.7364267,139.9027779,9.2,8
京成本線,江戸川,大塚,1,44,35.7376627,139.8960845,8.5,8
京成本線,京成小岩,大塚,1,38,35.7420784,139.8839119,8.5,8
京成本線,京成高砂,大塚,1,30,35.7509628,139.8675536,8.2,8
京成本線,青砥,大塚,1,26,35.7456437,139.8561328,8.8,8
京成本線,お花茶屋,大塚,1,28,35.7475917,139.8401103,8.4,8
京成本線,堀切菖蒲園,大塚,1,26,35.747622,139.827536,8.3,8
京成本線,京成関屋,大塚,1,24,35.7439417,139.8118024,11.4,8
京成本線,千住大橋,大塚,1,21,35.742372,139.797261,11.6,8
京成本線,町屋,大塚,0,42,35.742397,139.780335,11.0,8
京成本線,新三河島,大塚,1,17,35.7371879,139.7739183,11.3,8
京成本線,日暮里,大塚,0,10,35.7281578,139.7706414,12.6,8
京成本線,京成上野,大塚,0,26,35.7115602,139.7746488,16.0,8
京成金町線,京成高砂,大塚,1,30,35.7509628,139.8675536,8.2,8
京成金町線,柴又,大塚,2,35,35.75670780000001,139.875498,8.0,8
京成金町線,京成金町,大塚,1,31,35.7685695,139.8704944,7.9,8
京王井の頭線,渋谷,大塚,0,18,35.6580339,139.7016358,22.3,8
京王井の頭線,神泉,大塚,1,27,35.6572704,139.6936227,19.5,8
京王井の頭線,駒場東大前,大塚,1,28,35.6586634,139.6844907,17.5,8
京王井の頭線,池ノ上,大塚,1,30,35.660462,139.6730494,16.9,8
京王井の頭線,下北沢,大塚,1,28,35.6615848,139.6668918,15.1,8
京王井の頭線,新代田,大塚,1,34,35.6625779,139.66052,14.4,8
京王井の頭線,東松原,大塚,1,35,35.662658,139.6555128,13.3,8
京王井の頭線,明大前,大塚,1,25,35.6684407,139.6504908,13.0,8
京王井の頭線,永福町,大塚,1,41,35.676272,139.6426236,12.5,8
京王井の頭線,西永福,大塚,1,44,35.6786872,139.6355635,12.7,8
京王井の頭線,浜田山,大塚,1,45,35.681636,139.6275022,13.0,8
京王井の頭線,高井戸,大塚,1,47,35.683263,139.615195,12.7,8
京王井の頭線,富士見ヶ丘,大塚,1,49,35.6847865,139.6072018,11.5,8
京王井の頭線,久我山,大塚,1,51,35.688151,139.599308,11.5,8
京王井の頭線,三鷹台,大塚,1,53,35.692235,139.58892,11.9,8
京王井の頭線,井の頭公園,大塚,1,55,35.6974902,139.5827401,12.5,8
京王井の頭線,吉祥寺,大塚,1,33,35.7031125,139.5801608,12.0,8
京王動物園線,多摩動物公園,大塚,2,72,35.6489944,139.4039394,6.0,8
京王相模原線,調布,大塚,1,45,35.651788,139.5447823,9.1,8
京王相模原線,京王多摩川,大塚,1,52,35.644376,139.536537,8.9,8
京王相模原線,京王稲田堤,大塚,1,50,35.6337511,139.5312067,8.5,8
京王相模原線,京王よみうりランド,大塚,1,57,35.633044,139.517761,8.5,8
京王相模原線,稲城,大塚,1,59,35.6362285,139.5003665,8.1,8
京王相模原線,若葉台,大塚,1,62,35.619238,139.472405,8.5,8
京王相模原線,京王永山,大塚,1,57,35.6302365,139.4482672,7.6,8
京王相模原線,京王多摩センター,大塚,1,59,35.6252662,139.4244263,7.1,8
京王相模原線,京王堀之内,大塚,2,65,35.62443,139.400299,7.6,8
京王相模原線,南大沢,大塚,1,65,35.6141774,139.3800458,7.8,8
京王相模原線,多摩境,大塚,1,84,35.601904,139.367303,8.2,8
京王相模原線,橋本,大塚,1,69,35.5948639,139.3449224,7.7,8
京王競馬場線,東府中,大塚,1,52,35.6689181,139.4950907,9.0,8
京王競馬場線,府中競馬正門前,大塚,2,61,35.6681728,139.4846773,10.4,8
京王線,初台,大塚,1,23,35.6809863,139.6861815,15.5,8
京王線,幡ヶ谷,大塚,1,25,35.6770576,139.6761859,14.4,8
京王線,新宿,大塚,0,11,35.6896067,139.7005713,18.9,8
京王線,笹塚,大塚,1,22,35.673654,139.667136,14.2,8
京王線,代田橋,大塚,1,31,35.671071,139.659387,13.6,8
京王線,明大前,大塚,1,25,35.6684407,139.6504908,13.0,8
京王線,下高井戸,大塚,1,36,35.6661402,139.6414073,13.0,8
京王線,桜上水,大塚,1,30,35.6675857,139.6319134,12.7,8
京王線,上北沢,大塚,1,40,35.6688641,139.6233742,12.7,8
京王線,八幡山,大塚,1,41,35.6698304,139.6161352,12.2,8
京王線,芦花公園,大塚,1,49,35.6706012,139.6086903,12.0,8
京王線,千歳烏山,大塚,1,35,35.6681814,139.6010149,11.6,8
京王線,仙川,大塚,1,39,35.66230360000001,139.5849083,10.9,8
京王線,つつじヶ丘,大塚,1,40,35.6581118,139.5753087,9.8,8
京王線,柴崎,大塚,1,62,35.6541654,139.5667501,9.8,8
京王線,国領,大塚,1,63,35.6502031,139.5584739,9.2,8
京王線,布田,大塚,1,62,35.64984990000001,139.5518261,9.5,8
京王線,調布,大塚,1,45,35.651788,139.5447823,9.1,8
京王線,西調布,大塚,1,71,35.6570844,139.5300797,8.9,8
京王線,飛田給,大塚,1,72,35.6600815,139.5235242,8.6,8
京王線,武蔵野台,大塚,1,77,35.6641996,139.5110719,8.7,8
京王線,多磨霊園,大塚,1,78,35.6660926,139.5030064,9.0,8
京王線,東府中,大塚,1,52,35.6689181,139.4950907,9.0,8
京王線,府中,大塚,1,49,35.6689181,139.4950907,9.0,8
京王線,分倍河原,大塚,1,54,35.6685677,139.46874,8.9,8
京王線,中河原,大塚,1,64,35.6596161,139.4578874,8.7,8
京王線,聖蹟桜ヶ丘,大塚,1,55,35.65079,139.446933,8.0,8
京王線,百草園,大塚,1,69,35.65751789999999,139.430835,8.0,8
京王線,高幡不動,大塚,1,59,35.6621387,139.4132073,7.5,8
京王線,南平,大塚,1,74,35.65462,139.391944,8.8,8
京王線,平山城址公園,大塚,1,76,35.6473373,139.3799404,8.3,8
京王線,長沼,大塚,1,78,35.6428043,139.3660475,6.5,8
京王線,北野,大塚,1,66,35.6443991,139.3544968,7.2,8
京王線,京王八王子,大塚,1,66,35.6579325,139.3430318,8.4,8
京王高尾線,北野,大塚,1,66,35.6443991,139.3544968,7.2,8
京王高尾線,京王片倉,大塚,1,73,35.6443985,139.3373021,9.1,8
京王高尾線,山田,大塚,3,220,34.8044545,135.5156721,7.0,8
京王高尾線,めじろ台,大塚,1,77,35.6434197,139.3077388,6.6,8
京王高尾線,狭間,大塚,1,79,35.640565,139.293641,6.6,8
京王高尾線,高尾,大塚,1,77,35.64222609999999,139.2818312,6.0,8
京王高尾線,高尾山口,大塚,1,84,35.6324936,139.269922,6.8,8
北総鉄道北総線,京成高砂,大塚,1,30,35.7509628,139.8675536,8.2,8
北総鉄道北総線,新柴又,大塚,2,36,35.75114689999999,139.8794192,8.2,8
北総鉄道北総線,矢切,大塚,2,38,35.75729,139.899752,7.1,8
北総鉄道北総線,北国分,大塚,2,41,35.762929,139.913889,6.6,8
北総鉄道北総線,秋山,大塚,2,44,35.765484,139.93111,6.6,8
北総鉄道北総線,東松戸,大塚,1,74,35.769929,139.94297,8.5,8
北総鉄道北総線,松飛台,大塚,1,82,35.775317,139.957607,6.7,8
北総鉄道北総線,大町,大塚,3,357,34.461454,132.470836,5.8,8
北総鉄道北総線,西白井,大塚,1,80,35.784402,140.031767,5.5,8
北総鉄道北総線,白井,大塚,1,82,35.784402,140.031767,5.5,8
北総鉄道北総線,小室,大塚,1,84,35.787014,140.076013,5.3,8
北総鉄道北総線,千葉ニュータウン中央,大塚,1,82,35.8001328,140.1162738,5.8,8
北総鉄道北総線,印西牧の原,大塚,1,92,35.8036433,140.1669324,5.8,8
北総鉄道北総線,印旛日本医大,大塚,1,88,35.787711,140.203364,8.1,8
千葉モノレール1号線,千葉みなと,大塚,1,85,35.606701,140.102768,9.2,8
千葉モノレール1号線,市役所前,大塚,3,339,0.0,0.0,9.0,8
千葉モノレール1号線,栄町,大塚,0,21,0.0,0.0,7.4,8
千葉モノレール1号線,葭川公園,大塚,2,88,35.6088834,140.1201432,8.2,8
多摩モノレール,上北台,大塚,2,58,35.7459673,139.4158115,5.9,8
多摩モノレール,桜街道,大塚,2,56,35.738918,139.416682,6.2,8
多摩モノレール,玉川上水,大塚,1,50,35.7318915,139.4183678,6.5,8
多摩モノレール,砂川七番,大塚,2,57,35.723392,139.418127,8.0,8
多摩モノレール,泉体育館,大塚,2,58,35.7188242,139.4195487,7.8,8
多摩モノレール,立飛,大塚,2,60,35.7143864,139.4171489,8.7,8
多摩モノレール,高松,大塚,2,59,34.3508968,134.0467094,9.2,8
多摩モノレール,立川北,大塚,1,52,35.69950559999999,139.4124342,10.9,8
多摩モノレール,立川南,大塚,1,52,35.69614180000001,139.4126105,10.4,8
多摩モノレール,柴崎体育館,大塚,2,61,35.6897342,139.4093141,8.9,8
多摩モノレール,甲州街道,大塚,2,63,35.6783134,139.4094353,8.2,8
多摩モノレール,万願寺,大塚,2,66,35.671203,139.420046,8.1,8
多摩モノレール,高幡不動,大塚,1,59,35.6621387,139.4132073,7.5,8
多摩モノレール,程久保,大塚,2,70,35.6552969,139.4108225,7.5,8
多摩モノレール,多摩動物公園,大塚,2,72,35.6486261,139.4037523,6.0,8
多摩モノレール,中央大学・明星大学,大塚,2,72,35.6419553,139.4085967,7.4,8
多摩モノレール,大塚・帝京大学,大塚,2,70,35.6368975,139.4165036,7.4,8
多摩モノレール,松が谷,大塚,2,68,35.6318078,139.42213,7.0,8
多摩モノレール,多摩センター,大塚,1,62,35.623931,139.422853,7.6,8
小田急多摩線,新百合ヶ丘,大塚,1,47,35.60344,139.5077543,8.3,8
小田急多摩線,五月台,大塚,2,54,35.6001505,139.4936716,9.3,8
小田急多摩線,栗平,大塚,1,51,35.6060289,139.4809158,6.7,8
小田急多摩線,黒川,大塚,2,58,35.6131725,139.470803,8.3,8
小田急多摩線,はるひ野,大塚,2,60,35.6188249,139.4646427,8.3,8
小田急多摩線,小田急永山,大塚,1,55,35.629931,139.4480172,7.5,8
小田急多摩線,小田急多摩センター,大塚,1,57,35.625112,139.4245179,7.2,8
小田急多摩線,唐木田,大塚,1,60,35.616626,139.411771,7.5,8
小田急小田原線,新宿,大塚,0,11,35.6896067,139.7005713,18.9,8
小田急小田原線,南新宿,大塚,1,19,35.6836894,139.6989165,18.5,8
小田急小田原線,参宮橋,大塚,1,21,35.6786577,139.6935182,17.0,8
小田急小田原線,代々木八幡,大塚,1,23,35.6695502,139.6886476,18.5,8
小田急小田原線,代々木上原,大塚,1,24,35.6690026,139.6797332,16.8,8
小田急小田原線,東北沢,大塚,1,28,35.6654689,139.673059,17.1,8
小田急小田原線,下北沢,大塚,1,28,35.6615848,139.6668918,15.1,8
小田急小田原線,世田谷代田,大塚,1,31,35.6582291,139.6613023,14.2,8
小田急小田原線,梅ヶ丘,大塚,1,33,35.6559198,139.6535836,13.0,8
小田急小田原線,豪徳寺,大塚,1,34,35.6536518,139.6474222,13.5,8
小田急小田原線,経堂,大塚,1,36,35.651208,139.6368059,13.2,8
小田急小田原線,千歳船橋,大塚,1,39,35.647502,139.6238843,12.9,8
小田急小田原線,祖師ヶ谷大蔵,大塚,1,41,35.6433164,139.6095789,13.5,8
小田急小田原線,成城学園前,大塚,1,32,35.640128,139.599087,13.3,8
小田急小田原線,喜多見,大塚,1,50,35.636684,139.587422,11.5,8
小田急小田原線,狛江,大塚,1,52,35.6323896,139.577638,9.4,8
小田急小田原線,和泉多摩川,大塚,1,53,35.6272844,139.5737096,10.4,8
小田急小田原線,登戸,大塚,1,37,35.6207662,139.5700976,10.4,8
小田急小田原線,向ヶ丘遊園,大塚,1,37,35.6171694,139.5645675,10.0,8
小田急小田原線,生田,大塚,1,63,35.6150136,139.5422351,7.8,8
小田急小田原線,読売ランド前,大塚,1,65,35.6147668,139.5279379,7.8,8
小田急小田原線,百合ヶ丘,大塚,1,68,35.608963,139.515901,8.9,8
小田急小田原線,柿生,大塚,1,72,35.5898073,139.4979307,8.4,8
小田急小田原線,鶴川,大塚,1,75,35.5831257,139.4813915,6.6,8
小田急小田原線,玉川学園前,大塚,1,82,35.563495,139.463408,7.9,8
小田急小田原線,町田,大塚,1,55,35.546656,139.4385568,8.2,8
小田急小田原線,相模大野,大塚,1,60,35.5324566,139.4381701,8.8,8
小田急小田原線,小田急相模原,大塚,1,93,35.5151912,139.4226534,6.8,8
小田急小田原線,相武台前,大塚,1,96,35.4991495,139.4084055,6.2,8
小田急小田原線,座間,大塚,1,101,35.480919,139.399888,6.9,8
小田急小田原線,海老名,大塚,1,67,35.4542331,139.3893342,8.3,8
小田急小田原線,厚木,大塚,1,95,35.4433795,139.3784274,8.0,8
小田急小田原線,本厚木,大塚,1,71,35.4394083,139.3644221,7.2,8
小田急小田原線,愛甲石田,大塚,1,80,35.417605,139.3439017,6.6,8
小田急小田原線,伊勢原,大塚,1,84,35.3960371,139.3135935,6.0,8
小田急小田原線,鶴巻温泉,大塚,1,87,35.3811517,139.2778559,6.6,8
小田急小田原線,東海大学前,大塚,1,89,35.372872,139.270904,6.5,8
小田急小田原線,秦野,大塚,1,84,35.3702076,139.2257829,6.2,8
小田急小田原線,渋沢,大塚,1,102,35.3741686,139.1845616,5.7,8
小田急小田原線,新松田,大塚,1,109,35.344594,139.139444,5.9,8
小田急小田原線,開成,大塚,1,114,35.326485,139.135806,5.5,8
小田急小田原線,栢山,大塚,2,86,35.310626,139.142584,5.8,8
小田急小田原線,富水,大塚,2,84,35.2962144,139.1455158,6.1,8
小田急小田原線,螢田,大塚,2,83,35.2850544,139.1519914,6.0,8
小田急小田原線,足柄,大塚,2,80,35.2721651,139.1545376,6.4,8
小田急小田原線,小田原,大塚,1,67,35.2564449,139.1553932,7.0,8
小田急江ノ島線,相模大野,大塚,1,60,35.5324566,139.4381701,8.8,8
小田急江ノ島線,東林間,大塚,2,65,35.52051489999999,139.4389007,8.3,8
小田急江ノ島線,中央林間,大塚,1,64,35.5080279,139.4441058,8.2,8
小田急江ノ島線,南林間,大塚,1,68,35.4957294,139.447992,7.5,8
小田急江ノ島線,鶴間,大塚,2,73,35.4905886,139.4506333,7.5,8
小田急江ノ島線,大和,大塚,1,72,35.4698284,139.4614179,7.9,8
小田急江ノ島線,桜ヶ丘,大塚,2,75,35.4505747,139.4657593,6.8,8
小田急江ノ島線,高座渋谷,大塚,2,79,35.4321788,139.464706,6.5,8
小田急江ノ島線,長後,大塚,1,76,35.4125215,139.4654723,8.0,8
小田急江ノ島線,湘南台,大塚,1,81,35.3963123,139.4664926,8.3,8
小田急江ノ島線,六会日大前,大塚,2,80,35.38350399999999,139.4708432,7.9,8
小田急江ノ島線,善行,大塚,2,77,35.36224,139.473304,6.1,8
小田急江ノ島線,藤沢本町,大塚,2,75,35.3479933,139.4762733,8.8,8
小田急江ノ島線,藤沢,大塚,1,67,35.3479933,139.4762733,8.8,8
小田急江ノ島線,本鵠沼,大塚,2,82,35.3307868,139.4748692,10.2,8
小田急江ノ島線,鵠沼海岸,大塚,2,84,35.3207914,139.4710712,10.2,8
小田急江ノ島線,片瀬江ノ島,大塚,2,86,35.3087721,139.4834867,11.4,8
新京成線,京成津田沼,大塚,1,51,35.683195,140.0241953,8.3,8
新京成線,新津田沼,大塚,1,67,35.690134,140.023716,8.9,8
新京成線,前原,大塚,2,63,35.7011242,140.0279198,8.0,8
新京成線,薬園台,大塚,2,73,35.7101927,140.037685,6.7,8
新京成線,習志野,大塚,2,72,35.7150279,140.042843,5.8,8
新京成線,北習志野,大塚,2,66,35.7213256,140.0421854,5.9,8
新京成線,高根木戸,大塚,2,69,35.726797,140.034991,6.5,8
新京成線,高根公団,大塚,2,68,35.730408,140.029408,6.8,8
新京成線,滝不動,大塚,2,66,35.7376899,140.0259442,6.7,8
新京成線,三咲,大塚,2,65,35.749155,140.028547,5.8,8
新京成線,二和向台,大塚,2,63,35.753877,140.023741,5.9,8
新京成線,鎌ヶ谷大仏,大塚,2,62,35.757849,140.013909,5.6,8
新京成線,初富,大塚,2,59,35.7722973,140.0005802,8.2,8
新京成線,北初富,大塚,2,56,35.7772434,139.991909,8.3,8
新京成線,くぬぎ山,大塚,2,52,35.7822395,139.9758314,5.5,8
新京成線,五香,大塚,2,48,35.7969034,139.9660327,5.6,8
新京成線,常盤平,大塚,2,46,35.8033894,139.9501102,4.9,8
新京成線,八柱,大塚,1,81,35.7915703,139.9380859,6.0,8
新京成線,みのり台,大塚,2,42,35.7893535,139.9294876,6.2,8
新京成線,松戸新田,大塚,2,40,35.7906492,139.9229877,6.9,8
新京成線,上本郷,大塚,2,39,35.7897487,139.9163439,7.7,8
新京成線,松戸,大塚,1,30,35.7906492,139.9229877,6.9,8
日暮里・舎人ライナー,見沼代親水公園,大塚,1,37,35.814558,139.770732,7.4,8
日暮里・舎人ライナー,舎人,大塚,1,35,35.8056686,139.7701293,8.3,8
日暮里・舎人ライナー,舎人公園,大塚,1,33,35.7963955,139.7701791,8.3,8
日暮里・舎人ライナー,谷在家,大塚,1,31,35.788783,139.770039,8.0,8
日暮里・舎人ライナー,西新井大師西,大塚,1,29,35.781478,139.770095,8.0,8
日暮里・舎人ライナー,江北,大塚,1,27,33.2193926,130.160758,9.0,8
日暮里・舎人ライナー,高野,大塚,1,26,35.7684126,139.7707005,8.9,8
日暮里・舎人ライナー,扇大橋,大塚,1,24,35.763891,139.7708649,8.9,8
日暮里・舎人ライナー,足立小台,大塚,1,22,35.7546735,139.7703922,9.1,8
日暮里・舎人ライナー,熊野前,大塚,0,33,35.7485267,139.7698487,9.8,8
日暮里・舎人ライナー,赤土小学校前,大塚,1,18,35.7428664,139.7690332,10.0,8
日暮里・舎人ライナー,西日暮里,大塚,0,8,35.7328473,139.7676078,12.0,8
日暮里・舎人ライナー,日暮里,大塚,0,10,35.7328473,139.7676078,12.0,8
東京モノレール,浜松町,大塚,0,28,35.6553809,139.7571289,22.4,8
東京モノレール,天王洲アイル,大塚,1,33,35.6204405,139.7508021,17.1,8
東京モノレール,大井競馬場前,大塚,1,41,35.5956475,139.7469415,13.2,8
東京モノレール,流通センター,大塚,1,43,35.581445,139.74916,11.9,8
東京モノレール,昭和島,大塚,1,45,35.570682,139.7498986,10.8,8
東京モノレール,整備場,大塚,1,47,35.5551801,139.7534099,11.3,8
東京モノレール,天空橋,大塚,1,49,35.548032,139.754661,11.0,8
東京モノレール,新整備場,大塚,1,56,35.5428648,139.7872944,5.3,8
東急こどもの国線,長津田,大塚,1,70,35.5319546,139.4943049,8.3,8
東急こどもの国線,恩田,大塚,2,78,35.5456004,139.4921258,7.0,8
東急こどもの国線,こどもの国,大塚,2,81,35.558218,139.486656,6.9,8
東急世田谷線,三軒茶屋,大塚,1,31,35.6436399,139.6713265,15.0,8
東急世田谷線,西太子堂,大塚,2,43,35.6445185,139.6663315,15.6,8
東急世田谷線,若林,大塚,2,45,35.0266238,137.0968776,14.1,8
東急世田谷線,松陰神社前,大塚,2,47,35.6440032,139.655263,13.5,8
東急世田谷線,世田谷,大塚,2,47,0.0,0.0,13.3,8
東急世田谷線,上町,大塚,2,45,35.6433787,139.6467074,13.5,8
東急世田谷線,宮の坂,大塚,2,43,35.6478292,139.6449316,13.2,8
東急世田谷線,山下,大塚,1,37,0.0,0.0,13.6,8
東急世田谷線,松原,大塚,2,41,32.9778798,129.9461881,12.5,8
東急世田谷線,下高井戸,大塚,1,36,35.6661402,139.6414073,13.0,8
東急多摩川線,多摩川,大塚,1,42,35.589497,139.6687779,12.3,8
東急多摩川線,沼部,大塚,2,49,35.58282630000001,139.6730957,12.4,8
東急多摩川線,鵜の木,大塚,2,51,35.5754987,139.6806138,12.0,8
東急多摩川線,下丸子,大塚,2,52,35.5712152,139.6858078,11.5,8
東急多摩川線,武蔵新田,大塚,2,52,35.5679766,139.6922031,11.3,8
東急多摩川線,矢口渡,大塚,2,50,35.5625586,139.7002623,11.4,8
東急多摩川線,蒲田,大塚,1,43,35.5624794,139.7160731,12.0,8
東急大井町線,大井町,大塚,1,28,35.6076153,139.7346592,14.5,8
東急大井町線,下神明,大塚,2,37,35.6087973,139.7262243,15.0,8
東急大井町線,戸越公園,大塚,2,39,35.6089128,139.718384,14.1,8
東急大井町線,中延,大塚,1,35,35.6058183,139.7127554,13.7,8
東急大井町線,荏原町,大塚,2,41,35.6038632,139.707503,13.0,8
東急大井町線,旗の台,大塚,1,39,35.6048821,139.7027206,12.8,8
東急大井町線,北千束,大塚,2,43,35.6064301,139.6929472,13.5,8
東急大井町線,大岡山,大塚,1,37,35.607486,139.685643,13.9,8
東急大井町線,緑が丘,大塚,2,42,43.7309898,142.3657982,14.4,8
東急大井町線,自由が丘,大塚,1,38,35.6072728,139.6686661,14.9,8
東急大井町線,九品仏,大塚,2,43,35.6053587,139.6614803,14.5,8
東急大井町線,尾山台,大塚,2,45,35.6069669,139.6538896,13.8,8
東急大井町線,等々力,大塚,2,47,35.6083487,139.648072,13.5,8
東急大井町線,上野毛,大塚,2,48,35.6119618,139.6389246,13.5,8
東急大井町線,二子玉川,大塚,1,43,35.6124172,139.6275666,12.7,8
東急大井町線,二子新地,大塚,1,45,35.60695750000001,139.6224949,11.4,8
東急大井町線,高津,大塚,1,47,35.6032996,139.6172539,11.2,8
東急大井町線,溝の口,大塚,1,48,35.5999649,139.6106234,10.9,8
東急新横浜線,新横浜,大塚,1,52,35.5076585,139.6175553,11.5,8
東急新横浜線,新綱島,大塚,1,53,35.536071,139.6361167,10.3,8
東急新横浜線,日吉,大塚,1,49,35.553449,139.6470623,10.3,8
東急東横線,渋谷,大塚,0,18,35.6580339,139.7016358,22.3,8
東急東横線,代官山,大塚,1,30,35.6480919,139.703148,21.9,8
東急東横線,中目黒,大塚,1,29,35.6441631,139.6988444,18.2,8
東急東横線,祐天寺,大塚,1,35,35.6374425,139.6909485,15.2,8
東急東横線,学芸大学,大塚,1,35,35.6288624,139.6853301,15.0,8
東急東横線,都立大学,大塚,1,42,35.6177525,139.6763956,15.0,8
東急東横線,自由が丘,大塚,1,38,35.6072728,139.6686661,14.9,8
東急東横線,田園調布,大塚,1,40,35.5968481,139.6673415,14.0,8
東急東横線,多摩川,大塚,1,42,35.589497,139.6687779,12.3,8
東急東横線,新丸子,大塚,1,48,35.5805941,139.6619306,12.6,8
東急東横線,武蔵小杉,大塚,1,35,35.5766335,139.659466,12.0,8
東急東横線,元住吉,大塚,1,52,35.5643213,139.6540395,10.5,8
東急東横線,日吉,大塚,1,49,35.553449,139.6470623,10.3,8
東急東横線,綱島,大塚,1,53,35.5367529,139.6348167,10.0,8
東急東横線,大倉山,大塚,1,67,35.5218361,139.6298577,10.0,8
東急東横線,菊名,大塚,1,56,35.5099195,139.6313685,10.0,8
東急東横線,妙蓮寺,大塚,1,76,35.4984086,139.6331408,9.9,8
東急東横線,白楽,大塚,2,58,35.4897067,139.6279197,10.6,8
東急東横線,東白楽,大塚,2,57,35.4832623,139.6294695,10.7,8
東急東横線,反町,大塚,2,55,35.4746702,139.6252473,11.9,8
東急東横線,横浜,大塚,1,47,35.46598110000001,139.622062,12.2,8
東急池上線,五反田,大塚,0,26,35.6261591,139.7236022,17.8,8
東急池上線,大崎広小路,大塚,1,32,35.6226336,139.7226662,17.1,8
東急池上線,戸越銀座,大塚,1,35,35.6159746,139.7150258,14.8,8
東急池上線,荏原中延,大塚,1,37,35.6099618,139.7119604,13.8,8
東急池上線,旗の台,大塚,1,39,35.6048821,139.7027206,12.8,8
東急池上線,長原,大塚,1,40,35.6022186,139.6979694,12.5,8
東急池上線,洗足池,大塚,1,42,35.5999476,139.6914069,12.2,8
東急池上線,石川台,大塚,1,43,35.5969326,139.6852664,12.4,8
東急池上線,雪が谷大塚,大塚,1,45,35.5919662,139.6809615,12.5,8
東急池上線,御嶽山,大塚,1,47,35.5852756,139.682388,12.4,8
東急池上線,久が原,大塚,1,49,35.5798491,139.685354,12.0,8
東急池上線,千鳥町,大塚,1,51,35.5729995,139.6914155,11.2,8
東急池上線,池上,大塚,1,53,35.5720944,139.7029729,11.6,8
東急池上線,蓮沼,大塚,1,55,35.5641984,139.7084797,12.0,8
東急池上線,蒲田,大塚,1,43,35.5624794,139.7160731,12.0,8
東急田園都市線,渋谷,大塚,0,18,35.6580339,139.7016358,22.3,8
東急田園都市線,池尻大橋,大塚,1,28,35.6506294,139.6845797,16.4,8
東急田園都市線,三軒茶屋,大塚,1,31,35.6436399,139.6713265,15.0,8
東急田園都市線,駒沢大学,大塚,1,34,35.6332937,139.6613891,14.5,8
東急田園都市線,桜新町,大塚,1,37,35.6318735,139.6450254,14.0,8
東急田園都市線,用賀,大塚,1,40,35.6263427,139.6338175,13.7,8
東急田園都市線,二子玉川,大塚,1,43,35.6124172,139.6275666,12.7,8
東急田園都市線,二子新地,大塚,1,45,35.60695750000001,139.6224949,11.4,8
東急田園都市線,高津,大塚,1,47,35.6032996,139.6172539,11.2,8
東急田園都市線,溝の口,大塚,1,48,35.5999649,139.6106234,10.9,8
東急田園都市線,梶が谷,大塚,1,51,35.5937453,139.6056828,10.3,8
東急田園都市線,宮崎台,大塚,1,56,35.5872174,139.5912012,10.0,8
東急田園都市線,宮前平,大塚,1,57,35.5849047,139.5817279,9.8,8
東急田園都市線,鷺沼,大塚,1,56,35.5797753,139.573327,9.6,8
東急田園都市線,たまプラーザ,大塚,1,59,35.5774058,139.5585278,9.5,8
東急田園都市線,あざみ野,大塚,1,61,35.5685796,139.5534552,9.5,8
東急田園都市線,江田,大塚,1,66,35.5586471,139.5515112,9.1,8
東急田園都市線,市が尾,大塚,1,71,35.5514428,139.5413635,8.5,8
東急田園都市線,藤が丘,大塚,1,73,35.5434959,139.5278557,8.5,8
東急田園都市線,青葉台,大塚,1,63,35.5432506,139.5172181,8.5,8
東急田園都市線,田奈,大塚,1,80,35.535888,139.504516,8.9,8
東急田園都市線,長津田,大塚,1,70,35.5319546,139.4943049,8.3,8
東急田園都市線,つくし野,大塚,1,75,35.5276343,139.4851046,8.0,8
東急田園都市線,すずかけ台,大塚,1,76,35.5169205,139.4814272,7.5,8
東急田園都市線,つきみ野,大塚,1,80,35.5103418,139.458048,8.2,8
東急田園都市線,中央林間,大塚,1,64,35.5080279,139.4441058,8.2,8
東急目黒線,目黒,大塚,0,24,35.6340929,139.7158331,19.0,8
東急目黒線,不動前,大塚,1,30,35.6257683,139.713569,16.7,8
東急目黒線,武蔵小山,大塚,1,32,35.6205185,139.7044048,14.7,8
東急目黒線,西小山,大塚,1,34,35.6156922,139.6988653,14.4,8
東急目黒線,洗足,大塚,1,36,35.6104126,139.6944011,13.6,8
東急目黒線,大岡山,大塚,1,37,35.607486,139.685643,13.9,8
東急目黒線,奥沢,大塚,1,40,35.6039879,139.6722637,14.7,8
東急目黒線,田園調布,大塚,1,40,35.5968481,139.6673415,14.0,8
東急目黒線,多摩川,大塚,1,42,35.589497,139.6687779,12.3,8
東急目黒線,新丸子,大塚,1,48,35.5805941,139.6619306,12.6,8
東急目黒線,武蔵小杉,大塚,1,35,35.5766335,139.659466,12.0,8
東急目黒線,元住吉,大塚,1,52,35.5643213,139.6540395,10.5,8
東急目黒線,日吉,大塚,1,49,35.553449,139.6470623,10.3,8
東武亀戸線,亀戸,大塚,1,30,35.6973225,139.8265658,11.4,8
東武亀戸線,亀戸水神,大塚,2,36,35.7002625,139.8336793,11.1,8
東武亀戸線,東あずま,大塚,2,38,35.7070922,139.831884,10.5,8
東武亀戸線,小村井,大塚,2,40,35.7101364,139.8280191,11.5,8
東武亀戸線,曳舟,大塚,2,33,35.7183941,139.8167618,13.0,8
東武伊勢崎線,浅草,大塚,1,24,35.7098669,139.7971675,14.0,8
東武伊勢崎線,とうきょうスカイツリー,大塚,1,71,35.7095445,139.8090493,14.0,8
東武伊勢崎線,曳舟,大塚,2,33,35.7183941,139.8167618,13.0,8
東武伊勢崎線,東向島,大塚,2,34,35.7245871,139.8192932,12.5,8
東武伊勢崎線,鐘ヶ淵,大塚,2,32,35.7334267,139.8200022,12.2,8
東武伊勢崎線,堀切,大塚,2,30,35.7429583,139.817731,8.5,8
東武伊勢崎線,牛田,大塚,1,27,35.744385,139.811289,11.5,8
東武伊勢崎線,北千住,大塚,1,18,35.7496762,139.8053433,10.9,8
東武伊勢崎線,小菅,大塚,1,35,35.7587165,139.8126622,9.5,8
東武伊勢崎線,五反野,大塚,1,37,35.7660319,139.8093604,8.6,8
東武伊勢崎線,梅島,大塚,1,39,35.7723647,139.7980149,8.7,8
東武伊勢崎線,西新井,大塚,1,41,35.777174,139.790427,8.3,8
東武伊勢崎線,竹ノ塚,大塚,1,44,35.7943026,139.7910205,7.2,8
東武伊勢崎線,谷塚,大塚,1,48,35.814215,139.801345,7.1,8
東武伊勢崎線,草加,大塚,1,52,35.8283858,139.8035406,7.2,8
東武伊勢崎線,蒲生,大塚,3,211,35.8670178,139.7916685,7.5,8
東武伊勢崎線,新越谷,大塚,1,61,35.8754968,139.78984,8.1,8
東武伊勢崎線,越谷,大塚,1,94,35.8754968,139.78984,8.1,8
東武伊勢崎線,北越谷,大塚,1,67,35.9018879,139.7799319,6.8,8
東武伊勢崎線,大袋,大塚,1,74,35.9241674,139.7779287,6.4,8
東武伊勢崎線,せんげん台,大塚,2,53,35.9357906,139.7745324,4.5,8
東武伊勢崎線,武里,大塚,2,59,35.949086,139.770572,4.9,8
東武伊勢崎線,一ノ割,大塚,2,61,35.9641641,139.7663049,5.6,8
東武伊勢崎線,春日部,大塚,2,47,35.979918,139.7526206,6.7,8
東武伊勢崎線,北春日部,大塚,2,66,35.9906501,139.7440323,6.7,8
東武伊勢崎線,姫宮,大塚,2,73,36.0041819,139.7388462,4.5,8
東武伊勢崎線,東武動物公園,大塚,2,65,36.02495,139.7267,5.2,8
東武伊勢崎線,和戸,大塚,2,69,36.040236,139.7006313,5.8,8
東武伊勢崎線,久喜,大塚,1,67,36.0659584,139.6776327,5.1,8
東武伊勢崎線,鷲宮,大塚,2,79,36.0964925,139.656809,4.4,8
東武伊勢崎線,花崎,大塚,2,82,36.1099253,139.6335233,5.0,8
東武伊勢崎線,加須,大塚,2,86,36.1229977,139.5956913,4.7,8
東武伊勢崎線,南羽生,大塚,2,91,36.1500028,139.5562135,4.8,8
東武伊勢崎線,羽生,大塚,2,94,36.1500028,139.5562135,4.8,8
東武伊勢崎線,川俣,大塚,2,99,36.2089233,139.5265149,4.0,8
東武伊勢崎線,茂林寺前,大塚,2,102,36.225585,139.5271503,4.3,8
東武伊勢崎線,館林,大塚,2,105,36.2459941,139.5282023,5.0,8
東武伊勢崎線,多々良,大塚,3,116,36.273402,139.5005477,4.4,8
東武伊勢崎線,県,大塚,2,106,36.2909128,139.471762,4.7,8
東武伊勢崎線,福居,大塚,3,123,36.305327,139.458404,3.5,8
東武伊勢崎線,東武和泉,大塚,3,126,36.3150871,139.455282,4.0,8
東武伊勢崎線,足利市,大塚,2,104,36.329463,139.448128,4.3,8
東武伊勢崎線,野州山辺,大塚,3,133,36.326351,139.4320387,4.8,8
東武伊勢崎線,韮川,大塚,3,137,36.307907,139.401682,3.4,8
東武伊勢崎線,木崎,大塚,3,149,36.2711387,139.3124919,4.3,8
東武伊勢崎線,世良田,大塚,3,145,36.2729799,139.2812257,4.3,8
東武伊勢崎線,境町,大塚,3,141,36.2770432,139.2565776,4.5,8
東武伊勢崎線,剛志,大塚,3,137,36.2955101,139.2241021,4.9,8
東武伊勢崎線,新伊勢崎,大塚,3,133,36.3182883,139.2017749,5.0,8
東武伊勢崎線,伊勢崎,大塚,2,121,36.3182883,139.2017749,5.0,8
東武大師線,西新井,大塚,1,41,35.777174,139.790427,8.3,8
東武大師線,大師前,大塚,2,50,35.7788779,139.7816241,8.3,8
東武日光線,東武動物公園,大塚,2,65,36.02495,139.7267,5.2,8
東武日光線,杉戸高野台,大塚,2,70,36.051502,139.714422,3.7,8
東武日光線,幸手,大塚,2,73,36.074555,139.714949,3.7,8
東武日光線,南栗橋,大塚,1,124,36.1131759,139.7129368,5.3,8
東武日光線,栗橋,大塚,1,76,36.1131759,139.7129368,5.3,8
東武日光線,新古河,大塚,2,80,36.1927057,139.6869256,5.1,8
東武日光線,柳生,大塚,2,83,36.2065938,139.6598924,4.4,8
東武日光線,板倉東洋大前,大塚,2,86,36.2220084,139.6485594,3.5,8
東武日光線,藤岡,大塚,2,90,36.2556157,139.6455583,4.2,8
東武日光線,新大平下,大塚,2,101,36.3386002,139.7014574,5.0,8
東武日光線,栃木,大塚,2,87,36.3716588,139.7314296,4.4,8
東武日光線,新栃木,大塚,2,109,36.389782,139.7422711,5.2,8
東武日光線,合戦場,大塚,3,104,36.4077255,139.7410141,4.6,8
東武日光線,家中,大塚,3,107,36.429459,139.7473158,4.7,8
東武日光線,東武金崎,大塚,3,112,36.4662911,139.7495367,4.0,8
東武日光線,楡木,大塚,3,117,36.5071118,139.7454803,4.2,8
東武日光線,樅山,大塚,3,114,36.53315389999999,139.7418708,3.3,8
東武日光線,新鹿沼,大塚,2,102,36.5572655,139.7449686,3.9,8
東武日光線,北鹿沼,大塚,3,127,36.5813204,139.7373907,3.8,8
東武日光線,板荷,大塚,3,133,36.61994200000001,139.707781,4.7,8
東武日光線,下小代,大塚,3,130,36.6510557,139.7138005,4.7,8
東武日光線,明神,大塚,3,127,36.6762786,139.7122017,4.7,8
東武日光線,下今市,大塚,2,118,36.72550210000001,139.6923539,4.3,8
東武日光線,東武日光,大塚,2,137,36.748309,139.61954,4.7,8
東武東上線,寄居,大塚,2,105,36.1178872,139.1945371,4.8,8
東武東上線,玉淀,大塚,2,104,36.1170611,139.2001177,4.6,8
東武東上線,鉢形,大塚,2,102,36.1138541,139.2092523,4.6,8
東武東上線,男衾,大塚,2,98,36.1075258,139.2341561,4.6,8
東武東上線,小川町,大塚,1,26,35.6951799,139.7668774,4.0,8
東武東上線,武蔵嵐山,大塚,1,80,36.0444052,139.3277256,4.2,8
東武東上線,つきのわ,大塚,1,78,36.0434584,139.3453047,4.9,8
東武東上線,森林公園,大塚,3,541,36.0452287,139.3749651,4.5,8
東武東上線,東松山,大塚,1,58,36.0348165,139.4016153,4.7,8
東武東上線,高坂,大塚,1,68,36.0026601,139.3976086,5.2,8
東武東上線,北坂戸,大塚,1,64,35.972198,139.3968355,5.1,8
東武東上線,若葉,大塚,1,62,35.949105,139.40873,5.7,8
東武東上線,鶴ヶ島,大塚,1,56,35.9369399,139.423724,6.2,8
東武東上線,川越市,大塚,1,49,35.9140851,139.4772306,7.0,8
東武東上線,川越,大塚,1,38,35.9140851,139.4772306,7.0,8
東武東上線,新河岸,大塚,1,59,35.8914814,139.4968579,6.7,8
東武東上線,上福岡,大塚,1,56,35.8738668,139.5117306,7.5,8
東武東上線,ふじみ野,大塚,1,31,35.8608216,139.5231273,7.7,8
東武東上線,鶴瀬,大塚,1,44,35.8458048,139.5395148,7.4,8
東武東上線,みずほ台,大塚,1,42,35.8382458,139.5508554,7.0,8
東武東上線,柳瀬川,大塚,1,40,35.830495,139.562555,7.5,8
東武東上線,志木,大塚,1,35,35.822163,139.575249,8.0,8
東武東上線,朝霞台,大塚,1,32,35.814553,139.587081,8.3,8
東武東上線,朝霞,大塚,1,29,35.814553,139.587081,8.3,8
東武東上線,和光市,大塚,1,26,35.788363,139.6127811,10.0,8
東武東上線,成増,大塚,1,21,35.7775982,139.6329467,10.0,8
東武東上線,下赤塚,大塚,1,29,35.770476,139.644884,9.9,8
東武東上線,東武練馬,大塚,1,26,35.7686261,139.6617156,9.9,8
東武東上線,上板橋,大塚,1,18,35.7635268,139.6764216,10.1,8
東武東上線,ときわ台,大塚,4,262,35.7587403,139.6895284,10.9,8
東武東上線,中板橋,大塚,1,14,35.75560189999999,139.6954142,11.0,8
東武東上線,大山,大塚,1,12,35.7485637,139.7022837,11.4,8
東武東上線,下板橋,大塚,1,9,35.7457094,139.7148162,12.0,8
東武東上線,北池袋,大塚,1,8,35.7406552,139.7166436,13.7,8
東武東上線,池袋,大塚,0,3,35.7406552,139.7166436,13.7,8
東武越生線,西大家,大塚,2,60,35.9317279,139.3564296,4.8,8
東武越生線,川角,大塚,2,62,35.9375128,139.3468546,4.7,8
東武越生線,武州長瀬,大塚,2,65,35.9419785,139.3257651,4.0,8
東武越生線,東毛呂,大塚,2,67,35.9468636,139.3153813,3.4,8
東武越生線,武州唐沢,大塚,2,69,35.9521965,139.3092384,4.0,8
東武越生線,越生,大塚,2,72,35.9621867,139.2993547,4.7,8
東武野田線,北大宮,大塚,2,47,35.9171964,139.6247293,9.4,8
東武野田線,大宮公園,大塚,2,49,35.9234976,139.6321636,8.5,8
東武野田線,大和田,大塚,3,220,35.9293778,139.6503575,6.6,8
東武野田線,七里,大塚,2,96,35.9365546,139.6662907,6.5,8
東武野田線,岩槻,大塚,2,58,35.950263,139.693122,6.6,8
東武野田線,東岩槻,大塚,2,61,35.9633724,139.7122721,6.4,8
東武野田線,豊春,大塚,2,63,35.9679527,139.7262049,5.7,8
東武野田線,八木崎,大塚,2,66,35.9783575,139.741815,6.4,8
東武野田線,春日部,大塚,2,47,35.979918,139.7526206,6.7,8
東武野田線,藤の牛島,大塚,2,72,35.9801407,139.7775825,5.5,8
東武野田線,南桜井,大塚,2,76,35.9804354,139.8080072,5.3,8
東武野田線,川間,大塚,2,77,35.9790234,139.8338502,4.9,8
東武野田線,七光台,大塚,2,74,35.9706238,139.8529487,4.8,8
東武野田線,清水公園,大塚,2,71,35.95884119999999,139.8602632,4.6,8
東武野田線,野田市,大塚,2,66,35.943851,139.8702577,4.7,8
東武野田線,梅郷,大塚,2,63,35.9313619,139.8912266,4.9,8
東武野田線,運河,大塚,2,77,35.9140502,139.9060825,6.1,8
東武野田線,江戸川台,大塚,2,56,35.897247,139.910495,6.4,8
東武野田線,初石,大塚,2,54,35.8841011,139.9175805,10.7,8
東武野田線,流山おおたかの森,大塚,1,59,35.8719046,139.9252409,10.4,8
東武野田線,豊四季,大塚,2,49,35.866536,139.939532,9.3,8
東武野田線,柏,大塚,3,248,35.8621498,139.9709172,8.2,8
東武野田線,新柏,大塚,2,49,35.8387226,139.966663,7.1,8
東武野田線,増尾,大塚,2,52,35.8295651,139.9767454,6.3,8
東武野田線,逆井,大塚,2,54,35.8232231,139.983935,5.9,8
東武野田線,高柳,大塚,2,50,35.8081914,139.9988642,6.1,8
東武野田線,六実,大塚,2,60,35.793705,139.999353,5.8,8
東武野田線,馬込沢,大塚,2,66,35.7416333,139.9923391,5.9,8
東武野田線,塚田,大塚,2,63,35.7220485,139.9827873,7.3,8
東武野田線,新船橋,大塚,2,60,35.711515,139.979873,7.6,8
東武野田線,船橋,大塚,1,55,35.711515,139.979873,7.6,8
東葉高速線,東葉勝田台,大塚,1,66,35.7154771,140.1259566,6.5,8
東葉高速線,八千代中央,大塚,1,84,35.7279252,140.1033855,5.8,8
東葉高速線,八千代緑が丘,大塚,1,81,35.72902,140.073294,5.7,8
東葉高速線,船橋日大前,大塚,1,79,35.7268934,140.0588412,6.4,8
東葉高速線,北習志野,大塚,2,66,35.7213256,140.0421854,5.9,8
東葉高速線,飯山満,大塚,1,74,35.7140502,140.0222372,7.5,8
東葉高速線,東海神,大塚,1,70,35.7062911,139.981519,9.6,8
東葉高速線,西船橋,大塚,1,52,35.7074443,139.9590775,9.7,8
湘南モノレール,大船,大塚,1,66,35.3540475,139.5312989,8.5,8
湘南モノレール,富士見町,大塚,2,77,35.4346656,133.3365881,9.6,8
湘南モノレール,湘南町屋,大塚,2,79,35.3378269,139.5226892,9.2,8
湘南モノレール,湘南深沢,大塚,2,81,35.3329662,139.5189119,8.8,8
湘南モノレール,西鎌倉,大塚,2,84,35.3194118,139.5043303,6.7,8
湘南モノレール,片瀬山,大塚,2,86,35.3172665,139.4960982,6.7,8
湘南モノレール,目白山下,大塚,2,88,35.3140164,139.4914837,10.3,8
湘南モノレール,湘南江の島,大塚,2,87,35.3117812,139.4877095,11.0,8
相鉄いずみ野線,二俣川,大塚,1,66,35.4635766,139.5323099,8.4,8
相鉄いずみ野線,南万騎が原,大塚,1,78,35.45253599999999,139.526351,8.3,8
相鉄いずみ野線,緑園都市,大塚,1,81,35.4395193,139.5219504,7.5,8
相鉄いずみ野線,弥生台,大塚,1,83,35.4299397,139.5064623,8.3,8
相鉄いずみ野線,いずみ野,大塚,1,85,35.429455,139.494993,7.3,8
相鉄いずみ野線,いずみ中央,大塚,1,88,35.4152459,139.4872587,7.8,8
相鉄いずみ野線,ゆめが丘,大塚,1,90,35.4056754,139.4824202,8.7,8
相鉄いずみ野線,湘南台,大塚,1,81,35.3963123,139.4664926,8.3,8
相鉄新横浜線,西谷,大塚,1,61,35.4780848,139.5656182,8.1,8
相鉄新横浜線,羽沢横浜国大,大塚,1,56,35.48117,139.5860839,8.0,8
相鉄新横浜線,新横浜,大塚,1,52,35.5076585,139.6175553,11.5,8
相鉄本線,横浜,大塚,1,47,35.46598110000001,139.622062,12.2,8
相鉄本線,平沼橋,大塚,2,57,35.4595591,139.6162066,11.2,8
相鉄本線,西横浜,大塚,2,59,35.4534061,139.608495,10.0,8
相鉄本線,天王町,大塚,2,61,35.4539572,139.6028281,9.5,8
相鉄本線,星川,大塚,2,63,35.458881,139.5947656,9.5,8
相鉄本線,和田町,大塚,2,68,35.4635684,139.5868889,9.0,8
相鉄本線,上星川,大塚,2,68,35.467286,139.580429,8.8,8
相鉄本線,西谷,大塚,1,61,35.4780848,139.5656182,8.1,8
相鉄本線,鶴ケ峰,大塚,1,67,35.4749169,139.5492277,7.6,8
相鉄本線,二俣川,大塚,1,66,35.4635766,139.5323099,8.4,8
相鉄本線,三ツ境,大塚,1,76,35.4677563,139.5027413,7.5,8
相鉄本線,瀬谷,大塚,1,79,35.47031390000001,139.4824961,7.9,8
相鉄本線,大和,大塚,1,72,35.4698284,139.4614179,7.9,8
相鉄本線,相模大塚,大塚,1,87,35.470563,139.4408415,7.9,8
相鉄本線,さがみ野,大塚,1,89,35.4715394,139.4285244,7.4,8
相鉄本線,かしわ台,大塚,1,92,35.4666958,139.4151649,6.9,8
相鉄本線,海老名,大塚,1,67,35.4542331,139.3893342,8.3,8
芝山鉄道,東成田,大塚,1,102,35.7700782,140.3871955,7.1,8
芝山鉄道,芝山千代田,大塚,1,111,35.7540859,140.3995208,7.0,8
西武国分寺線,国分寺,大塚,1,47,35.7002201,139.4802697,9.5,8
西武国分寺線,恋ヶ窪,大塚,2,48,35.711339,139.463902,9.0,8
西武国分寺線,鷹の台,大塚,2,46,35.7234,139.461022,6.8,8
西武国分寺線,小川,大塚,1,43,35.737527,139.4635691,7.2,8
西武国分寺線,東村山,大塚,1,41,35.760471,139.46585,6.8,8
西武多摩川線,武蔵境,大塚,1,39,35.7021388,139.5436578,11.3,8
西武多摩川線,新小金井,大塚,2,48,35.695926,139.526786,10.4,8
西武多摩川線,多磨,大塚,2,52,35.6766308,139.5170499,8.7,8
西武多摩川線,白糸台,大塚,2,54,35.6665179,139.5096129,8.8,8
西武多摩川線,競艇場前,大塚,2,57,35.6562249,139.4996999,7.7,8
西武多摩川線,是政,大塚,2,59,35.6563503,139.4888503,8.9,8
西武多摩湖線,国分寺,大塚,1,47,35.7002201,139.4802697,9.5,8
西武多摩湖線,一橋学園,大塚,2,50,35.72206,139.480039,7.3,8
西武多摩湖線,青梅街道,大塚,2,48,35.730976,139.476566,6.9,8
西武多摩湖線,萩山,大塚,1,40,35.74048550000001,139.4774398,6.8,8
西武多摩湖線,八坂,大塚,1,63,35.744863,139.467761,7.0,8
西武多摩湖線,武蔵大和,大塚,2,52,35.756417,139.444263,6.0,8
西武多摩湖線,多摩湖,大塚,1,68,35.7661519,139.4426132,5.5,8
西武山口線,多摩湖,大塚,1,68,35.7661519,139.4426132,5.5,8
西武山口線,西武園ゆうえんち,大塚,3,63,35.7690263,139.4401512,5.2,8
西武山口線,西武球場前,大塚,2,56,35.7704984,139.4190427,5.3,8
西武拝島線,小平,大塚,1,36,35.7370711,139.4881602,6.9,8
西武拝島線,萩山,大塚,1,40,35.74048550000001,139.4774398,6.8,8
西武拝島線,小川,大塚,1,43,35.737527,139.4635691,7.2,8
西武拝島線,東大和市,大塚,1,47,35.732891,139.434403,6.1,8
西武拝島線,玉川上水,大塚,1,50,35.731964,139.4183325,6.5,8
西武拝島線,武蔵砂川,大塚,1,53,35.7290364,139.3922419,6.4,8
西武拝島線,西武立川,大塚,1,56,35.7262964,139.3705392,6.3,8
西武拝島線,拝島,大塚,1,59,35.72113,139.3436514,6.0,8
西武新宿線,西武新宿,大塚,0,25,35.695363,139.7000521,17.7,8
西武新宿線,高田馬場,大塚,0,7,35.7125654,139.7038615,14.5,8
西武新宿線,下落合,大塚,1,14,35.71587410000001,139.6950191,13.7,8
西武新宿線,中井,大塚,1,16,35.7150776,139.6871252,13.2,8
西武新宿線,新井薬師前,大塚,1,20,35.71578950000001,139.6719543,12.6,8
西武新宿線,沼袋,大塚,1,22,35.719315,139.6644193,12.0,8
西武新宿線,野方,大塚,1,26,35.7196848,139.6532117,11.9,8
西武新宿線,都立家政,大塚,1,27,35.722366,139.644539,11.5,8
西武新宿線,鷺ノ宮,大塚,1,22,35.7226237,139.638906,11.5,8
西武新宿線,下井草,大塚,1,33,35.72387000000001,139.624693,10.7,8
西武新宿線,井荻,大塚,1,34,35.724675,139.61561,10.6,8
西武新宿線,上井草,大塚,1,38,35.725258,139.602945,10.9,8
西武新宿線,上石神井,大塚,1,29,35.7262543,139.5921496,10.4,8
西武新宿線,武蔵関,大塚,1,32,35.72761790000001,139.5763635,9.9,8
西武新宿線,東伏見,大塚,1,34,35.7286904,139.5642362,9.1,8
西武新宿線,西武柳沢,大塚,1,36,35.728637,139.5525518,8.7,8
西武新宿線,田無,大塚,1,35,35.7273335,139.5394451,8.5,8
西武新宿線,花小金井,大塚,1,38,35.726172,139.5132046,7.8,8
西武新宿線,小平,大塚,1,36,35.7370711,139.4881602,6.9,8
西武新宿線,久米川,大塚,1,47,35.7500258,139.472007,6.9,8
西武新宿線,東村山,大塚,1,41,35.760471,139.46585,6.8,8
西武新宿線,所沢,大塚,1,36,35.7866173,139.4732246,7.3,8
西武新宿線,航空公園,大塚,1,59,35.798329,139.465592,7.5,8
西武新宿線,新所沢,大塚,1,61,35.8068135,139.4560541,7.0,8
西武新宿線,入曽,大塚,1,62,35.832435,139.427178,5.0,8
西武新宿線,狭山市,大塚,1,55,35.8572319,139.413282,5.6,8
西武新宿線,新狭山,大塚,1,69,35.8739956,139.4334541,5.1,8
西武新宿線,南大塚,大塚,1,72,35.8898055,139.4543388,5.8,8
西武新宿線,本川越,大塚,1,54,35.915122,139.481892,6.9,8
西武有楽町線,小竹向原,大塚,1,14,35.74334109999999,139.6795208,11.0,8
西武有楽町線,新桜台,大塚,1,18,35.7412366,139.6688231,11.0,8
西武有楽町線,練馬,大塚,1,20,35.737841,139.653912,11.7,8
西武池袋線,池袋,大塚,0,3,35.7295028,139.7109001,13.9,8
西武池袋線,椎名町,大塚,1,12,35.7264722,139.6949221,12.6,8
西武池袋線,東長崎,大塚,1,14,35.7303273,139.6829125,12.2,8
西武池袋線,江古田,大塚,1,16,35.737481,139.672744,11.6,8
西武池袋線,桜台,大塚,1,18,33.4717096,130.5421781,11.0,8
西武池袋線,練馬,大塚,1,20,35.737841,139.653912,11.7,8
西武池袋線,中村橋,大塚,1,23,35.7367952,139.6376668,11.1,8
西武池袋線,富士見台,大塚,1,24,35.7356895,139.629611,10.6,8
西武池袋線,練馬高野台,大塚,1,27,35.7406329,139.6168772,10.5,8
西武池袋線,石神井公園,大塚,1,22,35.7436447,139.6065548,10.1,8
西武池袋線,大泉学園,大塚,1,25,35.7493601,139.5865462,9.3,8
西武池袋線,保谷,大塚,1,28,35.7483557,139.5676,8.7,8
西武池袋線,ひばりヶ丘,大塚,1,36,35.75142,139.545782,8.2,8
西武池袋線,東久留米,大塚,1,32,35.76034509999999,139.5339486,7.5,8
西武池袋線,清瀬,大塚,1,45,35.7720993,139.51984,7.4,8
西武池袋線,秋津,大塚,1,47,35.77843490000001,139.4967816,7.2,8
西武池袋線,所沢,大塚,1,36,35.7866173,139.4732246,7.3,8
西武池袋線,西所沢,大塚,1,45,35.7892995,139.4560334,7.5,8
西武池袋線,小手指,大塚,1,48,35.8005786,139.4380557,6.8,8
西武池袋線,狭山ヶ丘,大塚,1,51,35.810382,139.417013,5.9,8
西武池袋線,武蔵藤沢,大塚,1,53,35.820853,139.412763,5.6,8
西武池袋線,稲荷山公園,大塚,1,56,35.844683,139.399402,6.2,8
西武池袋線,入間市,大塚,1,47,35.8420017,139.3895814,5.8,8
西武池袋線,仏子,大塚,1,62,35.837794,139.360155,5.5,8
西武池袋線,元加治,大塚,1,64,35.84053919999999,139.3457582,5.5,8
西武池袋線,飯能,大塚,1,54,35.851264,139.318769,4.5,8
西武池袋線,東飯能,大塚,2,69,35.853014,139.32613,5.5,8
西武池袋線,高麗,大塚,2,72,35.88201,139.304408,4.9,8
西武池袋線,武蔵横手,大塚,2,76,35.885141,139.2808447,4.7,8
西武池袋線,東吾野,大塚,2,80,35.8921014,139.2606942,4.7,8
西武狭山線,西所沢,大塚,1,45,35.7892995,139.4560334,7.5,8
西武狭山線,下山口,大塚,2,53,35.7793925,139.4408485,6.0,8
西武狭山線,西武球場前,大塚,2,56,35.7704984,139.4190427,5.3,8
西武秩父線,吾野,大塚,2,86,35.8921014,139.2606942,,8
西武秩父線,西吾野,大塚,2,91,35.9263675,139.2021935,4.7,8
西武秩父線,正丸,大塚,2,97,35.9383115,139.1820895,4.7,8
西武秩父線,芦ヶ久保,大塚,2,103,35.976328,139.136002,4.7,8
西武秩父線,横瀬,大塚,2,108,35.985508,139.0978613,4.2,8
西武秩父線,西武秩父,大塚,2,112,35.990047,139.083062,5.7,8
西武西武園線,西武園,大塚,2,55,35.767721,139.448901,6.5,8
西武豊島線,豊島園,大塚,1,25,35.7425725,139.6489471,11.5,8
都電荒川線,三ノ輪橋,大塚,0,47,35.7321051,139.7916155,13.1,8
都電荒川線,荒川一中前,大塚,0,46,35.7336766,139.7889264,12.9,8
都電荒川線,荒川区役所前,大塚,0,45,35.7349357,139.7864979,11.1,8
都電荒川線,荒川二丁目,大塚,0,44,35.7385432,139.7847008,11.7,8
都電荒川線,荒川七丁目,大塚,0,43,35.7418313,139.7837401,10.9,8
都電荒川線,町屋駅前,大塚,0,39,35.7427846,139.7809419,11.8,8
都電荒川線,町屋二丁目,大塚,0,38,35.74369799999999,139.7770331,10.9,8
都電荒川線,東尾久三丁目,大塚,0,37,35.7457854,139.7736639,9.3,8
都電荒川線,熊野前,大塚,0,33,35.7485267,139.7698487,9.8,8
都電荒川線,宮ノ前,大塚,0,32,35.749997,139.765577,9.8,8
都電荒川線,小台,大塚,0,30,35.7505233,139.7615643,9.7,8
都電荒川線,荒川遊園地前,大塚,0,29,35.7506878,139.7579215,10.9,8
都電荒川線,荒川車庫前,大塚,0,23,35.7508582,139.7527811,11.2,8
都電荒川線,梶原,大塚,0,22,35.7510889,139.7478397,10.5,8
都電荒川線,栄町,大塚,0,21,35.6130005,140.1186178,11.9,8
都電荒川線,王子駅前,大塚,0,17,35.7528359,139.7381972,11.6,8
都電荒川線,飛鳥山,大塚,0,15,35.7501771,139.7373504,11.1,8
都電荒川線,滝野川一丁目,大塚,0,14,35.7472737,139.7354215,11.3,8
都電荒川線,西ヶ原四丁目,大塚,0,11,35.7444235,139.732777,12.4,8
都電荒川線,新庚申塚,大塚,0,10,35.7415497,139.7306585,12.9,8
都電荒川線,庚申塚,大塚,0,9,35.7415497,139.7306585,12.9,8
都電荒川線,巣鴨新田,大塚,0,7,35.735704,139.7276824,14.5,8
都電荒川線,大塚駅前,大塚,0,1,35.7315799,139.7293294,14.8,8
都電荒川線,向原,大塚,0,6,35.7288949,139.7248761,13.3,8
都電荒川線,東池袋四丁目,大塚,0,8,35.7252827,139.7201591,14.9,8
都電荒川線,都電雑司ヶ谷,大塚,0,10,35.7241592,139.717881,13.0,8
都電荒川線,鬼子母神前,大塚,0,12,35.7200509,139.7146731,15.3,8
都電荒川線,学習院下,大塚,0,13,35.7166025,139.7125984,14.2,8
都電荒川線,面影橋,大塚,0,15,35.7130162,139.7142544,14.5,8
金沢シーサイドライン,新杉田,大塚,1,84,35.3867269,139.619549,9.5,8
金沢シーサイドライン,南部市場,大塚,2,92,35.380158,139.633206,9.8,8
金沢シーサイドライン,鳥浜,大塚,2,94,35.3771188,139.641745,7.9,8
金沢シーサイドライン,並木北,大塚,2,96,35.3719099,139.6426979,7.9,8
金沢シーサイドライン,並木中央,大塚,2,98,35.3654381,139.6429557,7.5,8
金沢シーサイドライン,幸浦,大塚,2,100,35.3584023,139.6437267,8.5,8
金沢シーサイドライン,産業振興センター,大塚,2,101,35.3534409,139.6463012,4.7,8
金沢シーサイドライン,福浦,大塚,2,106,35.349633,139.6485568,4.7,8
金沢シーサイドライン,市大医学部,大塚,2,104,35.3439584,139.6501483,10.2,8
金沢シーサイドライン,八景島,大塚,2,101,35.3408344,139.6408293,6.0,8
金沢シーサイドライン,海の公園柴口,大塚,2,99,35.3421219,139.6359027,7.7,8
金沢シーサイドライン,海の公園南口,大塚,2,98,35.3372071,139.632055,8.0,8
金沢シーサイドライン,野島公園,大塚,2,96,35.3305806,139.6315414,8.6,8
金沢シーサイドライン,金沢八景,大塚,1,89,35.3312442,139.6202471,8.3,8
みなとみらい線,横浜,大塚,1,47,35.46598110000001,139.622062,12.2,8
みなとみらい線,新高島,大塚,1,88,35.462038,139.626731,19.5,8
みなとみらい線,みなとみらい,大塚,1,67,35.4573889,139.6327216,19.7,8
みなとみらい線,馬車道,大塚,1,69,35.4501774,139.636271,13.8,8
みなとみらい線,日本大通り,大塚,1,71,35.4468153,139.6425887,12.7,8
みなとみらい線,元町・中華街,大塚,1,72,35.4427858,139.6499956,11.0,8
埼玉高速鉄道線,浦和美園,大塚,1,40,35.893687,139.727872,8.6,8
埼玉高速鉄道線,東川口,大塚,1,37,35.8760773,139.7439577,8.1,8
埼玉高速鉄道線,戸塚安行,大塚,1,34,35.8590492,139.7537087,7.9,8
埼玉高速鉄道線,新井宿,大塚,1,31,35.842748,139.737956,7.4,8
埼玉高速鉄道線,鳩ヶ谷,大塚,1,29,35.8309104,139.7360684,7.0,8
埼玉高速鉄道線,南鳩ヶ谷,大塚,1,27,35.8162585,139.7361382,7.7,8
埼玉高速鉄道線,川口元郷,大塚,1,24,35.800392,139.730209,8.5,8
埼玉高速鉄道線,赤羽岩淵,大塚,1,20,35.783504,139.721821,11.9,8
東京メトロ丸ノ内線,池袋,大塚,0,3,35.7295028,139.7109001,13.9,8
東京メトロ丸ノ内線,新大塚,大塚,1,9,35.7258009,139.7298975,13.9,8
東京メトロ丸ノ内線,茗荷谷,大塚,1,12,35.7173731,139.7367799,15.0,8
東京メトロ丸ノ内線,後楽園,大塚,1,16,35.7084859,139.7518216,16.3,8
東京メトロ丸ノ内線,本郷三丁目,大塚,1,18,35.70750659999999,139.760436,17.1,8
東京メトロ丸ノ内線,御茶ノ水,大塚,1,20,35.6997175,139.7644404,17.9,8
東京メトロ丸ノ内線,淡路町,大塚,1,22,35.69496,139.7674597,18.3,8
東京メトロ丸ノ内線,大手町,大塚,0,37,35.6853494,139.7632784,19.3,8
東京メトロ丸ノ内線,東京,大塚,0,21,35.6812996,139.7670658,18.8,8
東京メトロ丸ノ内線,銀座,大塚,1,28,35.67172790000001,139.7644425,19.7,8
東京メトロ丸ノ内線,国会議事堂前,大塚,1,32,35.67389590000001,139.7449634,23.7,8
東京メトロ丸ノ内線,赤坂見附,大塚,1,31,35.677067,139.7373586,23.0,8
東京メトロ丸ノ内線,四ツ谷,大塚,1,18,35.6861525,139.7302183,18.4,8
東京メトロ丸ノ内線,四谷三丁目,大塚,1,24,35.6879318,139.7206307,17.7,8
東京メトロ丸ノ内線,新宿御苑前,大塚,1,24,35.6885809,139.7106837,17.5,8
東京メトロ丸ノ内線,新宿三丁目,大塚,1,22,35.6908823,139.7048821,19.5,8
東京メトロ丸ノ内線,新宿,大塚,0,11,35.6885809,139.7106837,17.5,8
東京メトロ丸ノ内線,西新宿,大塚,1,21,35.6943389,139.6929086,18.3,8
東京メトロ丸ノ内線,中野坂上,大塚,1,23,35.6970686,139.6821613,13.8,8
東京メトロ丸ノ内線,新中野,大塚,1,26,35.6974924,139.6689374,13.5,8
東京メトロ丸ノ内線,東高円寺,大塚,1,28,35.698027,139.6579834,13.2,8
東京メトロ丸ノ内線,新高円寺,大塚,1,30,35.697845,139.64847,13.0,8
東京メトロ丸ノ内線,南阿佐ケ谷,大塚,1,32,35.699456,139.6355541,13.4,8
東京メトロ丸ノ内線,荻窪,大塚,1,28,35.7045751,139.6200629,12.5,8
東京メトロ副都心線,和光市,大塚,1,26,35.788363,139.6127811,10.0,8
東京メトロ副都心線,地下鉄成増,大塚,1,26,35.7766972,139.6311902,10.3,8
東京メトロ副都心線,地下鉄赤塚,大塚,1,24,35.769976,139.6440227,10.4,8
東京メトロ副都心線,平和台,大塚,1,21,35.7575611,139.6543279,10.9,8
東京メトロ副都心線,氷川台,大塚,1,19,35.7495622,139.6654662,10.3,8
東京メトロ副都心線,小竹向原,大塚,1,14,35.74334109999999,139.6795208,11.0,8
東京メトロ副都心線,千川,大塚,1,12,35.7382658,139.6893487,12.1,8
東京メトロ副都心線,要町,大塚,1,10,35.733148,139.698492,12.9,8
東京メトロ副都心線,池袋,大塚,0,3,35.7295028,139.7109001,13.9,8
東京メトロ副都心線,雑司が谷,大塚,0,16,35.720199,139.7148445,13.6,8
東京メトロ副都心線,西早稲田,大塚,1,16,35.7076468,139.7090048,14.9,8
東京メトロ副都心線,東新宿,大塚,1,18,35.6979303,139.7074092,16.5,8
東京メトロ副都心線,新宿三丁目,大塚,1,22,35.6908823,139.7048821,19.5,8
東京メトロ副都心線,北参道,大塚,1,25,35.6783688,139.7055537,20.0,8
東京メトロ副都心線,渋谷,大塚,0,18,35.6580339,139.7016358,22.3,8
東京メトロ千代田線,北綾瀬,大塚,1,29,35.7770135,139.8321012,8.4,8
東京メトロ千代田線,綾瀬,大塚,1,22,35.7770135,139.8321012,8.4,8
東京メトロ千代田線,北千住,大塚,1,18,35.7496762,139.8053433,10.9,8
東京メトロ千代田線,町屋,大塚,0,42,35.742397,139.780335,11.0,8
東京メトロ千代田線,西日暮里,大塚,0,8,35.7328473,139.7676078,12.0,8
東京メトロ千代田線,千駄木,大塚,1,15,35.725483,139.7632433,14.2,8
東京メトロ千代田線,根津,大塚,1,18,35.7173463,139.7657368,15.0,8
東京メトロ千代田線,湯島,大塚,1,19,35.7071802,139.7699414,17.2,8
東京メトロ千代田線,新御茶ノ水,大塚,1,22,35.696932,139.7654321,18.8,8
東京メトロ千代田線,大手町,大塚,0,37,35.6853494,139.7632784,19.3,8
東京メトロ千代田線,日比谷,大塚,0,32,35.6743573,139.7596196,14.5,8
東京メトロ千代田線,国会議事堂前,大塚,1,32,35.67389590000001,139.7449634,23.7,8
東京メトロ千代田線,赤坂,大塚,1,31,35.6722117,139.73638,22.9,8
東京メトロ千代田線,乃木坂,大塚,1,29,35.6668266,139.7264971,23.6,8
東京メトロ千代田線,表参道,大塚,1,25,35.6652511,139.7120921,25.9,8
東京メトロ千代田線,代々木公園,大塚,1,25,35.6690987,139.6899634,19.0,8
東京メトロ千代田線,代々木上原,大塚,1,24,35.6690026,139.6797332,16.8,8
東京メトロ半蔵門線,渋谷,大塚,0,18,35.6580339,139.7016358,22.3,8
東京メトロ半蔵門線,表参道,大塚,1,25,35.6652511,139.7120921,25.9,8
東京メトロ半蔵門線,青山一丁目,大塚,1,25,35.6727759,139.7239663,24.1,8
東京メトロ半蔵門線,永田町,大塚,1,25,35.6786011,139.7402861,23.2,8
東京メトロ半蔵門線,半蔵門,大塚,1,35,35.6856667,139.7416475,23.2,8
東京メトロ半蔵門線,九段下,大塚,1,23,35.6954816,139.7511544,19.1,8
東京メトロ半蔵門線,神保町,大塚,1,16,35.6959319,139.7576272,19.0,8
東京メトロ半蔵門線,大手町,大塚,0,37,35.6853494,139.7632784,19.3,8
東京メトロ半蔵門線,三越前,大塚,1,26,35.6871555,139.7735707,17.9,8
東京メトロ半蔵門線,水天宮前,大塚,1,35,35.68299,139.785153,16.7,8
東京メトロ半蔵門線,清澄白河,大塚,1,34,35.6822525,139.7987778,13.5,8
東京メトロ半蔵門線,住吉,大塚,1,38,35.6890128,139.8158219,13.0,8
東京メトロ半蔵門線,錦糸町,大塚,1,28,35.6967393,139.8144835,14.2,8
東京メトロ南北線,赤羽岩淵,大塚,1,20,35.783504,139.721821,11.9,8
東京メトロ南北線,志茂,大塚,1,18,35.778324,139.7322949,12.0,8
東京メトロ南北線,王子神谷,大塚,1,16,35.7654235,139.7356263,11.0,8
東京メトロ南北線,王子,大塚,0,20,35.7654235,139.7356263,11.0,8
東京メトロ南北線,西ケ原,大塚,1,11,35.7459577,139.7422689,12.5,8
東京メトロ南北線,駒込,大塚,0,4,35.7365665,139.7470098,13.7,8
東京メトロ南北線,本駒込,大塚,1,11,35.7246424,139.7537444,14.8,8
東京メトロ南北線,東大前,大塚,1,13,35.71762349999999,139.7581202,15.0,8
東京メトロ南北線,後楽園,大塚,1,16,35.7084859,139.7518216,16.3,8
東京メトロ南北線,飯田橋,大塚,1,18,35.7020837,139.7450232,17.5,8
東京メトロ南北線,市ケ谷,大塚,1,20,35.6910121,139.7355674,18.9,8
東京メトロ南北線,四ツ谷,大塚,1,18,35.6861525,139.7302183,18.4,8
東京メトロ南北線,永田町,大塚,1,25,35.6786011,139.7402861,23.2,8
東京メトロ南北線,溜池山王,大塚,1,27,35.6721312,139.7414004,24.3,8
東京メトロ南北線,六本木一丁目,大塚,1,30,35.6654626,139.7389911,24.4,8
東京メトロ南北線,麻布十番,大塚,1,30,35.6561336,139.7368813,21.9,8
東京メトロ南北線,白金高輪,大塚,1,32,35.6430963,139.7342256,19.9,8
東京メトロ南北線,白金台,大塚,1,30,35.63793450000001,139.7261466,19.2,8
東京メトロ南北線,目黒,大塚,0,24,35.6340929,139.7158331,19.0,8
東京メトロ日比谷線,小伝馬町,大塚,1,27,35.6907124,139.7785074,16.8,8
東京メトロ日比谷線,北千住,大塚,1,18,35.7496762,139.8053433,10.9,8
東京メトロ日比谷線,南千住,大塚,1,18,35.7339347,139.7994102,12.5,8
東京メトロ日比谷線,三ノ輪,大塚,0,53,35.7296256,139.7913624,13.0,8
東京メトロ日比谷線,入谷,大塚,1,23,35.7208778,139.7846947,13.8,8
東京メトロ日比谷線,上野,大塚,0,14,35.7141672,139.7774091,15.5,8
東京メトロ日比谷線,仲御徒町,大塚,0,21,35.706635,139.7761787,16.2,8
東京メトロ日比谷線,秋葉原,大塚,0,17,35.698383,139.7730717,17.0,8
東京メトロ日比谷線,人形町,大塚,1,29,35.6863395,139.7823384,17.3,8
東京メトロ日比谷線,茅場町,大塚,1,31,35.6799355,139.7801631,17.1,8
東京メトロ日比谷線,八丁堀,大塚,1,33,35.6746248,139.7768846,17.9,8
東京メトロ日比谷線,築地,大塚,1,35,35.6681139,139.7726249,17.7,8
東京メトロ日比谷線,東銀座,大塚,1,35,35.6697003,139.7671399,19.4,8
東京メトロ日比谷線,銀座,大塚,1,28,35.6697003,139.7671399,19.4,8
東京メトロ日比谷線,日比谷,大塚,0,32,35.6743573,139.7596196,14.5,8
東京メトロ日比谷線,虎ノ門ヒルズ,大塚,1,37,35.6677126,139.7479069,30.4,8
東京メトロ日比谷線,神谷町,大塚,1,36,35.6631176,139.7451826,25.9,8
東京メトロ日比谷線,六本木,大塚,1,28,35.6632707,139.7320854,23.5,8
東京メトロ日比谷線,広尾,大塚,1,29,35.6518505,139.722174,20.9,8
東京メトロ日比谷線,恵比寿,大塚,0,21,35.6467145,139.7100818,21.6,8
東京メトロ日比谷線,中目黒,大塚,1,29,35.6441631,139.6988444,18.2,8
東京メトロ有楽町線,和光市,大塚,1,26,35.788363,139.6127811,10.0,8
東京メトロ有楽町線,地下鉄成増,大塚,1,26,35.7766972,139.6311902,10.3,8
東京メトロ有楽町線,地下鉄赤塚,大塚,1,24,35.769976,139.6440227,10.4,8
東京メトロ有楽町線,平和台,大塚,1,21,35.7575611,139.6543279,10.9,8
東京メトロ有楽町線,氷川台,大塚,1,19,35.7495622,139.6654662,10.3,8
東京メトロ有楽町線,小竹向原,大塚,1,14,35.74334109999999,139.6795208,11.0,8
東京メトロ有楽町線,千川,大塚,1,12,35.7382658,139.6893487,12.1,8
東京メトロ有楽町線,要町,大塚,1,10,35.733148,139.698492,12.9,8
東京メトロ有楽町線,池袋,大塚,0,3,35.7295028,139.7109001,13.9,8
東京メトロ有楽町線,東池袋,大塚,0,12,35.7260173,139.7189977,13.7,8
東京メトロ有楽町線,護国寺,大塚,1,15,35.7189737,139.7275081,14.6,8
東京メトロ有楽町線,江戸川橋,大塚,1,18,35.7097251,139.7329826,15.6,8
東京メトロ有楽町線,飯田橋,大塚,1,18,35.7020837,139.7450232,17.5,8
東京メトロ有楽町線,市ケ谷,大塚,1,20,35.6910121,139.7355674,18.9,8
東京メトロ有楽町線,麹町,大塚,1,25,35.6847194,139.7373252,23.9,8
東京メトロ有楽町線,永田町,大塚,1,25,35.6786011,139.7402861,23.2,8
東京メトロ有楽町線,桜田門,大塚,1,29,35.6773322,139.7513691,5.9,8
東京メトロ有楽町線,有楽町,大塚,0,24,35.6750133,139.7630204,18.7,8
東京メトロ有楽町線,銀座一丁目,大塚,1,33,35.6743941,139.7669788,21.0,8
東京メトロ有楽町線,新富町,大塚,1,34,35.6705851,139.7735117,17.5,8
東京メトロ有楽町線,月島,大塚,1,36,35.663861,139.7840845,18.4,8
東京メトロ有楽町線,豊洲,大塚,1,39,35.6537595,139.7954412,18.0,8
東京メトロ有楽町線,辰巳,大塚,1,41,35.6457723,139.810347,17.4,8
東京メトロ有楽町線,新木場,大塚,1,44,35.6459065,139.8267917,12.4,8
東京メトロ東西線,西船橋,大塚,1,52,35.7074443,139.9590775,9.7,8
東京メトロ東西線,原木中山,大塚,1,67,35.7033579,139.9418925,8.9,8
東京メトロ東西線,妙典,大塚,1,63,35.6914851,139.9248953,9.0,8
東京メトロ東西線,行徳,大塚,1,61,35.682604,139.914142,8.8,8
東京メトロ東西線,南行徳,大塚,1,59,35.672716,139.902227,8.9,8
東京メトロ東西線,葛西,大塚,1,51,35.6635395,139.8726529,9.0,8
東京メトロ東西線,西葛西,大塚,1,49,35.664577,139.8592032,9.0,8
東京メトロ東西線,南砂町,大塚,1,44,35.6686978,139.8308161,10.7,8
東京メトロ東西線,東陽町,大塚,1,41,35.6696241,139.8177096,12.1,8
東京メトロ東西線,木場,大塚,1,38,35.6693678,139.8067878,12.6,8
東京メトロ東西線,門前仲町,大塚,1,35,35.6720326,139.7956907,13.9,8
東京メトロ東西線,茅場町,大塚,1,31,35.6799355,139.7801631,17.1,8
東京メトロ東西線,日本橋,大塚,3,214,35.6821193,139.7747086,17.4,8
東京メトロ東西線,大手町,大塚,0,37,35.6853494,139.7632784,19.3,8
東京メトロ東西線,竹橋,大塚,1,25,35.6902225,139.7582927,18.0,8
東京メトロ東西線,九段下,大塚,1,23,35.6954816,139.7511544,19.1,8
東京メトロ東西線,飯田橋,大塚,1,18,35.7020837,139.7450232,17.5,8
東京メトロ東西線,神楽坂,大塚,1,17,35.703869,139.7344316,16.5,8
東京メトロ東西線,早稲田,大塚,0,16,35.7058216,139.7212004,14.9,8
東京メトロ東西線,高田馬場,大塚,0,7,35.7125654,139.7038615,14.5,8
東京メトロ東西線,落合,大塚,1,15,35.7106227,139.6861327,13.6,8
東京メトロ東西線,中野,大塚,1,19,35.7054067,139.6658254,13.5,8
東京メトロ銀座線,浅草,大塚,1,24,35.7098669,139.7971675,14.0,8
東京メトロ銀座線,田原町,大塚,1,22,35.7098833,139.7907335,14.8,8
東京メトロ銀座線,稲荷町,大塚,1,20,35.7113443,139.7826841,15.4,8
東京メトロ銀座線,上野,大塚,0,14,35.7141672,139.7774091,15.5,8
東京メトロ銀座線,上野広小路,大塚,0,22,35.7078788,139.7729859,16.7,8
東京メトロ銀座線,末広町,大塚,1,22,35.7028977,139.7716539,17.2,8
東京メトロ銀座線,神田,大塚,0,19,35.6918216,139.7709318,17.7,8
東京メトロ銀座線,三越前,大塚,1,26,35.6871555,139.7735707,17.9,8
東京メトロ銀座線,日本橋,大塚,3,214,35.6821193,139.7747086,17.4,8
東京メトロ銀座線,京橋,大塚,3,204,34.6960502,135.5341723,17.8,8
東京メトロ銀座線,銀座,大塚,1,28,35.67172790000001,139.7644425,19.7,8
東京メトロ銀座線,新橋,大塚,0,26,35.666379,139.7583398,22.7,8
東京メトロ銀座線,虎ノ門,大塚,1,33,35.670129,139.7500733,30.0,8
東京メトロ銀座線,溜池山王,大塚,1,27,35.6721312,139.7414004,24.3,8
東京メトロ銀座線,赤坂見附,大塚,1,31,35.677067,139.7373586,23.0,8
東京メトロ銀座線,青山一丁目,大塚,1,25,35.6727759,139.7239663,24.1,8
東京メトロ銀座線,外苑前,大塚,1,27,35.6706165,139.7180621,24.0,8
東京メトロ銀座線,表参道,大塚,1,25,35.6652511,139.7120921,25.9,8
東京メトロ銀座線,渋谷,大塚,0,18,35.6580339,139.7016358,22.3,8
横浜市営地下鉄グリーンライン,中山,大塚,2,62,35.5148115,139.53935,8.5,8
横浜市営地下鉄グリーンライン,川和町,大塚,2,71,35.5284388,139.5492424,8.8,8
横浜市営地下鉄グリーンライン,都筑ふれあいの丘,大塚,2,69,35.5365677,139.5613048,9.2,8
横浜市営地下鉄グリーンライン,センター南,大塚,2,65,35.5455828,139.5745099,10.0,8
横浜市営地下鉄グリーンライン,センター北,大塚,2,64,35.553138,139.578482,10.5,8
横浜市営地下鉄グリーンライン,北山田,大塚,2,62,35.560915,139.59273,9.6,8
横浜市営地下鉄グリーンライン,東山田,大塚,2,60,35.554194,139.60484,9.3,8
横浜市営地下鉄グリーンライン,高田,大塚,2,58,0.0,0.0,9.8,8
横浜市営地下鉄グリーンライン,日吉本町,大塚,2,55,35.550036,139.6336133,10.3,8
横浜市営地下鉄グリーンライン,日吉,大塚,1,49,35.550036,139.6336133,10.3,8
横浜市営地下鉄ブルーライン,湘南台,大塚,1,81,35.3963123,139.4664926,8.3,8
横浜市営地下鉄ブルーライン,下飯田,大塚,2,73,35.4034517,139.4831672,9.2,8
横浜市営地下鉄ブルーライン,立場,大塚,2,71,35.4144844,139.5009935,8.3,8
横浜市営地下鉄ブルーライン,中田,大塚,2,69,35.4111582,139.511299,8.3,8
横浜市営地下鉄ブルーライン,踊場,大塚,2,67,35.4055836,139.5187107,8.7,8
横浜市営地下鉄ブルーライン,戸塚,大塚,1,60,35.40076639999999,139.5342039,8.3,8
横浜市営地下鉄ブルーライン,舞岡,大塚,2,67,35.4025543,139.5512281,9.4,8
横浜市営地下鉄ブルーライン,下永谷,大塚,2,69,35.4026259,139.5591115,9.1,8
横浜市営地下鉄ブルーライン,上永谷,大塚,2,71,35.401349,139.572766,8.0,8
横浜市営地下鉄ブルーライン,港南中央,大塚,2,73,35.4010785,139.5908585,8.5,8
横浜市営地下鉄ブルーライン,上大岡,大塚,1,75,35.4091218,139.5966291,8.7,8
横浜市営地下鉄ブルーライン,弘明寺,大塚,2,68,35.4243856,139.5968031,9.0,8
横浜市営地下鉄ブルーライン,蒔田,大塚,2,66,35.429902,139.609956,8.9,8
横浜市営地下鉄ブルーライン,吉野町,大塚,2,65,35.4353957,139.6184715,9.1,8
横浜市営地下鉄ブルーライン,阪東橋,大塚,2,63,35.437596,139.625177,10.7,8
横浜市営地下鉄ブルーライン,伊勢佐木長者町,大塚,2,61,35.4411351,139.6329989,11.7,8
横浜市営地下鉄ブルーライン,関内,大塚,1,70,35.4439663,139.6354978,12.3,8
横浜市営地下鉄ブルーライン,桜木町,大塚,1,68,35.4509136,139.6310595,12.2,8
横浜市営地下鉄ブルーライン,高島町,大塚,2,55,35.458788,139.623537,12.9,8
横浜市営地下鉄ブルーライン,横浜,大塚,1,47,35.46598110000001,139.622062,12.2,8
横浜市営地下鉄ブルーライン,三ツ沢下町,大塚,2,59,35.4765007,139.6150268,10.5,8
横浜市営地下鉄ブルーライン,三ツ沢上町,大塚,2,61,35.4764874,139.6046976,8.5,8
横浜市営地下鉄ブルーライン,片倉町,大塚,2,61,35.489951,139.6064261,8.0,8
横浜市営地下鉄ブルーライン,岸根公園,大塚,2,59,35.4965468,139.6171984,10.8,8
横浜市営地下鉄ブルーライン,新横浜,大塚,1,52,35.5076585,139.6175553,11.5,8
横浜市営地下鉄ブルーライン,北新横浜,大塚,2,57,35.519226,139.612813,10.2,8
横浜市営地下鉄ブルーライン,新羽,大塚,2,59,35.527475,139.612119,9.3,8
横浜市営地下鉄ブルーライン,仲町台,大塚,2,62,35.5353086,139.5896081,9.4,8
横浜市営地下鉄ブルーライン,センター南,大塚,2,65,35.5455828,139.5745099,10.0,8
横浜市営地下鉄ブルーライン,センター北,大塚,2,64,35.553138,139.578482,10.5,8
横浜市営地下鉄ブルーライン,中川,大塚,2,69,35.5629773,139.5697136,9.4,8
横浜市営地下鉄ブルーライン,あざみ野,大塚,1,61,35.5685796,139.5534552,9.5,8
都営三田線,西高島平,大塚,1,30,35.7918903,139.6458828,8.9,8
都営三田線,新高島平,大塚,1,28,35.7902275,139.6542777,8.6,8
都営三田線,高島平,大塚,1,26,35.7918903,139.6458828,8.9,8
都営三田線,西台,大塚,1,24,35.7870582,139.6727974,8.8,8
都営三田線,蓮根,大塚,1,22,35.7841976,139.6790192,9.3,8
都営三田線,志村三丁目,大塚,1,20,35.7774805,139.6858707,9.5,8
都営三田線,志村坂上,大塚,1,18,35.7757692,139.6953874,9.9,8
都営三田線,本蓮沼,大塚,1,16,35.7685159,139.70247,10.8,8
都営三田線,板橋本町,大塚,1,15,35.7612601,139.7055333,11.0,8
都営三田線,板橋区役所前,大塚,1,12,35.7515914,139.7097176,11.3,8
都営三田線,新板橋,大塚,1,11,35.7488113,139.7201652,12.0,8
都営三田線,西巣鴨,大塚,0,18,35.7436944,139.7285589,14.0,8
都営三田線,巣鴨,大塚,0,2,35.7436944,139.7285589,14.0,8
都営三田線,千石,大塚,1,8,35.7278755,139.7448665,14.2,8
都営三田線,白山,大塚,1,10,35.72123029999999,139.7521623,15.0,8
都営三田線,春日,大塚,1,12,35.7084518,139.7535896,15.9,8
都営三田線,水道橋,大塚,1,14,35.7020484,139.7535016,17.5,8
都営三田線,神保町,大塚,1,16,35.6959319,139.7576272,19.0,8
都営三田線,大手町,大塚,0,37,35.6853494,139.7632784,19.3,8
都営三田線,日比谷,大塚,0,32,35.6743573,139.7596196,14.5,8
都営三田線,内幸町,大塚,0,37,35.6693954,139.7553294,21.0,8
都営三田線,御成門,大塚,1,25,35.6605129,139.7512247,21.8,8
都営三田線,芝公園,大塚,1,27,35.6539326,139.7498313,19.2,8
都営三田線,三田,大塚,0,38,35.6476602,139.7486572,19.4,8
都営三田線,白金高輪,大塚,1,32,35.6430963,139.7342256,19.9,8
都営三田線,白金台,大塚,1,30,35.63793450000001,139.7261466,19.2,8
都営三田線,目黒,大塚,0,24,35.6340929,139.7158331,19.0,8
都営大江戸線,都庁前,大塚,1,24,35.6905696,139.6926607,21.0,8
都営大江戸線,新宿西口,大塚,0,21,35.6932917,139.6991323,18.9,8
都営大江戸線,東新宿,大塚,1,18,35.6979303,139.7074092,16.5,8
都営大江戸線,若松河田,大塚,1,28,35.699236,139.7180749,16.0,8
都営大江戸線,牛込柳町,大塚,1,30,35.699462,139.7255394,16.2,8
都営大江戸線,牛込神楽坂,大塚,1,32,35.7008576,139.7358743,17.0,8
都営大江戸線,飯田橋,大塚,1,18,35.7020837,139.7450232,17.5,8
都営大江戸線,春日,大塚,1,12,35.7084518,139.7535896,15.9,8
都営大江戸線,本郷三丁目,大塚,1,18,35.70750659999999,139.760436,17.1,8
都営大江戸線,上野御徒町,大塚,0,22,35.7075185,139.7748564,17.5,8
都営大江戸線,新御徒町,大塚,1,26,35.7069936,139.7819408,15.4,8
都営大江戸線,蔵前,大塚,1,28,35.7031637,139.7908275,15.2,8
都営大江戸線,両国,大塚,1,25,35.6959325,139.7928696,15.0,8
都営大江戸線,森下,大塚,1,32,35.6880172,139.7982074,14.3,8
都営大江戸線,清澄白河,大塚,1,34,35.6822525,139.7987778,13.5,8
都営大江戸線,門前仲町,大塚,1,35,35.6720326,139.7956907,13.9,8
都営大江戸線,月島,大塚,1,36,35.663861,139.7840845,18.4,8
都営大江戸線,勝どき,大塚,1,41,35.6589787,139.7771494,18.4,8
都営大江戸線,築地市場,大塚,1,40,35.6648801,139.7668777,19.0,8
都営大江戸線,汐留,大塚,0,40,35.6628989,139.7599699,23.4,8
都営大江戸線,大門,大塚,0,36,35.6567191,139.7555724,21.4,8
都営大江戸線,赤羽橋,大塚,1,32,35.6549848,139.7440021,20.5,8
都営大江戸線,麻布十番,大塚,1,30,35.6561336,139.7368813,21.9,8
都営大江戸線,六本木,大塚,1,28,35.6632707,139.7320854,23.5,8
都営大江戸線,青山一丁目,大塚,1,25,35.6727759,139.7239663,24.1,8
都営大江戸線,国立競技場,大塚,1,21,35.6801659,139.7137789,19.6,8
都営大江戸線,代々木,大塚,0,14,35.683033,139.7020555,18.5,8
都営大江戸線,新宿,大塚,0,11,35.6932917,139.6991323,18.9,8
都営大江戸線,西新宿五丁目,大塚,1,25,35.689875,139.6845503,14.6,8
都営大江戸線,中野坂上,大塚,1,23,35.6970686,139.6821613,13.8,8
都営大江戸線,東中野,大塚,1,19,35.7062478,139.6837613,13.8,8
都営大江戸線,中井,大塚,1,16,35.7150776,139.6871252,13.2,8
都営大江戸線,落合南長崎,大塚,1,36,35.7234039,139.6834785,12.0,8
都営大江戸線,新江古田,大塚,1,39,35.732592,139.670439,11.7,8
都営大江戸線,練馬,大塚,1,20,35.737841,139.653912,11.7,8
都営大江戸線,豊島園,大塚,1,25,35.7425725,139.6489471,11.5,8
都営大江戸線,練馬春日町,大塚,1,46,35.7514626,139.6401514,11.0,8
都営大江戸線,光が丘,大塚,1,48,35.7585093,139.6289329,10.2,8
都営新宿線,篠崎,大塚,1,54,35.7059504,139.9039271,8.7,8
都営新宿線,瑞江,大塚,1,51,35.69332,139.8977053,9.0,8
都営新宿線,一之江,大塚,1,49,35.685936,139.882978,8.7,8
都営新宿線,船堀,大塚,1,46,35.6838551,139.8641384,8.9,8
都営新宿線,東大島,大塚,1,44,35.689932,139.8475291,8.6,8
都営新宿線,大島,大塚,1,41,35.689932,139.8475291,8.6,8
都営新宿線,西大島,大塚,1,40,35.689371,139.826351,11.5,8
都営新宿線,住吉,大塚,1,38,35.6890128,139.8158219,13.0,8
都営新宿線,菊川,大塚,1,36,34.761477,138.0854392,14.2,8
都営新宿線,森下,大塚,1,32,35.6880172,139.7982074,14.3,8
都営新宿線,浜町,大塚,1,32,35.68840369999999,139.7877372,16.5,8
都営新宿線,馬喰横山,大塚,1,30,35.691857,139.7831068,16.8,8
都営新宿線,岩本町,大塚,0,27,35.6955713,139.7751813,16.7,8
都営新宿線,小川町,大塚,1,26,35.6951799,139.7668774,18.5,8
都営新宿線,神保町,大塚,1,16,35.6959319,139.7576272,19.0,8
都営新宿線,九段下,大塚,1,23,35.6954816,139.7511544,19.1,8
都営新宿線,曙橋,大塚,1,25,35.6923758,139.7226303,17.2,8
都営新宿線,新宿三丁目,大塚,1,22,35.6908823,139.7048821,19.5,8
都営新宿線,新宿,大塚,0,11,35.6908823,139.7048821,19.5,8
都営浅草線,本所吾妻橋,大塚,2,31,35.7085984,139.8045672,14.0,8
都営浅草線,浅草,大塚,1,24,35.7098669,139.7971675,14.0,8
都営浅草線,蔵前,大塚,1,28,35.7031637,139.7908275,15.2,8
都営浅草線,浅草橋,大塚,1,22,35.6974952,139.7859834,16.2,8
都営浅草線,東日本橋,大塚,1,35,35.69215519999999,139.7848473,16.7,8
都営浅草線,人形町,大塚,1,29,35.6863395,139.7823384,17.3,8
都営浅草線,日本橋,大塚,3,214,35.69215519999999,139.7848473,16.7,8
都営浅草線,宝町,大塚,1,37,35.6756198,139.7721084,17.7,8
都営浅草線,東銀座,大塚,1,35,35.6697003,139.7671399,19.4,8
都営浅草線,新橋,大塚,0,26,35.666379,139.7583398,22.7,8
都営浅草線,大門,大塚,0,36,35.6567191,139.7555724,21.4,8
都営浅草線,三田,大塚,0,38,35.6476602,139.7486572,19.4,8
都営浅草線,泉岳寺,大塚,0,41,35.6386442,139.7399771,19.4,8
都営浅草線,高輪台,大塚,1,32,35.6318285,139.7305368,18.7,8
都営浅草線,五反田,大塚,0,26,35.6261591,139.7236022,17.8,8
都営浅草線,戸越,大塚,1,33,35.6145248,139.7163324,14.7,8
都営浅草線,中延,大塚,1,35,35.6058183,139.7127554,13.7,8
都営浅草線,馬込,大塚,1,37,35.5963863,139.7118295,12.6,8
都営浅草線,西馬込,大塚,1,39,35.5868252,139.7059056,12.0,8
伊豆箱根鉄道大雄山線,小田原,大塚,1,67,35.2564449,139.1553932,7.0,8
伊豆箱根鉄道大雄山線,緑町,大塚,2,79,35.2596085,139.1589848,7.1,8
伊豆箱根鉄道大雄山線,井細田,大塚,2,81,35.268908,139.157417,6.3,8
伊豆箱根鉄道大雄山線,五百羅漢,大塚,2,84,35.2752879,139.1557777,5.9,8
伊豆箱根鉄道大雄山線,穴部,大塚,2,86,35.2800612,139.1485361,6.0,8
伊豆箱根鉄道大雄山線,飯田岡,大塚,2,88,35.2881331,139.139059,6.0,8
伊豆箱根鉄道大雄山線,相模沼田,大塚,2,89,35.292106,139.1340156,5.3,8
伊豆箱根鉄道大雄山線,岩原,大塚,2,91,35.2990555,139.1285551,5.3,8
伊豆箱根鉄道大雄山線,塚原,大塚,2,93,35.30151499999999,139.126696,5.7,8
伊豆箱根鉄道大雄山線,和田河原,大塚,2,96,35.315902,139.118308,6.0,8
伊豆箱根鉄道大雄山線,富士フイルム前,大塚,2,98,35.3176549,139.108914,5.2,8
伊豆箱根鉄道大雄山線,大雄山,大塚,2,99,35.3191668,139.1031454,5.6,8
小湊鉄道,五井,大塚,1,88,35.5133059,140.0896418,5.6,8
小湊鉄道,上総村上,大塚,2,104,35.496239,140.1002702,4.9,8
小湊鉄道,海士有木,大塚,2,109,35.4817158,140.1242993,4.5,8
小湊鉄道,上総三又,大塚,2,112,35.4660306,140.1267618,4.7,8
小湊鉄道,上総山田,大塚,2,115,35.4541937,140.126185,4.7,8
小湊鉄道,光風台,大塚,4,260,35.439581,140.114191,4.9,8
小湊鉄道,馬立,大塚,2,123,35.4237498,140.1147191,4.5,8
小湊鉄道,上総牛久,大塚,2,128,35.400098,140.1422447,4.5,8
小湊鉄道,上総川間,大塚,3,134,35.3881142,140.1510995,4.7,8
小湊鉄道,上総鶴舞,大塚,3,137,35.3813745,140.1651738,4.7,8
小湊鉄道,上総久保,大塚,3,141,35.3674896,140.154585,4.7,8
小湊鉄道,高滝,大塚,3,144,35.353092,140.1502745,4.7,8
江ノ電,藤沢,大塚,1,67,35.3388984,139.4874695,10.1,8
江ノ電,石上,大塚,2,76,35.3324359,139.4856054,10.7,8
江ノ電,柳小路,大塚,2,78,35.3274127,139.4851832,10.5,8
江ノ電,鵠沼,大塚,2,79,35.3211987,139.482552,10.5,8
江ノ電,湘南海岸公園,大塚,2,83,35.3150889,139.4834851,11.5,8
江ノ電,江ノ島,大塚,2,84,35.3110477,139.4873844,11.2,8
江ノ電,腰越,大塚,2,90,35.3084036,139.4931705,10.3,8
江ノ電,鎌倉高校前,大塚,2,92,35.3067242,139.5005569,10.4,8
江ノ電,七里ヶ浜,大塚,2,96,35.3062403,139.5101511,14.2,8
江ノ電,稲村ヶ崎,大塚,2,99,35.3043597,139.5219085,11.2,8
江ノ電,極楽寺,大塚,2,105,35.3094825,139.5290259,10.4,8
江ノ電,長谷,大塚,2,107,35.3113157,139.5358751,11.8,8
江ノ電,由比ヶ浜,大塚,2,109,35.3127879,139.5414315,12.3,8
江ノ電,和田塚,大塚,2,111,35.3137116,139.5454342,12.4,8
江ノ電,鎌倉,大塚,1,73,35.3067242,139.5005569,10.4,8
流鉄流山線,馬橋,大塚,1,38,35.81134000000001,139.917276,7.0,8
流鉄流山線,幸谷,大塚,1,45,35.826334,139.9198036,7.2,8
流鉄流山線,小金城趾,大塚,2,51,35.8357412,139.9173453,6.7,8
流鉄流山線,鰭ヶ崎,大塚,2,53,35.8410089,139.9109071,8.4,8
流鉄流山線,平和台,大塚,1,21,35.7575611,139.6543279,8.0,8
流鉄流山線,流山,大塚,2,57,35.856529,139.901914,9.0,8
秩父鉄道,羽生,大塚,2,94,36.17036119999999,139.5341036,4.2,8
秩父鉄道,西羽生,大塚,2,93,36.1764024,139.5239492,4.1,8
秩父鉄道,武州荒木,大塚,2,86,36.1625492,139.4882162,3.7,8
秩父鉄道,東行田,大塚,2,83,36.1472565,139.4684744,3.3,8
秩父鉄道,行田市,大塚,2,81,36.143484,139.45919,3.0,8
秩父鉄道,持田,大塚,2,78,36.1376712,139.4421407,3.9,8
秩父鉄道,熊谷,大塚,1,61,36.1393899,139.3900334,5.7,8
秩父鉄道,上熊谷,大塚,2,77,36.1426263,139.3813505,6.1,8
秩父鉄道,ひろせ野鳥の森,大塚,2,82,36.1461437,139.3515478,5.8,8
秩父鉄道,大麻生,大塚,2,85,36.1447948,139.3323588,5.8,8
秩父鉄道,明戸,大塚,2,88,36.1429373,139.3037811,5.7,8
秩父鉄道,武川,大塚,2,91,36.14208,139.282666,4.8,8
秩父鉄道,小前田,大塚,2,100,36.1288337,139.2224581,4.5,8
秩父鉄道,寄居,大塚,2,105,36.1178872,139.1945371,4.8,8
秩父鉄道,波久礼,大塚,2,111,36.1268671,139.1580498,4.7,8
秩父鉄道,樋口,大塚,2,116,36.1311938,139.122419,4.7,8
秩父鉄道,野上,大塚,2,120,36.1116277,139.1107287,4.7,8
秩父鉄道,長瀞,大塚,2,123,36.0951551,139.1123518,4.7,8
秩父鉄道,上長瀞,大塚,2,125,36.0861785,139.1134038,4.2,8
秩父鉄道,親鼻,大塚,2,128,36.0776628,139.1059538,4.3,8
秩父鉄道,皆野,大塚,2,130,36.0687319,139.0941478,4.3,8
秩父鉄道,和銅黒谷,大塚,2,135,36.046736,139.101558,4.7,8
秩父鉄道,大野原,大塚,2,139,36.0189154,139.0940975,5.1,8
秩父鉄道,秩父,大塚,4,627,35.9988284,139.0860358,5.0,8
秩父鉄道,御花畑,大塚,2,121,35.9924622,139.0836532,4.4,8
秩父鉄道,影森,大塚,2,147,35.9721742,139.0684237,4.7,8
秩父鉄道,浦山口,大塚,3,140,35.963939,139.058037,4.7,8
秩父鉄道,武州日野,大塚,3,147,35.9540642,139.0213573,4.6,8
秩父鉄道,白久,大塚,3,151,35.9588968,138.9933685,4.7,8
秩父鉄道,三峰口,大塚,3,153,35.960215,138.977683,4.6,8
箱根登山鉄道,小田原,大塚,1,67,35.2564449,139.1553932,7.0,8
箱根登山鉄道,箱根板橋,大塚,2,83,35.2454588,139.1448332,7.2,8
箱根登山鉄道,風祭,大塚,2,87,35.246244,139.129198,5.6,8
箱根登山鉄道,入生田,大塚,2,90,35.240772,139.12106,5.6,8
箱根登山鉄道,箱根湯本,大塚,2,94,35.2333827,139.1039163,5.9,8
箱根登山鉄道,塔ノ沢,大塚,3,98,35.234438,139.093952,5.5,8
箱根登山鉄道,大平台,大塚,3,109,35.238576,139.07412,4.7,8
箱根登山鉄道,宮ノ下,大塚,3,121,35.241992,139.06301,4.7,8
箱根登山鉄道,小涌谷,大塚,3,127,35.240576,139.052483,7.7,8
箱根登山鉄道,彫刻の森,大塚,3,130,35.2464498,139.0508339,5.2,8
箱根登山鉄道,強羅,大塚,3,132,35.250852,139.048205,6.0,8
銚子電鉄,銚子,大塚,2,174,35.7296659,140.8274186,5.6,8
銚子電鉄,仲ノ町,大塚,2,62,35.7288793,140.8335364,6.1,8
銚子電鉄,観音,大塚,3,211,35.7290055,140.8401505,4.7,8
銚子電鉄,本銚子,大塚,3,213,35.731035,140.8478484,4.2,8
銚子電鉄,笠上黒生,大塚,3,215,35.7284302,140.8570796,4.2,8
銚子電鉄,西海鹿島,大塚,3,217,35.7250698,140.8602276,4.7,8
銚子電鉄,海鹿島,大塚,3,218,35.7250698,140.8602276,4.7,8
銚子電鉄,君ヶ浜,大塚,3,221,35.7135969,140.8605197,4.7,8
銚子電鉄,犬吠,大塚,3,223,35.70630010000001,140.8611882,4.7,8
銚子電鉄,外川,大塚,3,226,35.6992785,140.8570694,4.7,8
