,price,from,lat,lng
0,9.6,東京,35.68123620000001,139.7671248
1,10.8,有楽町,35.6750133,139.7630204
2,11.0,新橋,35.666379,139.7583398
3,10.4,浜松町,35.6553809,139.7571289
4,9.9,田町,35.6457361,139.7475624
5,9.2,高輪ゲートウェイ,35.6355207,139.7406809
6,9.1,品川,35.6284713,139.7387597
7,8.5,大崎,35.6198513,139.7281892
8,8.9,五反田,35.6261591,139.7236022
9,9.9,目黒,35.63391319999999,139.7155561
10,11.0,恵比寿,35.6467145,139.7100818
11,10.8,渋谷,35.6580339,139.7016358
12,11.4,原宿,35.6700901,139.7024662
13,10.1,代々木,35.683033,139.7020555
14,8.2,新宿,35.6896067,139.7005713
15,7.5,新大久保,35.7012459,139.7002258
16,7.5,高田馬場,35.7125654,139.7038615
17,7.3,目白,35.7212199,139.7066115
18,7.4,池袋,35.7295028,139.7109001
19,7.4,大塚,35.7317124,139.7285029
20,7.8,巣鴨,35.7334192,139.7392848
21,7.5,駒込,35.7365665,139.7470098
22,7.0,田端,35.7381581,139.7608154
23,7.0,西日暮里,35.7324125,139.7677967
24,7.5,日暮里,35.7281578,139.7706414
25,7.6,鶯谷,35.7214573,139.7780133
26,8.1,上野,35.7141672,139.7774091
27,8.9,御徒町,35.7075185,139.7748564
28,9.4,秋葉原,35.698383,139.7730717
29,9.9,神田,35.6918216,139.7709318
30,6.7,赤羽,35.7776951,139.7205691
31,6.5,東十条,35.763949,139.7268722
32,6.4,王子,35.7529945,139.7378714
33,6.8,上中里,35.7465785,139.7469573
34,8.1,大井町,35.6076153,139.7346592
35,7.2,大森,35.5884467,139.7278683
36,7.3,蒲田,35.5624794,139.7160731
37,6.5,川崎,35.5313654,139.696889
38,5.9,鶴見,35.5080356,139.6762625
39,4.7,新子安,35.4870546,139.6548105
40,6.2,東神奈川,35.4779292,139.6333614
41,6.8,横浜,35.46598110000001,139.622062
42,6.4,桜木町,35.4509136,139.6310595
43,6.5,関内,35.4439663,139.6354978
44,6.0,石川町,35.4387746,139.6430494
45,4.9,山手,35.42686,139.6463741
46,4.2,根岸,35.415819,139.6350457
47,3.9,磯子,35.3998639,139.6179011
48,4.3,新杉田,35.3867269,139.619549
49,3.9,洋光台,35.378769,139.597042
50,4.5,港南台,35.37513,139.576405
51,5.0,本郷台,35.3674373,139.5502526
52,5.7,大船,35.3540475,139.5312989
53,5.0,戸塚,35.40076639999999,139.5342039
54,5.6,藤沢,35.3388984,139.4874695
55,5.9,辻堂,35.3368951,139.4470874
56,5.7,茅ケ崎,35.3303025,139.4068167
57,4.3,平塚,35.3276448,139.3504658
58,4.5,大磯,35.311435,139.313291
59,4.2,二宮,35.2987859,139.2575981
60,4.4,国府津,35.281353,139.21494
61,4.2,鴨宮,35.275658,139.180026
62,5.2,小田原,35.2564449,139.1553932
63,4.5,早川,35.238689,139.145003
64,4.0,根府川,35.202526,139.138644
65,5.2,真鶴,35.156809,139.13234
66,5.2,湯河原,35.146087,139.102177
67,7.5,三河島,35.7331755,139.7784846
68,7.7,南千住,35.7331617,139.7989223
69,7.2,北千住,35.7496762,139.8053433
70,5.9,綾瀬,35.762315,139.824924
71,6.0,亀有,35.7665375,139.8475334
72,4.9,金町,35.769538,139.870476
73,5.5,松戸,35.7843004,139.9006607
74,4.9,北松戸,35.8005413,139.9117619
75,4.0,馬橋,35.81134000000001,139.917276
76,4.0,新松戸,35.8254725,139.920711
77,4.2,北小金,35.833227,139.930774
78,4.0,南柏,35.8446412,139.9541741
79,4.4,柏,35.8621498,139.9709172
80,4.3,北柏,35.8755954,139.9880873
81,4.1,我孫子,35.8727034,140.0107941
82,3.5,天王台,35.8725378,140.0409088
83,3.4,取手,35.8956987,140.0628753
84,3.4,藤代,35.9205553,140.1181431
85,2.9,龍ケ崎市,35.9300659,140.1382285
86,4.3,牛久,35.9756237,140.1410386
87,3.0,ひたち野うしく,36.007352,140.158247
88,2.9,荒川沖,36.0312941,140.1666344
89,3.6,土浦,36.078484,140.206212
90,2.5,神立,36.1204786,140.2485896
91,2.7,高浜,0.0,0.0
92,2.7,石岡,36.1909503,140.2802496
93,3.0,羽鳥,36.247523,140.2867541
94,2.9,岩間,36.2954645,140.2765219
95,2.9,友部,36.3504842,140.3060536
96,2.7,内原,36.3705866,140.3533065
97,3.0,赤塚,36.3819102,140.4151928
98,3.8,水戸,36.3707551,140.476308
99,4.4,勝田,36.3944787,140.5242313
100,4.5,佐和,36.4296464,140.5400125
101,3.9,東海,36.4654424,140.5659002
102,3.2,大甕,36.5128356,140.6194923
103,3.8,常陸多賀,36.5520816,140.632684
104,4.0,日立,36.590439,140.661847
105,3.4,小木津,36.6366565,140.6752323
106,3.5,十王,36.6713751,140.6859798
107,3.5,高萩,36.7144822,140.7170031
108,4.0,南中郷,36.7528116,140.7289449
109,3.8,磯原,36.7905022,140.746164
110,3.2,大津港,36.8467745,140.7780755
111,6.8,尻手,35.5311934,139.6844966
112,6.0,八丁畷,35.523005,139.691445
113,6.7,川崎新町,35.5182669,139.699176
114,6.6,小田栄,35.5147242,139.7047391
115,5.9,浜川崎,35.5102284,139.7138465
116,6.6,矢向,35.5389245,139.6804314
117,6.6,鹿島田,35.5512456,139.6751584
118,6.1,平間,35.5605559,139.6710844
119,6.4,向河原,35.5721934,139.6672787
120,6.3,武蔵小杉,35.5766335,139.659466
121,6.2,武蔵中原,35.5807143,139.642107
122,6.0,武蔵新城,35.58718,139.6298424
123,6.9,武蔵溝ノ口,35.5993971,139.6105195
124,6.5,津田山,35.6036047,139.6007276
125,5.5,久地,35.6106071,139.5925028
126,5.1,宿河原,35.6153801,139.5797295
127,5.5,登戸,35.6207662,139.5700976
128,4.6,中野島,35.6301215,139.5500898
129,4.9,稲田堤,35.6334204,139.5356629
130,4.0,矢野口,35.6417094,139.5204551
131,4.0,稲城長沼,35.644292,139.502568
132,4.2,南多摩,35.6492761,139.4899059
133,5.0,府中本町,35.6662815,139.4770873
134,4.6,分倍河原,35.6685677,139.46874
135,4.4,西府,35.6709726,139.4573727
136,4.7,谷保,35.68137,139.446738
137,5.0,矢川,35.685063,139.431572
138,4.9,西国立,35.693459,139.4242584
139,4.9,立川,35.6979144,139.4137408
140,4.8,大口,35.4921609,139.6461469
141,6.2,菊名,35.5099195,139.6313685
142,6.6,新横浜,35.5076585,139.6175553
143,6.7,小机,35.5085857,139.5998778
144,6.3,鴨居,35.5109924,139.5669896
145,5.4,中山,35.5148115,139.53935
146,4.9,十日市場,35.526222,139.516543
147,6.0,長津田,35.5319546,139.4943049
148,5.5,成瀬,35.5355157,139.4729137
149,4.7,町田,35.546656,139.4385568
150,4.2,古淵,35.555994,139.419189
151,3.5,淵野辺,35.5687398,139.3950611
152,3.3,矢部,35.5730965,139.3867762
153,3.3,相模原,35.5813315,139.3712564
154,3.9,橋本,35.5948639,139.3449224
155,4.1,相原,35.6069027,139.3316669
156,4.5,八王子みなみ野,35.631317,139.330972
157,3.8,片倉,35.6397424,139.3414569
158,3.7,八王子,35.6556157,139.3388529
159,7.8,西大井,35.60179189999999,139.7218021
160,6.6,新川崎,35.551696,139.671529
161,4.8,保土ケ谷,35.4467618,139.5996306
162,5.3,東戸塚,35.4305843,139.5567901
163,7.1,北鎌倉,35.3372266,139.5451937
164,7.2,鎌倉,35.3190647,139.5504119
165,6.9,逗子,35.2973885,139.5783805
166,3.4,東逗子,35.2986836,139.6010998
167,3.5,田浦,35.2928072,139.637459
168,4.5,横須賀,35.284198,139.654875
169,3.7,衣笠,35.2571472,139.6610915
170,4.4,久里浜,35.2331101,139.7013339
171,9.4,御茶ノ水,35.6997175,139.7644404
172,9.0,水道橋,35.7020484,139.7535016
173,9.5,飯田橋,35.7020837,139.7450232
174,9.8,市ケ谷,35.6910121,139.7355674
175,10.0,四ツ谷,35.6861525,139.7302183
176,8.8,信濃町,35.6800602,139.7203199
177,10.0,千駄ケ谷,35.6811956,139.7112808
178,7.4,大久保,0.0,0.0
179,7.0,東中野,35.7062478,139.6837613
180,7.0,中野,35.7054067,139.6658254
181,6.9,高円寺,35.7053457,139.6499291
182,6.8,阿佐ケ谷,35.7049247,139.6361231
183,6.7,荻窪,35.7045751,139.6200629
184,6.5,西荻窪,35.7036961,139.600182
185,6.3,吉祥寺,35.7031485,139.5798087
186,6.1,三鷹,35.7027156,139.5610291
187,6.0,武蔵境,35.7021388,139.5436578
188,5.8,東小金井,35.7015507,139.5239042
189,5.4,武蔵小金井,35.7011232,139.506912
190,5.1,国分寺,35.7002201,139.4802697
191,5.3,西国分寺,35.6998082,139.4657772
192,4.8,国立,35.69917300000001,139.446376
193,3.8,日野,35.6793641,139.3940577
194,3.7,豊田,35.6595199,139.3815002
195,3.4,西八王子,35.6565083,139.3124204
196,3.5,高尾,35.64222609999999,139.2818312
197,2.2,相模湖,35.6170681,139.1889685
198,4.4,藤野,35.616036,139.151349
199,4.7,西立川,35.7036031,139.3937133
200,5.1,東中神,35.7063467,139.3844948
201,5.0,中神,35.7090171,139.3758143
202,4.4,昭島,35.7135485,139.3609268
203,4.0,拝島,35.72113,139.3436514
204,3.4,牛浜,35.7346625,139.3335115
205,3.3,福生,35.7423642,139.3278649
206,3.5,羽村,35.7584547,139.3159445
207,3.6,小作,35.7763135,139.3019204
208,3.0,河辺,35.7844627,139.2847176
209,2.9,東青梅,35.7899423,139.2723871
210,2.5,青梅,35.7902971,139.2583877
211,2.7,宮ノ平,35.7873043,139.2368877
212,4.5,日向和田,35.788518,139.229557
213,3.8,石神前,35.796767,139.22528
214,4.0,二俣尾,35.803878,139.216197
215,3.2,軍畑,35.8075713,139.207614
216,3.2,沢井,35.8058773,139.1937693
217,3.2,御嶽,35.8013769,139.1827274
218,4.0,川井,35.813736,139.164256
219,4.0,古里,35.816291,139.151063
220,4.0,鳩ノ巣,35.8149406,139.128745
221,3.5,熊川,35.7284086,139.3354048
222,3.7,東秋留,35.7259108,139.3108079
223,3.9,秋川,35.728084,139.2866522
224,3.9,武蔵引田,35.72986119999999,139.2702242
225,3.0,武蔵増戸,35.7309423,139.2563073
226,2.8,武蔵五日市,35.732303,139.228337
227,5.0,北府中,35.6807728,139.4718419
228,4.7,新小平,35.7309094,139.4705899
229,4.0,新秋津,35.77811,139.493563
230,3.9,東所沢,35.794886,139.514477
231,4.3,新座,35.8036922,139.5564949
232,4.7,北朝霞,35.815469,139.58722
233,4.5,西浦和,35.8442783,139.6280249
234,4.8,武蔵浦和,35.84595729999999,139.6476293
235,5.2,南浦和,35.8473849,139.6695734
236,5.3,東浦和,35.8641332,139.7046531
237,5.7,東川口,35.8760773,139.7439577
238,4.8,南越谷,35.8760514,139.7911171
239,5.9,越谷レイクタウン,35.87621730000001,139.8221853
240,5.5,吉川,35.8765681,139.8435376
241,5.3,吉川美南,35.8680263,139.858445
242,5.2,新三郷,35.8586743,139.8693395
243,4.6,三郷,35.8448353,139.8868324
244,5.0,南流山,35.8382182,139.9037128
245,4.8,新八柱,35.7915688,139.937986
246,5.8,東松戸,35.769929,139.94297
247,4.7,市川大野,35.755403,139.951275
248,4.8,船橋法典,35.730267,139.96683
249,6.3,西船橋,35.7074443,139.9590775
250,3.5,北八王子,35.6693584,139.3633717
251,3.0,小宮,35.685518,139.3688694
252,3.5,東福生,35.7459195,139.3359822
253,3.2,箱根ケ崎,35.771662,139.346742
254,3.7,金子,35.810796,139.328604
255,3.7,東飯能,35.853014,139.32613
256,5.1,高麗川,35.8962482,139.3379637
257,3.7,毛呂,35.9407256,139.3093221
258,4.0,越生,35.9621646,139.2993754
259,4.0,明覚,36.0033412,139.2888535
260,4.4,小川町,36.0584173,139.2613431
261,4.0,竹沢,36.075486,139.2299346
262,4.0,折原,36.0962049,139.1952423
263,4.0,寄居,36.1178872,139.1945371
264,4.0,用土,36.1534903,139.2009318
265,3.4,松久,36.1729598,139.1821264
266,2.5,児玉,36.1925208,139.1359073
267,2.3,丹荘,36.2167652,139.1023958
268,3.5,群馬藤岡,36.2501593,139.0833239
269,3.3,北藤岡,36.2826529,139.0804668
270,4.2,倉賀野,36.3002847,139.0491638
271,3.9,高崎,36.3228267,139.0126623
272,4.0,羽沢横浜国大,35.48117,139.5860839
273,6.7,板橋,35.7454959,139.7197748
274,6.5,十条,35.760257,139.7222387
275,6.4,北赤羽,35.7866831,139.706194
276,5.8,浮間舟渡,35.7912024,139.6914026
277,5.0,戸田公園,35.8080807,139.6780402
278,5.3,戸田,35.8176661,139.6696195
279,5.1,北戸田,35.827581,139.660269
280,4.9,中浦和,35.8538,139.637353
281,5.0,南与野,35.8674942,139.6311953
282,5.3,与野本町,35.88088,139.62602
283,6.0,北与野,35.8907795,139.6286808
284,6.4,大宮,35.9064485,139.6238548
285,6.6,尾久,35.746768,139.7546
286,5.6,浦和,35.8587283,139.6573784
287,6.4,さいたま新都心,35.893795,139.633741
288,4.2,宮原,35.9402916,139.6095706
289,4.9,上尾,35.9735224,139.5888177
290,5.0,北上尾,35.985623,139.5771969
291,4.3,桶川,35.9987564,139.5640318
292,3.6,北本,36.0316056,139.5340041
293,3.8,鴻巣,36.0592413,139.5096429
294,3.5,北鴻巣,36.0854359,139.4770242
295,3.8,吹上,36.1032184,139.4531895
296,3.3,行田,36.11376490000001,139.432249
297,3.5,熊谷,36.1393899,139.3900334
298,3.7,籠原,36.1746675,139.330475
299,4.3,深谷,36.1914187,139.2813977
300,3.7,岡部,36.2057214,139.237512
301,3.2,本庄,36.2361639,139.1886112
302,3.2,神保原,36.2534636,139.1494065
303,3.3,新町,36.2731351,139.1055107
304,4.3,土呂,35.9318741,139.6321561
305,4.3,東大宮,35.9487549,139.6402863
306,4.8,蓮田,35.981286,139.653069
307,5.2,白岡,36.017588,139.667094
308,5.5,新白岡,36.0387413,139.6721114
309,3.8,久喜,36.0659584,139.6776327
310,3.5,東鷲宮,36.0894695,139.6791581
311,3.5,栗橋,36.1367718,139.6942492
312,3.3,古河,36.194597,139.709555
313,4.3,野木,36.2299543,139.7347184
314,2.9,間々田,36.2577575,139.7612428
315,3.2,小山,36.3131205,139.8063241
316,2.8,自治医大,36.3954111,139.8547291
317,3.1,石橋,36.4363234,139.8666152
318,3.9,雀宮,36.493823,139.8769105
319,4.3,宇都宮,36.5590234,139.8984511
320,4.5,岡本,34.7291136,135.2759736
321,4.1,宝積寺,36.6314759,139.9794978
322,4.0,氏家,36.6816315,139.9620967
323,4.0,蒲須坂,36.7207656,139.9504293
324,3.3,片岡,36.7545395,139.9455672
325,2.3,矢板,36.8066165,139.9329549
326,5.4,千葉,35.6129259,140.1134781
327,4.3,西千葉,35.622644,140.103295
328,4.9,稲毛,35.63717,140.09249
329,4.9,新検見川,35.651751,140.073325
330,6.2,幕張,35.6593754,140.0579636
331,4.5,幕張本郷,35.6727454,140.042304
332,5.0,津田沼,35.6912149,140.0204072
333,4.5,東船橋,35.6998137,140.0042979
334,6.2,船橋,35.7017357,139.9853815
335,5.3,下総中山,35.7143133,139.9430576
336,5.9,本八幡,35.7210914,139.9272341
337,6.0,市川,35.728821,139.908197
338,6.0,小岩,35.7333003,139.881958
339,6.0,新小岩,35.7174462,139.8586312
340,6.2,平井,35.7065625,139.8427227
341,7.5,亀戸,35.6973225,139.8265658
342,7.9,錦糸町,35.6967393,139.8144835
343,8.4,両国,35.6961328,139.7927196
344,8.8,浅草橋,35.6974952,139.7859834
345,9.2,新日本橋,35.6890164,139.774265
346,8.5,馬喰町,35.693752,139.7829511
347,9.8,八丁堀,35.6746248,139.7768846
348,9.2,越中島,35.6679621,139.7926487
349,7.8,潮見,35.6587316,139.8174046
350,9.1,新木場,35.6459065,139.8267917
351,5.5,葛西臨海公園,35.6444342,139.8615775
352,5.0,舞浜,35.6361543,139.8838749
353,5.2,新浦安,35.6495086,139.9125145
354,5.0,市川塩浜,35.6665779,139.9235242
355,4.5,二俣新町,35.6913568,139.959505
356,4.7,南船橋,35.6819092,139.9955789
357,6.2,新習志野,35.667386,140.012968
358,6.1,海浜幕張,35.6484764,140.0419868
359,5.3,検見川浜,35.637204,140.0592067
360,5.7,稲毛海岸,35.629503,140.073825
361,5.6,千葉みなと,35.606701,140.102768
362,5.3,蘇我,35.5814199,140.1311605
363,3.2,前橋,36.38332219999999,139.0731784
364,3.3,新前橋,36.3789167,139.0470967
365,3.2,井野,36.3572949,139.0229725
366,3.4,高崎問屋町,36.34606,139.0171158
367,2.9,本庄早稲田,36.2188017,139.1796831
368,4.0,上毛高原,36.6931867,138.9775421
369,3.4,安中榛名,36.3625265,138.8489835
370,3.6,那須塩原,36.931771,140.021192
371,12.1,表参道,35.6652511,139.7120921
372,11.0,外苑前,35.6706165,139.7180621
373,9.0,青山一丁目,35.6727759,139.7239663
374,13.2,赤坂見附,35.677067,139.7373586
375,12.9,溜池山王,35.6721312,139.7414004
376,11.2,虎ノ門,35.670129,139.7500733
377,10.9,銀座,35.67172790000001,139.7644425
378,9.6,京橋,34.6966897,135.5339121
379,9.0,日本橋,35.6821193,139.7747086
380,9.1,三越前,35.6871555,139.7735707
381,9.9,末広町,35.7028977,139.7716539
382,9.5,上野広小路,35.7078788,139.7729859
383,8.5,稲荷町,35.7113443,139.7826841
384,8.4,田原町,35.7098833,139.7907335
385,8.1,浅草,35.7107924,139.7977621
386,7.6,新大塚,35.7258009,139.7298975
387,7.9,茗荷谷,35.7173731,139.7367799
388,8.7,後楽園,35.7084859,139.7518216
389,8.5,本郷三丁目,35.70750659999999,139.760436
390,10.0,淡路町,35.69496,139.7674597
391,10.8,大手町,35.6853494,139.7632784
392,10.7,霞ケ関,35.6726028,139.7511763
393,10.9,国会議事堂前,35.67389590000001,139.7449634
394,9.2,四谷三丁目,35.6879318,139.7206307
395,9.6,新宿御苑前,35.6885809,139.7106837
396,8.9,新宿三丁目,35.6908823,139.7048821
397,7.5,西新宿,35.6943768,139.6928867
398,7.0,中野坂上,35.6970686,139.6821613
399,7.3,中野新橋,35.691958,139.673746
400,6.7,中野富士見町,35.6905196,139.6669336
401,6.6,方南町,35.6834707,139.6574453
402,7.0,新中野,35.6974924,139.6689374
403,6.8,東高円寺,35.698027,139.6579834
404,6.9,新高円寺,35.697845,139.64847
405,6.7,南阿佐ケ谷,35.699456,139.6355541
406,9.2,中目黒,35.6441631,139.6988444
407,11.2,広尾,35.6518505,139.722174
408,11.8,神谷町,35.6631176,139.7451826
409,11.6,虎ノ門ヒルズ,35.6677126,139.7479069
410,8.7,日比谷,35.6743573,139.7596196
411,10.5,東銀座,35.6697003,139.7671399
412,9.2,築地,35.6681139,139.7726249
413,9.2,茅場町,35.6799355,139.7801631
414,9.0,人形町,35.6863395,139.7823384
415,9.0,小伝馬町,35.6907124,139.7785074
416,9.8,仲御徒町,35.706635,139.7761787
417,7.5,入谷,35.7208778,139.7846947
418,7.5,三ノ輪,35.7296256,139.7913624
419,7.0,落合,35.7106227,139.6861327
420,7.5,早稲田,35.7058216,139.7212004
421,8.7,神楽坂,35.703869,139.7344316
422,10.0,九段下,35.6954816,139.7511544
423,10.5,竹橋,35.6902225,139.7582927
424,8.7,門前仲町,35.6720326,139.7956907
425,8.5,木場,35.6693678,139.8067878
426,8.0,東陽町,35.6696241,139.8177096
427,7.5,南砂町,35.6686978,139.8308161
428,5.7,西葛西,35.664577,139.8592032
429,5.7,葛西,35.6635395,139.8726529
430,5.3,浦安,35.6658833,139.8932558
431,5.3,南行徳,35.672716,139.902227
432,5.2,行徳,35.682604,139.914142
433,5.5,妙典,35.6914851,139.9248953
434,5.1,原木中山,35.7033579,139.9418925
435,8.4,代々木上原,35.6690026,139.6797332
436,9.9,代々木公園,35.6690987,139.6899634
437,12.5,明治神宮前,35.6690374,139.7042217
438,11.0,乃木坂,35.6668266,139.7264971
439,12.0,赤坂,35.6722117,139.73638
440,4.0,二重橋前,35.680665,139.7617446
441,9.0,新御茶ノ水,35.696932,139.7654321
442,9.1,湯島,35.7071802,139.7699414
443,7.4,根津,35.7173463,139.7657368
444,7.0,千駄木,35.725483,139.7632433
445,6.5,町屋,35.7427846,139.7809419
446,5.9,北綾瀬,35.7770135,139.8321012
447,9.0,辰巳,35.6457723,139.810347
448,10.0,豊洲,35.6537595,139.7954412
449,9.9,月島,35.663861,139.7840845
450,10.0,新富町,35.6705851,139.7735117
451,10.4,銀座一丁目,35.6743941,139.7669788
452,4.0,桜田門,35.6773322,139.7513691
453,12.3,永田町,35.6786011,139.7402861
454,11.5,麹町,35.6847194,139.7373252
455,8.2,江戸川橋,35.7097251,139.7329826
456,7.0,護国寺,35.7189737,139.7275081
457,7.2,東池袋,35.7260173,139.7189977
458,6.9,要町,35.733148,139.698492
459,6.2,千川,35.7382658,139.6893487
460,6.5,小竹向原,35.74334109999999,139.6795208
461,5.7,氷川台,35.7495622,139.6654662
462,7.0,平和台,35.7575611,139.6543279
463,6.9,地下鉄赤塚,35.769976,139.6440227
464,5.5,地下鉄成増,35.7766972,139.6311902
465,5.2,和光市,35.788363,139.6127811
466,11.0,半蔵門,35.6856667,139.7416475
467,9.8,神保町,35.6959319,139.7576272
468,9.3,水天宮前,35.68299,139.785153
469,8.4,清澄白河,35.6822525,139.7987778
470,8.0,住吉,35.6890128,139.8158219
471,7.7,押上,35.710332,139.8132971
472,11.2,白金台,35.63793450000001,139.7261466
473,10.5,白金高輪,35.6430963,139.7342256
474,11.6,麻布十番,35.6561336,139.7368813
475,12.6,六本木一丁目,35.6654626,139.7389911
476,7.5,東大前,35.71762349999999,139.7581202
477,7.8,本駒込,35.7246424,139.7537444
478,6.5,西ケ原,35.7459577,139.7422689
479,6.2,王子神谷,35.7654235,139.7356263
480,6.5,志茂,35.778324,139.7322949
481,6.6,赤羽岩淵,35.783504,139.721821
482,10.6,北参道,35.6783688,139.7055537
483,8.5,東新宿,35.6979303,139.7074092
484,7.4,西早稲田,35.7076468,139.7090048
485,7.3,雑司が谷,35.720199,139.7148445
486,6.5,新桜台,35.7412366,139.6688231
487,6.3,練馬,35.737841,139.653912
488,7.8,西武新宿,35.695363,139.7000521
489,7.1,下落合,35.71587410000001,139.6950191
490,6.9,中井,35.7150776,139.6871252
491,6.9,新井薬師前,35.71578950000001,139.6719543
492,6.5,沼袋,35.719315,139.6644193
493,6.4,野方,35.719738,139.6530016
494,6.2,都立家政,35.722366,139.644539
495,6.3,鷺ノ宮,35.7226237,139.638906
496,5.8,下井草,35.72387000000001,139.624693
497,6.2,井荻,35.724675,139.61561
498,5.6,上井草,35.725258,139.602945
499,5.7,上石神井,35.7262543,139.5921496
500,5.5,武蔵関,35.72761790000001,139.5763635
501,5.4,東伏見,35.7286904,139.5642362
502,5.3,西武柳沢,35.728637,139.5525518
503,5.2,田無,35.7273335,139.5394451
504,4.6,花小金井,35.726172,139.5132046
505,4.2,小平,35.7370711,139.4881602
506,3.8,久米川,35.7500258,139.472007
507,3.6,東村山,35.760471,139.46585
508,4.2,所沢,35.7866173,139.4732246
509,4.0,航空公園,35.798329,139.465592
510,3.6,新所沢,35.8068135,139.4560541
511,3.5,入曽,35.832435,139.427178
512,3.0,狭山市,35.8570712,139.4132333
513,2.8,新狭山,35.8739956,139.4334541
514,2.9,南大塚,35.8898055,139.4543388
515,4.9,本川越,35.915122,139.481892
516,6.8,椎名町,35.7264722,139.6949221
517,6.6,東長崎,35.7303273,139.6829125
518,6.5,江古田,35.737481,139.672744
519,6.5,桜台,35.738702,139.662384
520,6.0,中村橋,35.7367952,139.6376668
521,6.5,富士見台,35.7356895,139.629611
522,6.8,練馬高野台,35.7406329,139.6168772
523,6.3,石神井公園,35.7436447,139.6065548
524,6.0,大泉学園,35.7493601,139.5865462
525,5.3,保谷,35.7483557,139.5676
526,5.0,ひばりヶ丘,35.75142,139.545782
527,4.5,東久留米,35.76034509999999,139.5339486
528,4.4,清瀬,35.772096,139.5197762
529,4.2,秋津,35.7784973,139.4964877
530,4.0,西所沢,35.7892995,139.4560334
531,3.6,小手指,35.8005786,139.4380557
532,3.5,狭山ヶ丘,35.810382,139.417013
533,4.1,武蔵藤沢,35.820853,139.412763
534,3.1,稲荷山公園,35.844683,139.399402
535,3.0,入間市,35.8420017,139.3895814
536,2.8,仏子,35.837794,139.360155
537,3.3,元加治,35.84053919999999,139.3457582
538,3.7,飯能,35.851264,139.318769
539,3.0,高麗,35.88201,139.304408
540,4.0,武蔵横手,35.885141,139.2808447
541,4.0,東吾野,35.8921014,139.2606942
542,3.9,萩山,35.74048550000001,139.4774398
543,4.9,小川,35.7375059,139.4635625
544,4.4,東大和市,35.732891,139.434403
545,4.0,玉川上水,35.7318915,139.4183678
546,3.5,武蔵砂川,35.7289059,139.3922923
547,3.5,西武立川,35.7262968,139.3705432
548,2.4,西武球場前,35.7704984,139.4190427
549,2.7,西武園ゆうえんち,35.7690263,139.4401512
550,2.9,多摩湖,35.7661519,139.4426132
551,5.0,恋ヶ窪,35.711339,139.463902
552,3.7,鷹の台,35.7234,139.461022
553,5.5,新小金井,35.695926,139.526786
554,4.5,多磨,35.6766308,139.5170499
555,4.5,白糸台,35.6665179,139.5096129
556,5.1,競艇場前,35.6562249,139.4996999
557,4.5,是政,35.6563503,139.4888503
558,4.2,一橋学園,35.72206,139.480039
559,4.3,青梅街道,35.730976,139.476566
560,3.8,八坂,35.744863,139.467761
561,3.8,武蔵大和,35.756417,139.444263
562,3.7,西武園,35.767721,139.448901
563,6.3,豊島園,35.742056,139.64911
564,6.8,北池袋,35.7406552,139.7166436
565,7.0,下板橋,35.7457094,139.7148162
566,7.0,大山,35.7485637,139.7022837
567,6.7,中板橋,35.75560189999999,139.6954142
568,6.5,ときわ台,35.7587403,139.6895284
569,5.9,上板橋,35.7635268,139.6764216
570,6.1,東武練馬,35.7686261,139.6617156
571,7.0,下赤塚,35.770476,139.644884
572,5.6,成増,35.7775982,139.6329467
573,4.6,朝霞,35.7971136,139.6001932
574,4.6,朝霞台,35.814553,139.587081
575,4.9,志木,35.822163,139.575249
576,4.8,柳瀬川,35.830495,139.562555
577,3.9,みずほ台,35.8382458,139.5508554
578,4.4,鶴瀬,35.8458048,139.5395148
579,4.5,ふじみ野,35.8608216,139.5231273
580,4.0,上福岡,35.8738668,139.5117306
581,3.6,新河岸,35.8914814,139.4968579
582,4.7,川越,35.9071163,139.4824443
583,4.9,川越市,35.9141008,139.4771758
584,3.0,霞ヶ関,35.6726028,139.7511763
585,3.0,鶴ヶ島,35.9369399,139.423724
586,3.3,若葉,35.949105,139.40873
587,3.7,坂戸,35.95708,139.3939536
588,3.3,北坂戸,35.972198,139.3968355
589,3.9,高坂,36.0026601,139.3976086
590,4.1,東松山,36.0348165,139.4016153
591,4.3,森林公園,36.0452287,139.3749651
592,4.4,つきのわ,36.0434584,139.3453047
593,2.3,武蔵嵐山,36.0444052,139.3277256
594,3.9,東武竹沢,36.0753652,139.237683
595,4.0,みなみ寄居,36.0924565,139.2362667
596,4.0,男衾,36.1075258,139.2341561
597,3.6,鉢形,36.1138541,139.2092523
598,4.0,玉淀,36.1169805,139.2001577
599,8.0,とうきょうスカイツリー,35.7095445,139.8090493
600,7.4,曳舟,35.7183941,139.8167618
601,6.7,東向島,35.7245871,139.8192932
602,6.8,鐘ヶ淵,35.7334267,139.8200022
603,6.0,堀切,35.7429583,139.817731
604,7.4,牛田,35.744385,139.811289
605,6.5,小菅,35.7587165,139.8126622
606,6.2,五反野,35.7660319,139.8093604
607,6.0,梅島,35.7723647,139.7980149
608,6.1,西新井,35.777174,139.790427
609,5.9,竹ノ塚,35.7943929,139.7907537
610,5.0,谷塚,35.814215,139.801345
611,4.5,草加,35.8283858,139.8035406
612,4.1,獨協大学前,35.8432776,139.8006731
613,3.6,新田,35.8541228,139.7954309
614,4.5,蒲生,35.8670178,139.7916685
615,4.8,新越谷,35.8756114,139.789783
616,4.7,越谷,35.8881369,139.786019
617,4.1,北越谷,35.9018879,139.7799319
618,4.0,大袋,35.9241674,139.7779287
619,3.8,せんげん台,35.9357906,139.7745324
620,3.6,武里,35.949086,139.770572
621,3.6,一ノ割,35.9641641,139.7663049
622,4.8,春日部,35.979918,139.7526206
623,4.7,北春日部,35.9906501,139.7440323
624,3.4,姫宮,36.0041819,139.7388462
625,3.3,東武動物公園,36.02495,139.7267
626,4.8,和戸,36.040236,139.7006313
627,3.5,鷲宮,36.0964925,139.656809
628,3.4,花崎,36.1099253,139.6335233
629,3.8,加須,36.1229977,139.5956913
630,3.6,南羽生,36.1500028,139.5562135
631,4.0,川俣,36.2089233,139.5265149
632,1.2,茂林寺前,36.225585,139.5271503
633,3.4,館林,36.2459941,139.5282023
634,4.0,多々良,36.273402,139.5005477
635,2.2,県,36.2909128,139.471762
636,2.4,福居,36.305327,139.458404
637,3.5,東武和泉,36.3150871,139.455282
638,1.9,足利市,36.329463,139.448128
639,1.9,野州山辺,36.3263618,139.4320065
640,3.7,韮川,36.307907,139.401682
641,4.2,太田,36.2941368,139.3785178
642,2.9,細谷,36.2825228,139.3485118
643,2.9,木崎,36.2711387,139.3124919
644,2.9,世良田,36.2729799,139.2812257
645,2.9,境町,36.2770432,139.2565776
646,3.4,剛志,36.2955101,139.2241021
647,3.4,新伊勢崎,36.3180322,139.2017655
648,3.1,伊勢崎,36.3269062,139.1938954
649,7.0,小村井,35.7101364,139.8280191
650,6.6,東あずま,35.7070922,139.831884
651,7.0,亀戸水神,35.7002625,139.8336793
652,6.0,大師前,35.7788779,139.7816241
653,11.2,代官山,35.6480919,139.703148
654,8.4,祐天寺,35.6374425,139.6909485
655,8.3,学芸大学,35.6288624,139.6853301
656,8.7,都立大学,35.6177525,139.6763956
657,8.0,自由が丘,35.6072728,139.6686661
658,6.7,田園調布,35.5968481,139.6673415
659,6.3,多摩川,35.589497,139.6687779
660,6.2,新丸子,35.5805941,139.6619306
661,6.2,元住吉,35.5643213,139.6540395
662,6.1,日吉,35.553449,139.6470623
663,6.0,綱島,35.5367529,139.6348167
664,5.8,大倉山,35.5218361,139.6298577
665,5.6,妙蓮寺,35.4984086,139.6331408
666,5.0,白楽,35.4897067,139.6279197
667,5.5,東白楽,35.4832623,139.6294695
668,6.9,反町,35.4746702,139.6252473
669,8.7,池尻大橋,35.6506294,139.6845797
670,8.0,三軒茶屋,35.6436399,139.6713265
671,8.2,駒沢大学,35.6332937,139.6613891
672,7.8,桜新町,35.6318735,139.6450254
673,7.2,用賀,35.6263427,139.6338175
674,6.8,二子玉川,35.61157180000001,139.6265863
675,6.6,二子新地,35.60695750000001,139.6224949
676,7.0,高津,35.6032996,139.6172539
677,6.8,溝の口,35.5999649,139.6106234
678,6.5,梶が谷,35.5937453,139.6056828
679,6.3,宮崎台,35.5872174,139.5912012
680,5.7,宮前平,35.5849594,139.5820475
681,6.0,鷺沼,35.5797753,139.573327
682,6.3,たまプラーザ,35.5774058,139.5585278
683,6.0,あざみ野,35.5685796,139.5534552
684,5.4,江田,35.5586471,139.5515112
685,5.3,市が尾,35.5514428,139.5413635
686,5.6,藤が丘,35.5434959,139.5278557
687,5.2,青葉台,35.5432506,139.5172181
688,5.1,田奈,35.5358875,139.5045162
689,4.8,つくし野,35.5276343,139.4851046
690,4.5,すずかけ台,35.5169205,139.4814272
691,4.8,南町田グランベリーパーク,35.5114471,139.4706636
692,4.5,つきみ野,35.5103418,139.458048
693,3.8,中央林間,35.5080279,139.4441058
694,8.9,大崎広小路,35.6226336,139.7226662
695,7.9,戸越銀座,35.6159746,139.7150258
696,8.0,荏原中延,35.6099618,139.7119604
697,7.3,旗の台,35.6048821,139.7027206
698,7.1,長原,35.6022186,139.6979694
699,6.5,洗足池,35.5999476,139.6914069
700,6.9,石川台,35.5969326,139.6852664
701,6.5,雪が谷大塚,35.5919356,139.6810018
702,6.8,御嶽山,35.5852756,139.682388
703,6.8,久が原,35.5798491,139.685354
704,6.9,千鳥町,35.5729995,139.6914155
705,7.0,池上,35.5720944,139.7029729
706,7.0,蓮沼,35.5641984,139.7084797
707,8.5,不動前,35.6257683,139.713569
708,8.0,武蔵小山,35.6205185,139.7044048
709,7.9,西小山,35.6156922,139.6988653
710,7.5,洗足,35.6104126,139.6944011
711,7.8,大岡山,35.607486,139.685643
712,8.0,奥沢,35.6039879,139.6722637
713,6.6,沼部,35.58282630000001,139.6730957
714,6.9,鵜の木,35.5754987,139.6806138
715,6.5,下丸子,35.5712152,139.6858078
716,6.9,武蔵新田,35.5679766,139.6922031
717,6.9,矢口渡,35.5625586,139.7002623
718,7.8,下神明,35.6087973,139.7262243
719,8.0,戸越公園,35.6089128,139.718384
720,7.9,中延,35.6058183,139.7127554
721,7.7,荏原町,35.6038632,139.707503
722,7.5,北千束,35.6064301,139.6929472
723,8.0,緑が丘,0.0,0.0
724,7.3,九品仏,35.6053587,139.6614803
725,7.0,尾山台,35.6069669,139.6538896
726,6.8,等々力,35.6083487,139.648072
727,7.0,上野毛,35.6119618,139.6389246
728,8.0,西太子堂,35.6445185,139.6663315
729,7.5,若林,35.0266238,137.0968776
730,7.9,松陰神社前,35.6440032,139.655263
731,6.9,世田谷,35.6434634,139.6507137
732,6.9,上町,35.6433787,139.6467074
733,6.3,宮の坂,35.6478292,139.6449316
734,6.2,山下,35.6539428,139.6465895
735,6.5,松原,35.66011710000001,139.6419699
736,6.3,下高井戸,35.6661402,139.6414073
737,6.9,西馬込,35.5868252,139.7059056
738,7.4,馬込,35.5963863,139.7118295
739,8.1,戸越,35.6145248,139.7163324
740,9.9,高輪台,35.6318285,139.7305368
741,9.7,泉岳寺,35.6386442,139.7399771
742,10.1,三田,35.6476602,139.7486572
743,10.8,大門,35.6567191,139.7555724
744,9.9,宝町,35.6756198,139.7721084
745,8.5,東日本橋,35.69215519999999,139.7848473
746,8.9,蔵前,35.703782,139.791563
747,8.1,本所吾妻橋,35.7085984,139.8045672
748,10.4,芝公園,35.6539326,139.7498313
749,11.0,御成門,35.6605129,139.7512247
750,10.5,内幸町,35.6693954,139.7553294
751,8.5,春日,35.70988,139.7531448
752,8.0,白山,35.72123029999999,139.7521623
753,8.0,千石,35.7278755,139.7448665
754,6.9,西巣鴨,35.7436944,139.7285589
755,6.5,新板橋,35.7488113,139.7201652
756,6.8,板橋区役所前,35.7515914,139.7097176
757,6.4,板橋本町,35.7612601,139.7055333
758,6.2,本蓮沼,35.7685159,139.70247
759,6.2,志村坂上,35.7757692,139.6953874
760,6.3,志村三丁目,35.7774805,139.6858707
761,6.2,蓮根,35.7841976,139.6790192
762,5.5,西台,35.7870582,139.6727974
763,5.2,高島平,35.788919,139.661271
764,5.2,新高島平,35.7902275,139.6542777
765,4.8,西高島平,35.7918903,139.6458828
766,9.0,曙橋,35.6923758,139.7226303
767,9.8,小川町,36.0584173,139.2613431
768,9.7,岩本町,35.6955713,139.7751813
769,8.4,馬喰横山,35.691857,139.7831068
770,9.2,浜町,35.68840369999999,139.7877372
771,8.4,森下,35.6880172,139.7982074
772,8.2,菊川,35.6883785,139.8061234
773,7.6,西大島,35.689371,139.826351
774,7.0,大島,35.6897665,139.834755
775,6.3,東大島,35.689932,139.8475291
776,5.8,船堀,35.6838551,139.8641384
777,5.5,一之江,35.685936,139.882978
778,6.0,瑞江,35.69332,139.8977053
779,6.2,篠崎,35.7059504,139.9039271
780,8.0,新宿西口,35.6932917,139.6991323
781,8.0,若松河田,35.699236,139.7180749
782,8.4,牛込柳町,35.699462,139.7255394
783,8.8,牛込神楽坂,35.7008576,139.7358743
784,10.1,上野御徒町,35.7075185,139.7748564
785,8.6,新御徒町,35.7069936,139.7819408
786,8.3,両国,35.6961328,139.7927196
787,9.1,勝どき,35.6589787,139.7771494
788,8.1,築地市場,35.6648801,139.7668777
789,11.3,汐留,35.6628989,139.7599699
790,11.2,赤羽橋,35.6549848,139.7440021
791,9.4,国立競技場,35.6801659,139.7137789
792,7.8,都庁前,35.6905696,139.6926607
793,7.7,西新宿五丁目,35.689875,139.6845503
794,6.5,落合南長崎,35.7234039,139.6834785
795,6.4,新江古田,35.732592,139.670439
796,7.0,練馬春日町,35.7514626,139.6401514
797,7.0,光が丘,35.7585093,139.6289329
798,7.3,早稲田,35.7058216,139.7212004
799,7.5,面影橋,35.7130162,139.7142544
800,7.8,学習院下,35.716345,139.7125191
801,7.5,鬼子母神前,35.7200509,139.7146731
802,8.2,都電雑司ヶ谷,35.7241592,139.717881
803,7.3,東池袋四丁目,35.7252827,139.7201591
804,7.0,向原,34.615053,132.720031
805,8.4,大塚駅前,35.7317124,139.7285029
806,7.4,巣鴨新田,35.7355412,139.7277437
807,7.0,庚申塚,35.7396241,139.729754
808,6.7,新庚申塚,35.7415497,139.7306585
809,7.3,西ヶ原四丁目,35.7444259,139.732773
810,6.5,滝野川一丁目,35.7472737,139.7354215
811,6.7,飛鳥山,35.7501674,139.7373831
812,6.3,王子駅前,35.7528359,139.7381972
813,6.4,栄町,0.0,0.0
814,6.5,梶原,35.7510889,139.7478397
815,6.8,荒川車庫前,35.7508582,139.7527811
816,6.2,荒川遊園地前,35.7506878,139.7579215
817,6.0,小台,35.7505224,139.7615855
818,6.2,宮ノ前,35.7500408,139.7652709
819,6.2,熊野前,35.7485267,139.7698487
820,6.0,東尾久三丁目,35.7457854,139.7736639
821,6.6,町屋二丁目,35.7437753,139.7767778
822,6.5,町屋駅前,35.7427846,139.7809419
823,7.1,荒川七丁目,35.7419474,139.7841433
824,6.9,荒川二丁目,35.7387093,139.7846616
825,7.2,荒川区役所前,35.7349357,139.7864979
826,7.7,荒川一中前,35.7336766,139.7889264
827,7.7,三ノ輪橋,35.7321051,139.7916155
828,7.0,赤土小学校前,35.7428713,139.769041
829,6.2,足立小台,35.7546201,139.7704015
830,5.6,扇大橋,35.763891,139.7708649
831,5.8,高野,35.7684126,139.7707005
832,6.5,江北,33.2193926,130.160758
833,5.6,西新井大師西,35.781478,139.770095
834,5.0,谷在家,35.788783,139.770039
835,5.2,舎人公園,35.7963917,139.77023
836,6.3,舎人,35.8056258,139.77023
837,5.6,見沼代親水公園,35.814558,139.770732
838,10.2,神泉,35.6572704,139.6936227
839,8.6,駒場東大前,35.6586634,139.6844907
840,8.4,池ノ上,35.660462,139.6730494
841,8.0,下北沢,35.6615848,139.6668918
842,7.3,新代田,35.6625779,139.66052
843,7.0,東松原,35.662658,139.6555128
844,7.0,明大前,35.6684407,139.6504908
845,6.3,永福町,35.676272,139.6426236
846,6.2,西永福,35.6786872,139.6355635
847,5.9,浜田山,35.681636,139.6275022
848,6.0,高井戸,35.683263,139.615195
849,5.7,富士見ヶ丘,35.6847865,139.6072018
850,6.3,久我山,35.688151,139.599308
851,6.2,三鷹台,35.692235,139.58892
852,6.6,井の頭公園,35.6974902,139.5827401
853,4.7,東府中,35.6689181,139.4950907
854,4.7,府中競馬正門前,35.6681728,139.4846773
855,8.0,初台,35.6809863,139.6861815
856,7.8,幡ヶ谷,35.6770576,139.6761859
857,7.5,笹塚,35.673654,139.667136
858,7.2,代田橋,35.671071,139.659387
859,6.2,桜上水,35.6675857,139.6319134
860,6.3,上北沢,35.6688641,139.6233742
861,6.4,八幡山,35.6698304,139.6161352
862,6.2,芦花公園,35.670542,139.608224
863,6.0,千歳烏山,35.6682326,139.6011482
864,6.0,仙川,35.66230360000001,139.5849083
865,5.8,つつじヶ丘,35.6581118,139.5753087
866,5.7,柴崎,35.6541654,139.5667501
867,5.8,国領,35.6501355,139.5583464
868,5.9,布田,35.64984990000001,139.5518261
869,5.3,調布,35.651788,139.5447823
870,4.9,西調布,35.6570844,139.5300797
871,4.9,飛田給,35.6600815,139.5235242
872,4.8,武蔵野台,35.6641996,139.5110719
873,4.5,多磨霊園,35.6660926,139.5030064
874,4.9,府中,35.67243089999999,139.4801784
875,4.2,中河原,35.6596161,139.4578874
876,4.0,聖蹟桜ヶ丘,35.6508336,139.4472254
877,3.9,百草園,35.657372,139.431351
878,4.0,高幡不動,35.6621387,139.4132073
879,4.3,南平,35.65462,139.391944
880,3.7,平山城址公園,35.6473373,139.3799404
881,3.4,長沼,35.6428043,139.3660475
882,3.7,北野,35.6443991,139.3544968
883,3.8,京王八王子,35.6579325,139.3430318
884,2.9,多摩動物公園,35.6486261,139.4037523
885,5.0,京王多摩川,35.644376,139.536537
886,4.5,京王稲田堤,35.6337511,139.5312067
887,3.5,京王よみうりランド,35.633044,139.517761
888,4.2,稲城,35.6362285,139.5003665
889,4.0,京王永山,35.6302365,139.4482672
890,4.7,京王多摩センター,35.6252662,139.4244263
891,3.7,京王堀之内,35.62443,139.400299
892,3.9,南大沢,35.6141774,139.3800458
893,4.1,多摩境,35.601904,139.367303
894,3.9,京王片倉,35.6443985,139.3373021
895,3.3,山田,34.8044545,135.5156721
896,3.4,めじろ台,35.6434197,139.3077388
897,3.4,狭間,35.640565,139.293641
898,3.3,高尾山口,35.6324936,139.269922
899,5.4,青砥,35.7456437,139.8561328
900,5.8,京成立石,35.7382817,139.8486384
901,5.8,四ツ木,35.7318394,139.8349402
902,6.5,八広,35.7272484,139.8283594
903,6.9,京成曳舟,35.718101,139.8196323
904,5.0,京成高砂,35.7509628,139.8675536
905,4.9,柴又,35.75670780000001,139.875498
906,4.9,京成金町,35.7685695,139.8704944
907,7.7,京成上野,35.711208,139.773542
908,7.0,新三河島,35.7371879,139.7739183
909,7.3,千住大橋,35.742372,139.797261
910,7.4,京成関屋,35.7439417,139.8118024
911,5.3,堀切菖蒲園,35.747622,139.827536
912,5.5,お花茶屋,35.7475917,139.8401103
913,5.9,京成小岩,35.7420784,139.8839119
914,6.0,江戸川,35.7376627,139.8960845
915,6.4,国府台,35.7364267,139.9027779
916,6.3,市川真間,35.7314197,139.9115382
917,6.0,菅野,35.7282163,139.9195717
918,6.0,京成八幡,35.723822,139.928167
919,5.5,鬼越,35.72004039999999,139.9372273
920,5.5,京成中山,35.7167479,139.944867
921,5.4,東中山,35.71442589999999,139.9528869
922,6.6,京成西船,35.7115501,139.9589401
923,6.1,海神,35.7058516,139.9720732
924,6.0,京成船橋,35.7001512,139.9854356
925,5.4,大神宮下,35.69407,139.991392
926,5.2,船橋競馬場,35.6896128,139.9981661
927,5.3,谷津,35.68530880000001,140.0075816
928,6.0,京成津田沼,35.683195,140.0241953
929,4.1,京成大久保,35.6858988,140.0487691
930,4.2,実籾,35.686858,140.06824
931,3.1,八千代台,35.701385,140.090766
932,3.3,京成大和田,35.7122694,140.1086088
933,5.1,勝田台,35.7154771,140.1259566
934,3.0,志津,35.7174685,140.1450103
935,3.0,ユーカリが丘,35.7217699,140.1563228
936,3.3,京成臼井,35.7299197,140.1807494
937,4.9,京成佐倉,35.725188,140.22972
938,3.5,大佐倉,35.7301384,140.251069
939,3.3,京成酒々井,35.7367315,140.2700156
940,5.7,宗吾参道,35.7526148,140.2809955
941,5.5,公津の杜,35.7603501,140.2948618
942,5.5,京成成田,35.7767266,140.3156532
943,3.3,東成田,35.7700782,140.3871955
944,3.3,空港第２ビル,35.7731182,140.3871838
945,5.6,成田空港,35.7648331,140.3860192
946,8.2,北品川,35.622041,139.7392953
947,7.9,新馬場,35.616516,139.7414667
948,8.5,青物横丁,35.6092793,139.7429839
949,8.1,鮫洲,35.6050378,139.742288
950,7.5,立会川,35.59847,139.738938
951,7.4,大森海岸,35.58769960000001,139.7354656
952,7.0,平和島,35.5787778,139.7349051
953,6.8,大森町,35.5724704,139.7320923
954,6.9,梅屋敷,35.5668067,139.728246
955,7.4,京急蒲田,35.5613144,139.724151
956,6.6,雑色,35.5494967,139.714922
957,6.5,六郷土手,35.540531,139.707582
958,6.7,京急川崎,35.5329877,139.7008715
959,6.0,鶴見市場,35.517842,139.6866381
960,6.0,京急鶴見,35.5073064,139.6779355
961,5.3,花月総持寺,35.500456,139.6729925
962,4.9,生麦,35.4953221,139.6669431
963,4.5,京急新子安,35.487097,139.6554621
964,4.9,子安,35.4845915,139.6450063
965,5.3,神奈川新町,35.4808858,139.6396221
966,6.8,京急東神奈川,35.4772739,139.6343656
967,7.3,神奈川,35.4710145,139.6271196
968,6.2,戸部,35.4566877,139.6195624
969,6.2,日ノ出町,35.4455459,139.6267666
970,5.2,黄金町,35.43970700000001,139.62251
971,5.0,南太田,35.4370778,139.6141561
972,4.9,井土ヶ谷,35.433874,139.600512
973,5.2,弘明寺,35.4243856,139.5968031
974,5.0,上大岡,35.4091218,139.5966291
975,4.0,屏風浦,35.39412900000001,139.61043
976,4.4,杉田,35.3835612,139.615876
977,4.0,京急富岡,35.366688,139.629735
978,4.0,能見台,35.3608848,139.629443
979,5.4,金沢文庫,35.342926,139.6216477
980,5.0,金沢八景,35.3312442,139.6202471
981,4.9,追浜,35.315638,139.624904
982,2.9,京急田浦,35.300909,139.6255342
983,4.5,安針塚,35.2867587,139.6429974
984,4.0,逸見,35.2806888,139.65283
985,4.8,汐入,35.280282,139.662485
986,4.9,横須賀中央,35.278699,139.67004
987,4.8,県立大学,35.2702997,139.676624
988,4.3,堀ノ内,35.2635239,139.686708
989,5.5,京急大津,35.2607699,139.6962995
990,4.9,馬堀海岸,35.259535,139.708038
991,4.3,浦賀,35.251731,139.715176
992,7.3,糀谷,35.5547524,139.7294866
993,7.2,大鳥居,35.552281,139.740162
994,7.3,穴守稲荷,35.5504391,139.746748
995,7.2,天空橋,35.548032,139.754661
996,4.9,羽田空港第３ターミナル,35.5446472,139.7677877
997,4.2,羽田空港第１・第２ターミナル,35.5499709,139.786427
998,9.7,南新宿,35.6836894,139.6989165
999,9.0,参宮橋,35.6786577,139.6935182
1000,9.7,代々木八幡,35.6695502,139.6886476
1001,8.1,東北沢,35.6654689,139.673059
1002,7.5,世田谷代田,35.6582291,139.6613023
1003,6.3,梅ヶ丘,35.6559198,139.6535836
1004,6.3,豪徳寺,35.6536518,139.6474222
1005,6.4,経堂,35.651208,139.6368059
1006,6.1,千歳船橋,35.647502,139.6238843
1007,6.5,祖師ヶ谷大蔵,35.6433164,139.6095789
1008,6.1,成城学園前,35.640128,139.599087
1009,5.8,喜多見,35.636684,139.587422
1010,5.7,狛江,35.6323896,139.577638
1011,5.9,和泉多摩川,35.6272844,139.5737096
1012,5.0,向ヶ丘遊園,35.6171694,139.5645675
1013,4.5,生田,35.6150136,139.5422351
1014,4.3,読売ランド前,35.6147668,139.5279379
1015,4.6,百合ヶ丘,35.608963,139.515901
1016,4.7,新百合ヶ丘,35.60344,139.5077543
1017,4.8,柿生,35.5898073,139.4979307
1018,4.0,鶴川,35.5831257,139.4813915
1019,4.3,玉川学園前,35.563495,139.463408
1020,4.8,相模大野,35.5324566,139.4381701
1021,4.4,五月台,35.6001505,139.4936716
1022,3.8,栗平,35.6059323,139.4810111
1023,3.5,はるひ野,35.6188249,139.4646427
1024,4.2,小田急永山,35.629931,139.4480172
1025,4.9,小田急多摩センター,35.625066,139.4245312
1026,3.8,唐木田,35.616626,139.411771
1027,5.4,多摩センター,35.623931,139.422853
1028,3.7,松が谷,35.6318078,139.42213
1029,3.7,大塚・帝京大学,35.6368975,139.4165036
1030,3.6,中央大学・明星大学,35.6419553,139.4085967
1031,3.9,程久保,35.6552969,139.4108225
1032,5.7,万願寺,35.671203,139.420046
1033,4.2,甲州街道,35.6783134,139.4094353
1034,4.5,柴崎体育館,35.6897342,139.4093141
1035,5.3,立川南,35.69614180000001,139.4126105
1036,5.0,立川北,35.69950559999999,139.4124342
1037,4.6,高松,34.3508968,134.0467094
1038,4.0,立飛,35.7143864,139.4171489
1039,4.4,泉体育館,35.7188242,139.4195487
1040,4.4,砂川七番,35.723392,139.418127
1041,4.1,桜街道,35.738918,139.416682
1042,4.2,上北台,35.7459673,139.4158115
1043,9.5,東雲,35.6407226,139.8036715
1044,9.5,国際展示場,35.63451250000001,139.7916346
1045,11.9,東京テレポート,35.627235,139.7787204
1046,9.1,天王洲アイル,35.6204405,139.7508021
1047,8.7,品川シーサイド,35.609715,139.749688
1048,5.5,新柴又,35.75114689999999,139.8794192
1049,5.1,矢切,35.75729,139.899752
1050,5.1,北国分,35.762929,139.913889
1051,5.7,秋山,35.765484,139.93111
1052,5.4,松飛台,35.775317,139.957607
1053,4.8,大町,34.461454,132.470836
1054,5.9,新鎌ケ谷,35.7791005,140.0020847
1055,3.3,西白井,35.784402,140.031767
1056,4.5,白井,35.78470799999999,140.05421
1057,3.7,小室,35.787014,140.076013
1058,4.4,千葉ニュータウン中央,35.8001328,140.1162738
1059,3.2,印西牧の原,35.8036433,140.1669324
1060,4.0,印旛日本医大,35.787711,140.203364
1061,7.5,大井競馬場前,35.5956475,139.7469415
1062,6.5,流通センター,35.581445,139.74916
1063,6.5,昭和島,35.570682,139.7498986
1064,7.1,整備場,35.5551801,139.7534099
1065,4.0,羽田空港第３ターミナル,35.5446472,139.7677877
1066,4.2,新整備場,35.5428648,139.7872944
1067,4.0,羽田空港第１ターミナル,35.5491383,139.7847121
1068,4.0,羽田空港第２ターミナル,35.55070020000001,139.7879961
1069,10.7,竹芝,35.65396670000001,139.761914
1070,9.9,日の出,35.6491608,139.7590728
1071,9.7,芝浦ふ頭,35.6419362,139.7577675
1072,11.9,お台場海浜公園,35.6299085,139.7788077
1073,5.1,テレコムセンター,35.6175526,139.7794062
1074,5.7,青海,35.6246724,139.7811611
1075,4.2,東京ビッグサイト,35.630275,139.7914821
1076,8.8,有明,35.6345805,139.79329
1077,8.6,有明テニスの森,35.6400414,139.7888454
1078,11.8,新豊洲,35.6487318,139.7901697
1079,5.5,川口元郷,35.800392,139.730209
1080,5.5,南鳩ヶ谷,35.8162585,139.7361382
1081,5.5,鳩ヶ谷,35.8309104,139.7360684
1082,5.5,新井宿,35.842748,139.737956
1083,5.9,戸塚安行,35.8590492,139.7537087
1084,5.2,浦和美園,35.893687,139.727872
1085,7.5,浅草,35.7107924,139.7977621
1086,5.9,青井,35.772368,139.8203769
1087,5.5,六町,35.7848987,139.8216325
1088,5.8,八潮,35.8078355,139.8448262
1089,5.7,三郷中央,35.824115,139.878056
1090,5.6,流山セントラルパーク,35.8544168,139.9152127
1091,5.6,流山おおたかの森,35.8719046,139.9252409
1092,5.1,柏の葉キャンパス,35.893248,139.952603
1093,7.1,柏たなか,35.910947,139.957486
1094,5.3,守谷,35.9506698,139.9922675
1095,5.4,みらい平,35.9945054,140.0382828
1096,5.4,みどりの,36.0299062,140.0561934
1097,4.9,万博記念公園,0.0,0.0
1098,4.5,研究学園,36.082114,140.08237
1099,4.3,つくば,36.0821307,140.1114102
1100,3.4,成田湯川,35.7995708,140.2911972
1101,4.8,恩田,35.5456004,139.4921258
1102,3.8,こどもの国,0.0,0.0
1103,5.7,国道,35.5008127,139.6756975
1104,5.4,鶴見小野,35.497344,139.6809751
1105,5.5,弁天橋,35.4959232,139.6897811
1106,4.9,浅野,35.4975914,139.6956404
1107,4.0,新芝浦,35.4918977,139.7001403
1108,5.3,安善,35.4998135,139.7012787
1109,4.0,大川,35.4955801,139.7110847
1110,5.4,武蔵白石,35.5018412,139.7064449
1111,5.2,昭和,35.5065319,139.7240616
1112,4.2,扇町,34.7037154,135.5108915
1113,4.0,谷峨,35.3655541,139.0385285
1114,4.0,山北,35.3609955,139.0799411
1115,4.0,東山北,35.3572024,139.1081397
1116,3.0,松田,35.346822,139.1375478
1117,3.2,相模金子,35.3338672,139.1504616
1118,3.9,上大井,35.3223391,139.1632941
1119,4.7,下曽我,35.3038915,139.1833416
1120,5.9,北茅ケ崎,35.3390845,139.4076111
1121,5.4,香川,35.3564832,139.399819
1122,5.4,寒川,35.3676414,139.3874495
1123,5.3,宮山,35.3822738,139.3797415
1124,3.4,倉見,35.39495280000001,139.3785732
1125,3.6,門沢橋,35.4065625,139.3801704
1126,4.1,社家,35.4207597,139.3774321
1127,5.2,厚木,35.4433795,139.3784274
1128,5.4,海老名,35.4525691,139.3909752
1129,4.0,入谷,35.7208778,139.7846947
1130,3.8,相武台下,35.492778,139.386306
1131,3.0,下溝,35.5181537,139.3804993
1132,3.0,原当麻,35.5292125,139.3751572
1133,3.3,番田,35.5453633,139.362987
1134,3.3,上溝,35.5577463,139.3631973
1135,3.3,南橋本,35.5801949,139.352503
1136,6.6,港町,35.5349,139.712567
1137,6.3,鈴木町,35.5353076,139.7202714
1138,6.1,川崎大師,35.535681,139.7261452
1139,5.6,東門前,35.5367374,139.734725
1140,6.2,大師橋,35.5367,139.7408592
1141,5.7,小島新田,35.5348941,139.7475512
1142,4.7,六浦,35.322581,139.611259
1143,6.6,神武寺,35.306277,139.592879
1144,6.3,逗子・葉山,35.2959336,139.5811992
1145,5.2,新大津,35.2566243,139.689901
1146,3.7,北久里浜,35.249091,139.686346
1147,3.8,京急久里浜,35.2315701,139.7022359
1148,5.2,ＹＲＰ野比,35.212568,139.685264
1149,5.2,京急長沢,35.2055645,139.6741823
1150,4.8,津久井浜,35.1986888,139.6657369
1151,4.8,三浦海岸,35.1880928,139.6533044
1152,5.1,三崎口,35.178209,139.633353
1153,3.3,小田急相模原,35.5151912,139.4226534
1154,3.0,相武台前,35.4991495,139.4084055
1155,3.9,座間,35.480919,139.399888
1156,4.6,本厚木,35.4394083,139.3644221
1157,4.7,愛甲石田,35.417605,139.3439017
1158,4.3,伊勢原,35.3960371,139.3135935
1159,4.7,鶴巻温泉,35.3811517,139.2778559
1160,4.1,東海大学前,35.372872,139.270904
1161,3.0,秦野,35.3702076,139.2257829
1162,3.0,渋沢,35.3741686,139.1845616
1163,3.4,新松田,35.344594,139.139444
1164,3.6,開成,35.3263161,139.1358975
1165,2.8,栢山,35.310626,139.142584
1166,3.8,富水,35.2962144,139.1455158
1167,3.8,螢田,35.2850544,139.1519914
1168,3.8,足柄,35.2721651,139.1545376
1169,4.1,東林間,35.52051489999999,139.4389007
1170,3.7,南林間,35.4957294,139.447992
1171,3.5,鶴間,35.4902148,139.4508226
1172,3.9,大和,35.4698305,139.4614634
1173,3.5,桜ヶ丘,35.4505747,139.4657593
1174,3.2,高座渋谷,35.4321788,139.464706
1175,5.5,長後,35.4125215,139.4654723
1176,5.5,湘南台,35.3963123,139.4664926
1177,5.6,六会日大前,35.38350399999999,139.4708432
1178,4.4,善行,35.36224,139.473304
1179,5.0,藤沢本町,35.3479933,139.4762733
1180,6.2,本鵠沼,35.3307868,139.4748692
1181,6.0,鵠沼海岸,35.3207914,139.4710712
1182,6.6,片瀬江ノ島,35.3087721,139.4834867
1183,6.0,平沼橋,35.4595591,139.6162066
1184,6.0,西横浜,35.4534061,139.608495
1185,5.2,天王町,35.4539572,139.6028281
1186,4.4,星川,35.458881,139.5947656
1187,4.3,和田町,35.4635684,139.5868889
1188,4.2,上星川,35.467286,139.580429
1189,4.6,西谷,35.4780848,139.5656182
1190,4.7,鶴ケ峰,35.4749169,139.5492277
1191,4.7,二俣川,35.4635766,139.5323099
1192,3.9,希望ケ丘,35.4604235,139.5141563
1193,3.5,三ツ境,35.4677563,139.5027413
1194,3.8,瀬谷,35.47031390000001,139.4824961
1195,3.8,相模大塚,35.470563,139.4408415
1196,3.8,さがみ野,35.4715394,139.4285244
1197,3.7,かしわ台,35.4666958,139.4151649
1198,4.4,南万騎が原,35.45253599999999,139.526351
1199,5.2,緑園都市,35.4395193,139.5219504
1200,5.6,弥生台,35.4299397,139.5064623
1201,5.2,いずみ野,35.429455,139.494993
1202,6.2,いずみ中央,35.4152459,139.4872587
1203,5.5,ゆめが丘,35.4056754,139.4824202
1204,6.1,中川,35.5629773,139.5697136
1205,7.4,センター北,35.553138,139.578482
1206,7.3,センター南,35.5455828,139.5745099
1207,6.2,仲町台,35.5353086,139.5896081
1208,6.4,新羽,35.527475,139.612119
1209,7.3,北新横浜,35.519226,139.612813
1210,5.3,岸根公園,35.4965468,139.6171984
1211,4.5,片倉町,35.489951,139.6064261
1212,4.9,三ツ沢上町,35.4764874,139.6046976
1213,6.1,三ツ沢下町,35.4765007,139.6150268
1214,6.3,高島町,35.458788,139.623537
1215,5.6,伊勢佐木長者町,35.4411351,139.6329989
1216,5.2,阪東橋,35.437596,139.625177
1217,5.0,吉野町,35.4353957,139.6184715
1218,4.8,蒔田,35.429902,139.609956
1219,5.0,弘明寺,35.4243856,139.5968031
1220,5.2,港南中央,35.4010785,139.5908585
1221,4.6,上永谷,35.401349,139.572766
1222,5.1,下永谷,35.4026259,139.5591115
1223,5.0,舞岡,35.4025543,139.5512281
1224,5.5,踊場,35.4055836,139.5187107
1225,4.8,中田,35.4111582,139.511299
1226,5.2,立場,35.4144844,139.5009935
1227,5.2,下飯田,35.4034517,139.4831672
1228,5.9,川和町,35.5284388,139.5492424
1229,6.4,都筑ふれあいの丘,35.5365677,139.5613048
1230,7.4,北山田,35.560915,139.59273
1231,7.1,東山田,35.554194,139.60484
1232,6.4,高田,0.0,0.0
1233,6.0,日吉本町,35.550036,139.6336133
1234,7.8,新高島,35.462038,139.626731
1235,7.5,みなとみらい,35.4573889,139.6327216
1236,7.6,馬車道,35.4501774,139.636271
1237,6.9,日本大通り,35.4468153,139.6425887
1238,6.2,元町・中華街,35.4427858,139.6499956
1239,4.4,南部市場,35.380158,139.633206
1240,5.0,鳥浜,35.3771188,139.641745
1241,6.3,並木北,35.3719099,139.6426979
1242,6.2,並木中央,35.3654381,139.6429557
1243,4.0,幸浦,35.3584023,139.6437267
1244,2.9,産業振興センター,35.3534409,139.6463012
1245,4.2,福浦,35.349633,139.6485568
1246,4.0,市大医学部,35.3439584,139.6501483
1247,4.6,八景島,35.3408344,139.6408293
1248,5.0,海の公園柴口,35.3421219,139.6359027
1249,5.5,海の公園南口,35.3372071,139.632055
1250,4.7,野島公園,35.3305806,139.6315414
1251,6.0,石上,35.3324359,139.4856054
1252,6.4,柳小路,35.3274127,139.4851832
1253,5.9,鵠沼,35.3211987,139.482552
1254,6.7,湘南海岸公園,35.3150889,139.4834851
1255,6.5,江ノ島,35.3110477,139.4873844
1256,6.3,腰越,35.3084036,139.4931705
1257,6.4,鎌倉高校前,35.3067242,139.5005569
1258,7.0,稲村ヶ崎,35.3043597,139.5219085
1259,6.1,極楽寺,35.3094825,139.5290259
1260,7.7,長谷,35.3113157,139.5358751
1261,7.0,富士見町,35.4346656,133.3365881
1262,6.7,湘南町屋,35.3378269,139.5226892
1263,4.4,湘南深沢,35.3329662,139.5189119
1264,4.2,西鎌倉,35.3194118,139.5043303
1265,3.9,片瀬山,35.3172665,139.4960982
1266,5.5,目白山下,35.3140164,139.4914837
1267,6.6,湘南江の島,35.3117812,139.4877095
1268,5.5,箱根板橋,35.245435,139.144811
1269,3.3,風祭,35.246244,139.129198
1270,4.5,入生田,35.240772,139.12106
1271,4.8,箱根湯本,35.2333827,139.1039163
1272,4.0,塔ノ沢,35.234438,139.093952
1273,4.0,大平台,35.238576,139.07412
1274,4.2,宮ノ下,35.241992,139.06301
1275,4.2,小涌谷,35.240576,139.052483
1276,4.0,彫刻の森,35.2464498,139.0508339
1277,5.4,強羅,35.250852,139.048205
1278,5.4,公園下,35.2499831,139.0455868
1279,5.3,公園上,35.2490439,139.0432218
1280,3.8,中強羅,35.2481307,139.0406187
1281,3.8,上強羅,35.2472677,139.0381236
1282,3.8,早雲山,35.2466626,139.0355416
1283,4.4,緑町,35.2596085,139.1589848
1284,4.0,井細田,35.268908,139.157417
1285,4.0,五百羅漢,35.2752879,139.1557777
1286,3.7,穴部,35.2800612,139.1485361
1287,4.2,飯田岡,35.2881331,139.139059
1288,4.7,相模沼田,35.292106,139.1340156
1289,3.9,岩原,35.2990555,139.1285551
1290,2.8,塚原,35.30151499999999,139.126696
1291,2.9,和田河原,35.315902,139.118308
1292,3.4,富士フイルム前,35.3176549,139.108914
1293,3.4,大雄山,35.3191668,139.1031454
1294,5.5,与野,35.8843917,139.6390764
1295,5.4,北浦和,35.872187,139.645713
1296,5.0,蕨,35.8280777,139.6903234
1297,5.1,西川口,35.8155374,139.7043642
1298,5.3,川口,35.8018754,139.7177024
1299,4.2,日進,35.1184274,137.0487428
1300,5.4,西大宮,35.9223389,139.5798987
1301,5.0,指扇,35.91693,139.56494
1302,3.2,南古谷,35.90318,139.519139
1303,3.9,西川越,35.9190654,139.4599213
1304,2.8,的場,35.917645,139.4360663
1305,2.7,笠幡,35.9075733,139.4064771
1306,3.5,武蔵高萩,35.9016761,139.3710962
1307,2.9,下山口,35.7793925,139.4408485
1308,4.0,吾野,35.908503,139.226706
1309,4.0,西吾野,35.9263902,139.202231
1310,4.0,正丸,35.9383115,139.1820895
1311,4.0,芦ヶ久保,35.976328,139.136002
1312,4.2,横瀬,35.985485,139.0978626
1313,4.2,西武秩父,35.990047,139.083062
1314,3.2,一本松,35.9404455,139.3703434
1315,4.8,西大家,35.9317279,139.3564296
1316,3.8,川角,35.9375128,139.3468546
1317,3.9,武州長瀬,35.9419785,139.3257651
1318,3.6,東毛呂,35.9468636,139.3153813
1319,3.9,武州唐沢,35.9521965,139.3092384
1320,3.6,杉戸高野台,36.051502,139.714422
1321,3.5,幸手,36.074555,139.714949
1322,5.1,南栗橋,36.1132427,139.7128528
1323,3.5,新古河,36.1927057,139.6869256
1324,4.0,柳生,36.2065938,139.6598924
1325,3.7,板倉東洋大前,36.2220084,139.6485594
1326,3.9,藤岡,36.2556157,139.6455583
1327,3.9,静和,36.3170017,139.6851415
1328,2.4,新大平下,36.3390244,139.7016334
1329,2.8,栃木,36.3716588,139.7314296
1330,4.2,新栃木,36.389782,139.7422711
1331,4.4,合戦場,36.4077255,139.7410141
1332,4.0,家中,36.42942439999999,139.747356
1333,3.4,東武金崎,36.4662911,139.7495367
1334,4.0,楡木,36.5071118,139.7454803
1335,2.4,樅山,36.53315389999999,139.7418708
1336,3.6,新鹿沼,36.5572655,139.7449686
1337,2.9,北鹿沼,36.5813204,139.7373907
1338,4.0,板荷,36.61994200000001,139.707781
1339,4.0,下小代,36.6510557,139.7138005
1340,4.0,明神,36.6762786,139.7122017
1341,3.8,下今市,36.72550210000001,139.6923539
1342,3.9,上今市,36.72777960000001,139.6814671
1343,4.0,東武日光,36.748309,139.61954
1344,6.4,北大宮,35.9171964,139.6247293
1345,4.0,大宮公園,35.9234976,139.6321636
1346,4.4,大和田,35.9293778,139.6503575
1347,4.7,七里,35.9365546,139.6662907
1348,4.0,岩槻,35.950263,139.693122
1349,3.9,東岩槻,35.9633724,139.7122721
1350,4.8,八木崎,35.9783575,139.741815
1351,3.5,藤の牛島,35.9801407,139.7775825
1352,3.5,南桜井,35.9804354,139.8080072
1353,3.5,川間,35.97918,139.834609
1354,3.7,七光台,35.9706238,139.8529487
1355,2.9,清水公園,35.95884119999999,139.8602632
1356,2.9,愛宕,35.9505845,139.8644604
1357,2.9,野田市,35.9434408,139.8707283
1358,3.2,梅郷,35.9313797,139.891193
1359,3.8,運河,35.914125,139.906108
1360,4.3,江戸川台,35.897247,139.910495
1361,6.1,初石,35.8841011,139.9175805
1362,5.2,豊四季,35.866536,139.939532
1363,3.8,新柏,35.8387226,139.966663
1364,3.5,増尾,35.8295651,139.9767454
1365,3.8,逆井,35.8232231,139.983935
1366,4.9,高柳,35.8081914,139.9988642
1367,5.1,六実,35.793705,139.999353
1368,3.7,鎌ケ谷,35.7637249,139.9972711
1369,4.5,馬込沢,35.7416333,139.9923391
1370,6.0,塚田,35.7220485,139.9827873
1371,6.2,新船橋,35.711515,139.979873
1372,6.3,鉄道博物館,35.9204218,139.6177544
1373,4.2,加茂宮,35.9357127,139.6170337
1374,3.8,東宮原,35.9425794,139.6183602
1375,3.9,今羽,35.9499263,139.6193842
1376,3.9,吉野原,35.9570377,139.6208782
1377,3.6,原市,35.963898,139.6222945
1378,5.1,沼南,35.9710084,139.6235163
1379,5.4,丸山,35.9800228,139.6247744
1380,4.7,志久,35.9909662,139.6224401
1381,4.6,伊奈中央,35.9994217,139.6172102
1382,4.6,羽貫,36.0073326,139.6085757
1383,4.2,内宿,36.0142251,139.5998221
1384,3.9,西羽生,36.1764024,139.5239492
1385,3.6,新郷,35.0820682,133.367708
1386,4.1,武州荒木,36.1625386,139.48852
1387,3.2,東行田,36.1472565,139.4684744
1388,2.9,行田市,36.143484,139.45919
1389,3.0,持田,36.1376603,139.4421229
1390,2.9,ソシオ流通センター,36.1364918,139.4244408
1391,3.2,上熊谷,36.1426263,139.3813505
1392,3.0,石原,36.1475927,139.368892
1393,3.6,ひろせ野鳥の森,36.1461437,139.3515478
1394,3.5,大麻生,36.1447948,139.3323588
1395,3.3,明戸,36.1428414,139.3032867
1396,2.9,武川,36.14208,139.282666
1397,2.9,永田,35.5026351,140.3110883
1398,2.9,ふかや花園,36.1308037,139.2480939
1399,3.6,小前田,36.128937,139.2223727
1400,3.9,桜沢,36.1286738,139.207351
1401,4.0,波久礼,36.1268671,139.1580498
1402,4.0,樋口,36.1310879,139.1225249
1403,4.0,野上,36.1115898,139.1111933
1404,4.0,長瀞,36.0954806,139.1121661
1405,4.0,上長瀞,36.0861785,139.1134038
1406,4.0,親鼻,36.077566,139.106306
1407,4.0,皆野,36.0687185,139.0941116
1408,4.0,和銅黒谷,36.046736,139.101558
1409,4.0,大野原,36.0186555,139.0941707
1410,4.2,秩父,35.998824,139.086061
1411,4.2,御花畑,35.9924915,139.0836172
1412,4.0,影森,35.9719379,139.068286
1413,4.0,浦山口,35.963939,139.058037
1414,4.0,武州日野,35.9540642,139.0213573
1415,4.0,白久,35.9589096,138.9932374
1416,4.0,三峰口,35.960215,138.977683
1417,5.0,佐倉,35.7097115,140.2260837
1418,2.9,酒々井,35.7316641,140.2752487
1419,5.5,成田,35.777327,140.313605
1420,4.8,久住,35.8323451,140.3389085
1421,4.2,滑河,35.8775664,140.3482921
1422,3.4,下総神崎,35.8949368,140.4105304
1423,2.7,大戸,35.89023460000001,140.4583934
1424,3.0,佐原,35.89506799999999,140.493557
1425,4.1,香取,35.8979025,140.5323035
1426,4.7,水郷,35.8854883,140.5701619
1427,3.9,小見川,35.84996539999999,140.6045494
1428,4.6,笹川,35.8393847,140.6558233
1429,3.9,下総橘,35.8186688,140.7022965
1430,4.0,下総豊里,35.7931025,140.7207285
1431,4.0,椎柴,35.7652292,140.7589288
1432,4.0,松岸,35.739537,140.7952774
1433,3.7,銚子,35.7296659,140.8274186
1434,3.2,東我孫子,35.8688305,140.0465566
1435,2.8,湖北,35.867199,140.0778987
1436,3.6,新木,35.8623671,140.1070353
1437,3.1,布佐,35.84914699999999,140.1330614
1438,3.9,木下,35.8388708,140.1479772
1439,3.0,小林,31.9905936,130.9761492
1440,2.6,安食,35.8357071,140.2423583
1441,4.3,下総松崎,35.807645,140.2779382
1442,5.0,東千葉,35.6168558,140.1220896
1443,4.7,都賀,35.6360953,140.1492014
1444,4.7,四街道,35.6630053,140.1656201
1445,4.9,物井,35.6856462,140.2002758
1446,5.7,南酒々井,35.7043058,140.2678893
1447,3.5,榎戸,35.684142,140.2880273
1448,4.6,八街,35.6631451,140.3173313
1449,4.2,日向,35.6284003,140.36244
1450,2.4,成東,35.6083867,140.410859
1451,2.9,松尾,35.635977,140.4577093
1452,3.8,横芝,35.66176919999999,140.4912319
1453,3.3,飯倉,35.6856543,140.5224028
1454,2.0,八日市場,35.699286,140.552366
1455,4.8,干潟,35.718369,140.6032494
1456,4.7,旭,35.7220089,140.6549394
1457,2.7,飯岡,35.7295922,140.6834089
1458,4.0,倉橋,35.7380818,140.7144692
1459,4.0,猿田,35.747425,140.7373203
1460,3.9,十二橋,35.916984,140.5458293
1461,2.4,潮来,35.937343,140.5496059
1462,3.8,延方,35.9581195,140.5887962
1463,4.5,鹿島神宮,35.9706714,140.6259941
1464,5.8,本千葉,35.6018503,140.1207196
1465,4.3,鎌取,35.5626526,140.1787359
1466,3.5,誉田,35.54700589999999,140.2138166
1467,4.3,土気,35.530742,140.269841
1468,2.1,大網,35.522522,140.311032
1469,3.9,永田,35.5026351,140.3110883
1470,2.7,本納,35.482054,140.307534
1471,2.7,新茂原,35.4494741,140.2996748
1472,3.4,茂原,35.4268738,140.3040484
1473,3.4,八積,35.4040082,140.3453672
1474,3.3,上総一ノ宮,35.3736839,140.3650207
1475,6.8,東浪見,35.34714170000001,140.376705
1476,6.3,太東,35.3201019,140.3812565
1477,4.0,長者町,35.2962435,140.3849794
1478,4.0,三門,35.2823784,140.3915894
1479,4.0,大原,35.2508913,140.3908475
1480,4.0,浪花,35.2228904,140.3792606
1481,4.8,御宿,35.18756,140.351431
1482,3.3,勝浦,35.152563,140.311936
1483,4.0,鵜原,35.1411746,140.2789111
1484,4.0,上総興津,35.1372305,140.2509416
1485,4.0,安房小湊,35.128618,140.1897802
1486,4.0,安房天津,35.12575630000001,140.1546999
1487,4.2,安房鴨川,35.1075625,140.1035382
1488,2.7,福俵,35.5462144,140.3418617
1489,2.7,東金,35.560158,140.363609
1490,2.6,求名,35.5800177,140.3964113
1491,3.8,浜野,35.5520062,140.1320503
1492,4.6,八幡宿,35.5363502,140.1200926
1493,5.2,五井,35.5133059,140.0896418
1494,5.2,姉ケ崎,35.4785957,140.042129
1495,5.2,長浦,35.4504102,139.9954503
1496,5.2,袖ケ浦,35.4321885,139.9578287
1497,4.5,木更津,35.3815785,139.926229
1498,3.9,君津,35.3336671,139.8950422
1499,4.9,青堀,35.3305311,139.8589388
1500,4.2,大貫,35.2917576,139.8556351
1501,4.0,佐貫町,35.2606378,139.8760935
1502,4.0,上総湊,35.2222772,139.8712827
1503,4.0,竹岡,35.1975452,139.8300299
1504,4.0,浜金谷,35.1681316,139.8222539
1505,4.0,保田,35.1410571,139.8383573
1506,4.0,安房勝山,35.1140268,139.833394
1507,4.0,岩井,35.0932796,139.8498934
1508,4.0,富浦,35.0460623,139.837813
1509,5.6,那古船形,35.02900899999999,139.8513958
1510,5.8,館山,34.9959574,139.8618962
1511,4.2,九重,34.997678,139.9111008
1512,4.2,千倉,34.9767087,139.9547124
1513,4.0,江見,35.0625108,140.0611269
1514,4.0,太海,35.0814819,140.096151
1515,4.5,祇園,33.5940958,130.4145184
1516,4.6,上総清川,35.3909554,139.9655329
1517,4.0,東清川,35.39002809999999,139.9858005
1518,4.0,横田,35.3861959,140.0201175
1519,4.0,東横田,35.3862769,140.0364353
1520,4.0,馬来田,35.3667824,140.0585317
1521,4.0,下郡,35.3552795,140.0554536
1522,4.0,小櫃,35.3280923,140.0598387
1523,4.0,俵田,35.31454000000001,140.0613769
1524,4.0,平山,35.2742929,140.0645627
1525,4.0,上総松丘,35.2577822,140.0640014
1526,4.5,京成幕張本郷,35.6727454,140.042304
1527,5.1,京成幕張,35.66044400000001,140.056076
1528,5.0,検見川,35.652617,140.066279
1529,5.5,京成稲毛,35.6377689,140.085488
1530,4.5,みどり台,35.6248001,140.0977112
1531,4.0,西登戸,35.6177251,140.1026967
1532,4.5,新千葉,35.6124184,140.1083463
1533,5.5,京成千葉,35.6116356,140.1142016
1534,6.3,千葉中央,35.607479,140.117739
1535,5.1,千葉寺,35.590287,140.132322
1536,5.0,大森台,35.584011,140.149543
1537,4.3,学園前,0.0,0.0
1538,4.5,おゆみ野,35.550265,140.166099
1539,4.9,上本郷,35.7897487,139.9163439
1540,5.7,松戸新田,35.7906492,139.9229877
1541,5.3,みのり台,35.7893535,139.9294876
1542,5.0,八柱,35.7915688,139.937986
1543,3.8,常盤平,35.8033894,139.9501102
1544,3.7,五香,35.797259,139.9658
1545,4.1,元山,35.790203,139.9758509
1546,4.8,くぬぎ山,35.7822395,139.9758314
1547,4.8,北初富,35.7772434,139.991909
1548,4.0,初富,35.7721123,140.000902
1549,3.7,鎌ヶ谷大仏,35.757849,140.013909
1550,4.0,二和向台,35.753877,140.023741
1551,3.9,三咲,35.749155,140.028547
1552,4.0,滝不動,35.7376899,140.0259442
1553,3.5,高根公団,35.730408,140.029408
1554,3.5,高根木戸,35.726797,140.034991
1555,3.5,北習志野,35.7213256,140.0421854
1556,3.5,習志野,35.7150279,140.042843
1557,3.6,薬園台,35.7101927,140.037685
1558,4.7,前原,35.7011242,140.0279198
1559,5.5,新津田沼,35.690134,140.023716
1560,5.5,市役所前,0.0,0.0
1561,5.6,栄町,0.0,0.0
1562,6.6,葭川公園,35.6088834,140.1201432
1563,5.3,県庁前,0.0,0.0
1564,4.3,千葉公園,35.6197639,140.1178633
1565,3.7,作草部,35.625449,140.115461
1566,3.6,天台,35.6314223,140.1128004
1567,4.4,穴川,35.639476,140.11185
1568,3.9,スポーツセンター,35.643336,140.11621
1569,3.6,動物公園,35.6425843,140.1255516
1570,4.2,みつわ台,35.638726,140.134903
1571,4.4,桜木,35.6312583,140.1610186
1572,4.1,小倉台,35.6277226,140.1717741
1573,4.1,千城台北,35.627562,140.181983
1574,3.5,千城台,35.622368,140.188538
1575,4.2,幸谷,35.826334,139.9198036
1576,4.7,小金城趾,35.8357412,139.9173453
1577,5.2,鰭ヶ崎,35.8410268,139.9108631
1578,4.5,平和台,35.7575611,139.6543279
1579,5.8,流山,35.856529,139.901914
1580,6.3,東海神,35.7062911,139.981519
1581,3.6,飯山満,35.7140502,140.0222372
1582,3.5,船橋日大前,35.7268934,140.0588412
1583,3.2,八千代緑が丘,35.72902,140.073294
1584,4.9,八千代中央,35.7279252,140.1033855
1585,5.3,村上,38.2203182,139.4635738
1586,4.9,東葉勝田台,35.7154771,140.1259566
1587,3.0,地区センター,35.7258559,140.1552868
1588,4.9,公園,35.7307164,140.1537312
1589,3.3,女子大,35.73866570000001,140.1547219
1590,4.0,中学校,35.7402623,140.1482611
1591,4.1,井野,36.3572949,139.0229725
1592,4.4,上総村上,35.496239,140.1002702
1593,2.5,海士有木,35.4817158,140.1242993
1594,4.0,上総三又,35.4660306,140.1267618
1595,4.0,上総山田,35.4541937,140.126185
1596,3.1,光風台,35.439581,140.114191
1597,3.1,馬立,35.4237498,140.1147191
1598,1.8,上総牛久,35.400098,140.1422447
1599,4.0,上総川間,35.3881142,140.1510995
1600,2.1,上総鶴舞,35.3813745,140.1651738
1601,2.1,上総久保,35.3674896,140.154585
1602,2.1,高滝,35.353092,140.1502745
1603,3.9,仲ノ町,35.7288793,140.8335364
1604,4.2,観音,35.7290055,140.8401505
1605,3.5,本銚子,35.731035,140.8478484
1606,4.0,笠上黒生,35.7284302,140.8570796
1607,4.0,西海鹿島,35.7250698,140.8602276
1608,4.0,海鹿島,35.722098,140.8630886
1609,4.0,君ヶ浜,35.7135969,140.8605197
1610,4.0,外川,35.6992785,140.8570694
1611,3.1,芝山千代田,35.754098,140.399565
1612,4.0,偕楽園,36.3731868,140.4563477
1613,11.6,六本木,35.6632707,139.7320854
