,line,price,from,to,trans,min,lat,lng
0,ＪＲ山手線,19.6,池袋,渋谷,0,11,35.7295028,139.7109001
1,ＪＲ山手線,19.5,巣鴨,渋谷,0,21,35.7334192,139.7392848
2,ＪＲ山手線,18.0,駒込,渋谷,0,23,35.7365665,139.7470098
3,ＪＲ山手線,15.2,田端,渋谷,0,25,35.7381581,139.7608154
4,ＪＲ山手線,17.2,西日暮里,渋谷,0,27,35.7324125,139.7677967
5,ＪＲ山手線,17.9,日暮里,渋谷,0,28,35.7281578,139.7706414
6,ＪＲ山手線,17.4,鶯谷,渋谷,0,30,35.7214573,139.7780133
7,ＪＲ山手線,19.8,上野,渋谷,0,28,35.7141672,139.7774091
8,ＪＲ京浜東北線,16.0,赤羽,渋谷,0,21,35.7776951,139.7205691
9,ＪＲ京浜東北線,15.5,東十条,渋谷,1,25,35.763949,139.7268722
10,ＪＲ京浜東北線,14.5,王子,渋谷,1,31,35.7529945,139.7378714
11,ＪＲ京浜東北線,14.4,上中里,渋谷,1,29,35.7465785,139.7469573
12,ＪＲ京浜東北線,15.2,田端,渋谷,0,25,35.7381581,139.7608154
13,ＪＲ京浜東北線,17.2,西日暮里,渋谷,0,27,35.7324125,139.7677967
14,ＪＲ京浜東北線,17.9,日暮里,渋谷,0,28,35.7281578,139.7706414
15,ＪＲ京浜東北線,17.4,鶯谷,渋谷,0,30,35.7214573,139.7780133
16,ＪＲ京浜東北線,19.8,上野,渋谷,0,28,35.7141672,139.7774091
17,ＪＲ京浜東北線,18.9,大井町,渋谷,0,11,35.6076153,139.7346592
18,ＪＲ京浜東北線,15.0,大森,渋谷,1,20,35.5884467,139.7278683
19,ＪＲ京浜東北線,14.7,蒲田,渋谷,1,24,35.5624794,139.7160731
20,ＪＲ京浜東北線,12.1,川崎,渋谷,1,29,35.5313654,139.696889
21,ＪＲ京浜東北線,11.4,鶴見,渋谷,1,32,35.5080356,139.6762625
22,ＪＲ京浜東北線,13.2,新子安,渋谷,1,36,35.4870546,139.6548105
23,ＪＲ京浜東北線,14.0,東神奈川,渋谷,1,35,35.4779292,139.6333614
24,ＪＲ京浜東北線,15.8,横浜,渋谷,0,28,35.46598110000001,139.622062
25,ＪＲ京浜東北線,18.7,桜木町,渋谷,1,40,35.4509136,139.6310595
26,ＪＲ京浜東北線,17.4,関内,渋谷,1,42,35.4439663,139.6354978
27,ＪＲ京浜東北線,15.6,石川町,渋谷,1,44,35.4387746,139.6430494
28,ＪＲ京浜東北線,12.0,山手,渋谷,1,46,35.42686,139.6463741
29,ＪＲ京浜東北線,11.7,根岸,渋谷,1,49,35.415819,139.6350457
30,ＪＲ京浜東北線,11.3,磯子,渋谷,1,52,35.3998639,139.6179011
31,ＪＲ京浜東北線,9.8,新杉田,渋谷,1,54,35.3867269,139.619549
32,ＪＲ京浜東北線,8.5,洋光台,渋谷,1,58,35.378769,139.597042
33,ＪＲ京浜東北線,9.2,大船,渋谷,0,46,35.3540475,139.5312989
34,ＪＲ東海道本線,12.1,川崎,渋谷,1,29,35.5313654,139.696889
35,ＪＲ東海道本線,15.8,横浜,渋谷,0,28,35.46598110000001,139.622062
36,ＪＲ東海道本線,9.0,戸塚,渋谷,0,41,35.4006131,139.5342406
37,ＪＲ東海道本線,9.2,大船,渋谷,0,46,35.3540475,139.5312989
38,ＪＲ東海道本線,9.9,藤沢,渋谷,0,52,35.3388984,139.4874695
39,ＪＲ東海道本線,8.3,辻堂,渋谷,0,56,35.3368951,139.4470874
40,ＪＲ常磐線,19.8,上野,渋谷,0,28,35.7141672,139.7774091
41,ＪＲ常磐線,17.9,日暮里,渋谷,0,28,35.7281578,139.7706414
42,ＪＲ常磐線,16.0,三河島,渋谷,1,35,35.7331755,139.7784846
43,ＪＲ常磐線,16.7,南千住,渋谷,1,38,35.7331617,139.7989223
44,ＪＲ常磐線,14.3,北千住,渋谷,0,42,35.7496762,139.8053433
45,ＪＲ常磐線,10.4,綾瀬,渋谷,1,39,35.762315,139.824924
46,ＪＲ常磐線,10.4,亀有,渋谷,1,44,35.7665375,139.8475334
47,ＪＲ常磐線,9.2,金町,渋谷,1,47,35.769538,139.870476
48,ＪＲ常磐線,8.4,松戸,渋谷,1,49,35.7843004,139.9006607
49,ＪＲ常磐線,8.0,北松戸,渋谷,1,54,35.8005413,139.9117619
50,ＪＲ常磐線,7.8,馬橋,渋谷,1,56,35.81134000000001,139.917276
51,ＪＲ常磐線,7.6,新松戸,渋谷,1,58,35.8254725,139.920711
52,ＪＲ常磐線,8.5,柏,渋谷,1,58,35.8621498,139.9709172
53,ＪＲ南武線,12.1,川崎,渋谷,1,29,35.5313654,139.696889
54,ＪＲ南武線,12.5,尻手,渋谷,1,33,35.5311934,139.6844966
55,ＪＲ南武線,12.9,八丁畷,渋谷,1,48,35.523005,139.691445
56,ＪＲ南武線,11.5,川崎新町,渋谷,2,40,35.5182669,139.699176
57,ＪＲ南武線,11.0,小田栄,渋谷,2,42,35.5147242,139.7047391
58,ＪＲ南武線,10.5,浜川崎,渋谷,2,44,35.5102284,139.7138465
59,ＪＲ南武線,11.5,矢向,渋谷,1,31,35.5389245,139.6804314
60,ＪＲ南武線,11.8,鹿島田,渋谷,0,27,35.5512456,139.6751584
61,ＪＲ南武線,12.3,平間,渋谷,1,27,35.5605559,139.6710844
62,ＪＲ南武線,15.1,向河原,渋谷,1,25,35.5721934,139.6672787
63,ＪＲ南武線,14.0,武蔵小杉,渋谷,0,14,35.5766335,139.659466
64,ＪＲ南武線,11.7,武蔵中原,渋谷,1,21,35.5807143,139.642107
65,ＪＲ南武線,11.4,武蔵新城,渋谷,1,24,35.58718,139.6298424
66,ＪＲ南武線,12.0,武蔵溝ノ口,渋谷,0,18,35.5993971,139.6105195
67,ＪＲ南武線,10.7,津田山,渋谷,1,26,35.6036047,139.6007276
68,ＪＲ南武線,10.2,久地,渋谷,1,28,35.6106071,139.5925028
69,ＪＲ南武線,10.8,宿河原,渋谷,1,30,35.6153801,139.5797295
70,ＪＲ南武線,11.1,登戸,渋谷,1,23,35.6207662,139.5700976
71,ＪＲ南武線,10.0,中野島,渋谷,1,35,35.6301215,139.5500898
72,ＪＲ南武線,10.0,稲田堤,渋谷,1,37,35.6334204,139.5356629
73,ＪＲ南武線,9.5,矢野口,渋谷,1,39,35.6417094,139.5204551
74,ＪＲ南武線,9.2,稲城長沼,渋谷,1,41,35.644292,139.502568
75,ＪＲ南武線,9.2,南多摩,渋谷,1,44,35.6492761,139.4899059
76,ＪＲ南武線,11.9,府中本町,渋谷,1,46,35.6662815,139.4770873
77,ＪＲ南武線,10.6,分倍河原,渋谷,1,33,35.6685677,139.46874
78,ＪＲ南武線,10.1,西府,渋谷,1,50,35.6709726,139.4573727
79,ＪＲ南武線,10.4,谷保,渋谷,1,53,35.68137,139.446738
80,ＪＲ南武線,10.3,矢川,渋谷,1,55,35.685063,139.431572
81,ＪＲ南武線,11.0,西国立,渋谷,1,57,35.693459,139.4242584
82,ＪＲ南武線,10.0,立川,渋谷,1,36,35.6979144,139.4137408
83,ＪＲ横浜線,14.0,東神奈川,渋谷,1,35,35.4779292,139.6333614
84,ＪＲ横浜線,12.4,大口,渋谷,1,32,35.4921609,139.6461469
85,ＪＲ横浜線,12.1,菊名,渋谷,0,22,35.5099195,139.6313685
86,ＪＲ横浜線,12.3,新横浜,渋谷,0,27,35.5076585,139.6175553
87,ＪＲ横浜線,10.1,小机,渋谷,1,32,35.5085857,139.5998778
88,ＪＲ横浜線,8.7,鴨居,渋谷,1,35,35.5109924,139.5669896
89,ＪＲ横浜線,9.2,中山,渋谷,1,38,35.5148115,139.53935
90,ＪＲ横浜線,8.6,十日市場,渋谷,1,39,35.526222,139.516543
91,ＪＲ横浜線,9.0,長津田,渋谷,0,31,35.5319546,139.4943049
92,ＪＲ横浜線,8.2,成瀬,渋谷,1,43,35.5355157,139.4729137
93,ＪＲ横浜線,9.0,町田,渋谷,1,37,0.0,0.0
94,ＪＲ横浜線,7.3,古淵,渋谷,1,49,35.555994,139.419189
95,ＪＲ横浜線,7.5,淵野辺,渋谷,1,52,35.5687398,139.3950611
96,ＪＲ横浜線,7.6,矢部,渋谷,1,54,35.5730965,139.3867762
97,ＪＲ横浜線,7.5,相模原,渋谷,1,57,35.5813315,139.3712564
98,ＪＲ横浜線,8.0,橋本,渋谷,1,43,35.5948639,139.3449224
99,ＪＲ横浜線,8.5,八王子,渋谷,1,46,35.6556157,139.3388529
100,ＪＲ横須賀線,17.3,西大井,渋谷,0,10,35.60179189999999,139.7218021
101,ＪＲ横須賀線,14.0,武蔵小杉,渋谷,0,14,35.5766335,139.659466
102,ＪＲ横須賀線,11.8,新川崎,渋谷,0,19,35.551696,139.671529
103,ＪＲ横須賀線,15.8,横浜,渋谷,0,28,35.46598110000001,139.622062
104,ＪＲ横須賀線,11.0,保土ケ谷,渋谷,0,32,35.4467618,139.5996306
105,ＪＲ横須賀線,9.5,東戸塚,渋谷,0,37,35.4305843,139.5567901
106,ＪＲ横須賀線,9.0,戸塚,渋谷,0,41,35.4006131,139.5342406
107,ＪＲ横須賀線,9.2,大船,渋谷,0,46,35.3540475,139.5312989
108,ＪＲ横須賀線,11.6,北鎌倉,渋谷,0,51,35.3372266,139.5451937
109,ＪＲ横須賀線,15.8,鎌倉,渋谷,0,55,35.3190156,139.5504157
110,ＪＲ中央線,17.4,東中野,渋谷,1,12,35.7062478,139.6837613
111,ＪＲ中央線,17.2,中野,渋谷,0,45,35.7057972,139.6657777
112,ＪＲ中央線,16.9,高円寺,渋谷,1,18,35.7053457,139.6499291
113,ＪＲ中央線,16.5,阿佐ケ谷,渋谷,0,54,35.7049247,139.6361231
114,ＪＲ中央線,15.5,荻窪,渋谷,1,20,35.7044977,139.6190582
115,ＪＲ中央線,15.1,西荻窪,渋谷,1,25,35.7036961,139.600182
116,ＪＲ中央線,14.0,吉祥寺,渋谷,0,19,35.7031485,139.5798087
117,ＪＲ中央線,14.2,三鷹,渋谷,1,25,35.7027156,139.5610291
118,ＪＲ中央線,13.5,武蔵境,渋谷,1,32,35.7021388,139.5436578
119,ＪＲ中央線,12.8,東小金井,渋谷,1,34,35.7015507,139.5239042
120,ＪＲ中央線,11.9,武蔵小金井,渋谷,1,36,35.7011232,139.506912
121,ＪＲ中央線,11.6,国分寺,渋谷,1,36,35.7002201,139.4802697
122,ＪＲ中央線,11.8,西国分寺,渋谷,1,42,35.6998082,139.4657772
123,ＪＲ中央線,10.7,国立,渋谷,1,44,35.69917300000001,139.446376
124,ＪＲ中央線,10.0,立川,渋谷,1,36,35.6979144,139.4137408
125,ＪＲ中央線,8.8,日野,渋谷,1,52,35.6793641,139.3940577
126,ＪＲ中央線,9.5,豊田,渋谷,1,55,35.6595199,139.3815002
127,ＪＲ中央線,8.5,八王子,渋谷,1,46,35.6556157,139.3388529
128,ＪＲ青梅線,10.0,立川,渋谷,1,36,35.6979144,139.4137408
129,ＪＲ青梅線,8.4,西立川,渋谷,1,40,35.7036031,139.3937133
130,ＪＲ青梅線,8.6,東中神,渋谷,1,42,35.7063467,139.3844948
131,ＪＲ青梅線,8.3,中神,渋谷,1,43,35.7090171,139.3758143
132,ＪＲ青梅線,7.8,昭島,渋谷,1,46,35.7135485,139.3609268
133,ＪＲ青梅線,7.2,拝島,渋谷,1,49,35.72113,139.3436514
134,ＪＲ青梅線,6.9,牛浜,渋谷,1,55,35.7346625,139.3335115
135,ＪＲ青梅線,6.7,福生,渋谷,1,57,35.7423642,139.3278649
136,ＪＲ五日市線,7.2,拝島,渋谷,1,49,35.72113,139.3436514
137,ＪＲ五日市線,6.9,熊川,渋谷,2,59,35.7284086,139.3354048
138,ＪＲ武蔵野線,11.9,府中本町,渋谷,1,46,35.6662815,139.4770873
139,ＪＲ武蔵野線,11.8,西国分寺,渋谷,1,42,35.6998082,139.4657772
140,ＪＲ武蔵野線,8.5,新小平,渋谷,1,57,35.7309094,139.4705899
141,ＪＲ武蔵野線,8.0,新秋津,渋谷,0,47,35.77811,139.493563
142,ＪＲ武蔵野線,7.7,東所沢,渋谷,1,48,35.794886,139.514477
143,ＪＲ武蔵野線,8.2,新座,渋谷,1,44,35.8036922,139.5564949
144,ＪＲ武蔵野線,9.2,北朝霞,渋谷,0,37,35.815469,139.58722
145,ＪＲ武蔵野線,8.3,西浦和,渋谷,1,45,35.8442783,139.6280249
146,ＪＲ武蔵野線,9.5,武蔵浦和,渋谷,0,32,35.84595729999999,139.6476293
147,ＪＲ武蔵野線,9.4,南浦和,渋谷,1,38,35.8473849,139.6695734
148,ＪＲ武蔵野線,7.7,東浦和,渋谷,1,47,35.8641332,139.7046531
149,ＪＲ武蔵野線,9.0,東川口,渋谷,1,50,35.8752776,139.7443175
150,ＪＲ武蔵野線,6.8,越谷レイクタウン,渋谷,1,57,35.87621730000001,139.8221853
151,ＪＲ武蔵野線,7.6,新松戸,渋谷,1,58,35.8254725,139.920711
152,ＪＲ武蔵野線,9.5,西船橋,渋谷,1,44,35.7074443,139.9590775
153,ＪＲ八高線,8.5,八王子,渋谷,1,46,35.6556157,139.3388529
154,ＪＲ八高線,7.2,拝島,渋谷,1,49,35.72113,139.3436514
155,ＪＲ八高線,6.8,東福生,渋谷,2,55,35.7459195,139.3359822
156,ＪＲ八高線,4.1,小川町,渋谷,1,20,35.6951799,139.7668774
157,ＪＲ埼京線,9.0,羽沢横浜国大,渋谷,0,33,35.48117,139.5860839
158,ＪＲ埼京線,14.0,武蔵小杉,渋谷,0,14,35.5766335,139.659466
159,ＪＲ埼京線,17.3,西大井,渋谷,0,10,35.60179189999999,139.7218021
160,ＪＲ埼京線,19.6,池袋,渋谷,0,11,35.7295028,139.7109001
161,ＪＲ埼京線,17.1,板橋,渋谷,0,14,35.7454959,139.7197748
162,ＪＲ埼京線,15.5,十条,渋谷,0,16,35.760257,139.7222387
163,ＪＲ埼京線,16.0,赤羽,渋谷,0,21,35.7776951,139.7205691
164,ＪＲ埼京線,12.5,北赤羽,渋谷,0,21,35.7866831,139.706194
165,ＪＲ埼京線,12.5,浮間舟渡,渋谷,0,23,35.7912024,139.6914026
166,ＪＲ埼京線,9.7,戸田公園,渋谷,0,26,35.8080807,139.6780402
167,ＪＲ埼京線,9.8,戸田,渋谷,0,28,35.8176661,139.6696195
168,ＪＲ埼京線,9.3,北戸田,渋谷,0,30,35.827581,139.660269
169,ＪＲ埼京線,9.5,武蔵浦和,渋谷,0,32,35.84595729999999,139.6476293
170,ＪＲ埼京線,8.7,中浦和,渋谷,0,34,35.8538,139.637353
171,ＪＲ埼京線,8.4,南与野,渋谷,0,37,35.8674942,139.6311953
172,ＪＲ埼京線,8.6,与野本町,渋谷,0,39,35.88088,139.62602
173,ＪＲ埼京線,9.8,北与野,渋谷,0,41,35.8907795,139.6286808
174,ＪＲ埼京線,9.0,大宮,渋谷,0,37,35.9064485,139.6238548
175,ＪＲ高崎線,19.8,上野,渋谷,0,28,35.7141672,139.7774091
176,ＪＲ高崎線,14.0,尾久,渋谷,1,29,35.746768,139.7546
177,ＪＲ高崎線,16.0,赤羽,渋谷,0,21,35.7776951,139.7205691
178,ＪＲ高崎線,9.9,浦和,渋谷,0,31,35.8587283,139.6573784
179,ＪＲ高崎線,10.9,さいたま新都心,渋谷,1,39,35.893795,139.633741
180,ＪＲ高崎線,9.0,大宮,渋谷,0,37,35.9064485,139.6238548
181,ＪＲ高崎線,7.6,宮原,渋谷,0,41,35.9402916,139.6095706
182,ＪＲ高崎線,6.3,上尾,渋谷,0,45,35.9735224,139.5888177
183,ＪＲ高崎線,6.2,北上尾,渋谷,0,48,35.985623,139.5771969
184,ＪＲ高崎線,6.3,桶川,渋谷,0,49,35.9987564,139.5640318
185,ＪＲ高崎線,5.9,北本,渋谷,0,53,36.0316056,139.5340041
186,ＪＲ高崎線,5.8,鴻巣,渋谷,0,57,36.0592413,139.5096429
187,ＪＲ宇都宮線,19.8,上野,渋谷,0,28,35.7141672,139.7774091
188,ＪＲ宇都宮線,14.0,尾久,渋谷,1,29,35.746768,139.7546
189,ＪＲ宇都宮線,16.0,赤羽,渋谷,0,21,35.7776951,139.7205691
190,ＪＲ宇都宮線,9.9,浦和,渋谷,0,31,35.8587283,139.6573784
191,ＪＲ宇都宮線,10.9,さいたま新都心,渋谷,1,39,35.893795,139.633741
192,ＪＲ宇都宮線,9.0,大宮,渋谷,0,37,35.9064485,139.6238548
193,ＪＲ宇都宮線,8.7,土呂,渋谷,0,43,35.9318741,139.6321561
194,ＪＲ宇都宮線,7.1,東大宮,渋谷,0,46,35.9487549,139.6402863
195,ＪＲ宇都宮線,6.6,蓮田,渋谷,0,50,35.981286,139.653069
196,ＪＲ宇都宮線,7.1,白岡,渋谷,0,55,36.017588,139.667094
197,ＪＲ宇都宮線,7.3,新白岡,渋谷,0,58,36.0387413,139.6721114
198,ＪＲ総武線,9.7,津田沼,渋谷,1,54,35.6912149,140.0204072
199,ＪＲ総武線,10.0,東船橋,渋谷,1,57,35.6998137,140.0042979
200,ＪＲ総武線,9.9,船橋,渋谷,1,50,35.7017357,139.9853815
201,ＪＲ総武線,9.5,西船橋,渋谷,1,44,35.7074443,139.9590775
202,ＪＲ総武線,9.5,下総中山,渋谷,1,49,35.7143133,139.9430576
203,ＪＲ総武線,10.7,本八幡,渋谷,1,47,35.7210914,139.9272341
204,ＪＲ総武線,10.8,市川,渋谷,1,44,35.728821,139.908197
205,ＪＲ総武線,11.0,小岩,渋谷,1,42,35.7333003,139.881958
206,ＪＲ総武線,11.5,新小岩,渋谷,1,38,35.7174462,139.8586312
207,ＪＲ総武線,12.5,平井,渋谷,1,36,35.7065625,139.8427227
208,ＪＲ総武線,14.2,亀戸,渋谷,1,33,35.6973225,139.8265658
209,ＪＲ総武線,17.4,錦糸町,渋谷,0,28,35.6967393,139.8144835
210,ＪＲ総武線,18.9,両国,渋谷,1,29,35.6961328,139.7927196
211,ＪＲ総武線,17.4,東中野,渋谷,1,12,35.7062478,139.6837613
212,ＪＲ総武線,17.2,中野,渋谷,0,45,35.7057972,139.6657777
213,ＪＲ総武線,16.9,高円寺,渋谷,1,18,35.7053457,139.6499291
214,ＪＲ総武線,16.5,阿佐ケ谷,渋谷,0,54,35.7049247,139.6361231
215,ＪＲ総武線,15.5,荻窪,渋谷,1,20,35.7044977,139.6190582
216,ＪＲ総武線,15.1,西荻窪,渋谷,1,25,35.7036961,139.600182
217,ＪＲ総武線,14.0,吉祥寺,渋谷,0,19,35.7031485,139.5798087
218,ＪＲ総武線,14.2,三鷹,渋谷,1,25,35.7027156,139.5610291
219,ＪＲ総武線快速,17.4,錦糸町,渋谷,0,28,35.6967393,139.8144835
220,ＪＲ総武線快速,11.5,新小岩,渋谷,1,38,35.7174462,139.8586312
221,ＪＲ総武線快速,10.8,市川,渋谷,1,44,35.728821,139.908197
222,ＪＲ総武線快速,9.9,船橋,渋谷,1,50,35.7017357,139.9853815
223,ＪＲ総武線快速,9.7,津田沼,渋谷,1,54,35.6912149,140.0204072
224,ＪＲ京葉線,15.5,潮見,渋谷,1,32,35.6587316,139.8174046
225,ＪＲ京葉線,19.8,新木場,渋谷,0,27,35.6459065,139.8267917
226,ＪＲ京葉線,10.8,葛西臨海公園,渋谷,1,36,35.6444342,139.8615775
227,ＪＲ京葉線,11.4,舞浜,渋谷,1,39,35.6361543,139.8838749
228,ＪＲ京葉線,11.9,新浦安,渋谷,1,42,35.6495086,139.9125145
229,ＪＲ京葉線,9.5,西船橋,渋谷,1,44,35.7074443,139.9590775
230,ＪＲ京葉線,8.9,二俣新町,渋谷,1,54,35.6913568,139.959505
231,ＪＲ京葉線,8.2,南船橋,渋谷,1,46,35.6819092,139.9955789
232,ＪＲ京葉線,11.7,海浜幕張,渋谷,1,51,35.6484764,140.0419868
233,ＪＲ京葉線,11.1,検見川浜,渋谷,1,54,35.637204,140.0592067
234,ＪＲ京葉線,6.8,稲毛海岸,渋谷,1,56,35.629503,140.073825
235,湘南新宿ライン宇須,7.3,新白岡,渋谷,0,58,36.0387413,139.6721114
236,湘南新宿ライン宇須,7.1,白岡,渋谷,0,55,36.017588,139.667094
237,湘南新宿ライン宇須,6.6,蓮田,渋谷,0,50,35.981286,139.653069
238,湘南新宿ライン宇須,7.1,東大宮,渋谷,0,46,35.9487549,139.6402863
239,湘南新宿ライン宇須,8.7,土呂,渋谷,0,43,35.9318741,139.6321561
240,湘南新宿ライン宇須,9.0,大宮,渋谷,0,37,35.9064485,139.6238548
241,湘南新宿ライン宇須,9.9,浦和,渋谷,0,31,35.8587283,139.6573784
242,湘南新宿ライン宇須,16.0,赤羽,渋谷,0,21,35.7776951,139.7205691
243,湘南新宿ライン宇須,19.6,池袋,渋谷,0,11,35.7295028,139.7109001
244,湘南新宿ライン宇須,17.3,西大井,渋谷,0,10,35.60179189999999,139.7218021
245,湘南新宿ライン宇須,14.0,武蔵小杉,渋谷,0,14,35.5766335,139.659466
246,湘南新宿ライン宇須,11.8,新川崎,渋谷,0,19,35.551696,139.671529
247,湘南新宿ライン宇須,15.8,横浜,渋谷,0,28,35.46598110000001,139.622062
248,湘南新宿ライン宇須,11.0,保土ケ谷,渋谷,0,32,35.4467618,139.5996306
249,湘南新宿ライン宇須,9.5,東戸塚,渋谷,0,37,35.4305843,139.5567901
250,湘南新宿ライン宇須,9.0,戸塚,渋谷,0,41,35.4006131,139.5342406
251,湘南新宿ライン宇須,9.2,大船,渋谷,0,46,35.3540475,139.5312989
252,湘南新宿ライン宇須,11.6,北鎌倉,渋谷,0,51,35.3372266,139.5451937
253,湘南新宿ライン宇須,15.8,鎌倉,渋谷,0,55,35.3190156,139.5504157
254,湘南新宿ライン高海,5.8,鴻巣,渋谷,0,57,36.0592413,139.5096429
255,湘南新宿ライン高海,5.9,北本,渋谷,0,53,36.0316056,139.5340041
256,湘南新宿ライン高海,6.3,桶川,渋谷,0,49,35.9987564,139.5640318
257,湘南新宿ライン高海,6.2,北上尾,渋谷,0,48,35.985623,139.5771969
258,湘南新宿ライン高海,6.3,上尾,渋谷,0,45,35.9735224,139.5888177
259,湘南新宿ライン高海,7.6,宮原,渋谷,0,41,35.9402916,139.6095706
260,湘南新宿ライン高海,9.0,大宮,渋谷,0,37,35.9064485,139.6238548
261,湘南新宿ライン高海,9.9,浦和,渋谷,0,31,35.8587283,139.6573784
262,湘南新宿ライン高海,16.0,赤羽,渋谷,0,21,35.7776951,139.7205691
263,湘南新宿ライン高海,19.6,池袋,渋谷,0,11,35.7295028,139.7109001
264,湘南新宿ライン高海,14.0,武蔵小杉,渋谷,0,14,35.5766335,139.659466
265,湘南新宿ライン高海,15.8,横浜,渋谷,0,28,35.46598110000001,139.622062
266,湘南新宿ライン高海,9.0,戸塚,渋谷,0,41,35.4006131,139.5342406
267,湘南新宿ライン高海,9.2,大船,渋谷,0,46,35.3540475,139.5312989
268,湘南新宿ライン高海,9.9,藤沢,渋谷,0,52,35.3388984,139.4874695
269,湘南新宿ライン高海,8.3,辻堂,渋谷,0,56,35.3368951,139.4470874
270,東京メトロ銀座線,19.8,上野,渋谷,0,28,35.7141672,139.7774091
271,東京メトロ銀座線,19.6,稲荷町,渋谷,0,29,35.7113443,139.7826841
272,東京メトロ銀座線,19.8,田原町,渋谷,0,31,35.7098833,139.7907335
273,東京メトロ銀座線,18.0,浅草,渋谷,0,33,35.7107924,139.7977621
274,東京メトロ丸ノ内線,19.6,池袋,渋谷,0,11,35.7295028,139.7109001
275,東京メトロ丸ノ内線,18.6,新大塚,渋谷,1,19,35.7258009,139.7298975
276,東京メトロ丸ノ内線,18.8,中野坂上,渋谷,0,40,35.6970686,139.6821613
277,東京メトロ丸ノ内線,18.2,中野新橋,渋谷,1,19,35.691958,139.673746
278,東京メトロ丸ノ内線,17.3,中野富士見町,渋谷,0,47,35.6905196,139.6669336
279,東京メトロ丸ノ内線,16.5,方南町,渋谷,0,41,35.6834707,139.6574453
280,東京メトロ丸ノ内線,17.3,新中野,渋谷,0,51,35.6974924,139.6689374
281,東京メトロ丸ノ内線,17.6,東高円寺,渋谷,0,50,35.698027,139.6579834
282,東京メトロ丸ノ内線,17.2,新高円寺,渋谷,0,50,35.697845,139.64847
283,東京メトロ丸ノ内線,17.3,南阿佐ケ谷,渋谷,0,53,35.699456,139.6355541
284,東京メトロ丸ノ内線,15.5,荻窪,渋谷,1,20,35.7044977,139.6190582
285,東京メトロ日比谷線,19.8,上野,渋谷,0,28,35.7141672,139.7774091
286,東京メトロ日比谷線,17.8,入谷,渋谷,1,37,35.7208778,139.7846947
287,東京メトロ日比谷線,15.7,三ノ輪,渋谷,1,39,35.7296256,139.7913624
288,東京メトロ日比谷線,16.7,南千住,渋谷,1,38,35.7331617,139.7989223
289,東京メトロ日比谷線,14.3,北千住,渋谷,0,42,35.7496762,139.8053433
290,東京メトロ東西線,17.2,中野,渋谷,0,45,35.7057972,139.6657777
291,東京メトロ東西線,17.0,落合,渋谷,1,21,35.7106227,139.6861327
292,東京メトロ東西線,17.2,門前仲町,渋谷,1,26,35.6720326,139.7956907
293,東京メトロ東西線,15.2,木場,渋谷,1,28,35.6693678,139.8067878
294,東京メトロ東西線,15.6,東陽町,渋谷,1,29,35.6696241,139.8177096
295,東京メトロ東西線,14.2,南砂町,渋谷,1,33,35.6686978,139.8308161
296,東京メトロ東西線,11.8,西葛西,渋谷,1,36,35.664577,139.8592032
297,東京メトロ東西線,11.5,葛西,渋谷,1,38,35.6635395,139.8726529
298,東京メトロ東西線,11.3,浦安,渋谷,1,37,35.6658833,139.8932558
299,東京メトロ東西線,10.0,南行徳,渋谷,1,43,35.672716,139.902227
300,東京メトロ東西線,10.0,行徳,渋谷,1,45,35.682604,139.914142
301,東京メトロ東西線,10.8,妙典,渋谷,1,47,35.6914851,139.9248953
302,東京メトロ東西線,9.5,原木中山,渋谷,1,50,35.7033579,139.9418925
303,東京メトロ東西線,9.5,西船橋,渋谷,1,44,35.7074443,139.9590775
304,東京メトロ千代田線,18.6,千駄木,渋谷,1,28,35.725483,139.7632433
305,東京メトロ千代田線,17.2,西日暮里,渋谷,0,27,35.7324125,139.7677967
306,東京メトロ千代田線,15.1,町屋,渋谷,1,36,35.7427846,139.7809419
307,東京メトロ千代田線,14.3,北千住,渋谷,0,42,35.7496762,139.8053433
308,東京メトロ千代田線,10.4,綾瀬,渋谷,1,39,35.762315,139.824924
309,東京メトロ千代田線,10.2,北綾瀬,渋谷,1,47,35.7770135,139.8321012
310,東京メトロ有楽町線,19.8,新木場,渋谷,0,27,35.6459065,139.8267917
311,東京メトロ有楽町線,19.5,護国寺,渋谷,1,20,35.7189737,139.7275081
312,東京メトロ有楽町線,19.6,池袋,渋谷,0,11,35.7295028,139.7109001
313,東京メトロ有楽町線,17.0,要町,渋谷,0,22,35.7331846,139.6989819
314,東京メトロ有楽町線,13.7,千川,渋谷,0,24,35.7382658,139.6893487
315,東京メトロ有楽町線,12.5,小竹向原,渋谷,0,16,35.74334109999999,139.6795208
316,東京メトロ有楽町線,12.2,氷川台,渋谷,0,28,35.7495622,139.6654662
317,東京メトロ有楽町線,12.0,地下鉄赤塚,渋谷,0,33,35.769976,139.6440227
318,東京メトロ有楽町線,11.8,地下鉄成増,渋谷,0,35,35.7766972,139.6311902
319,東京メトロ有楽町線,10.9,和光市,渋谷,0,26,35.788363,139.6127811
320,東京メトロ半蔵門線,17.7,清澄白河,渋谷,0,23,35.6822525,139.7987778
321,東京メトロ半蔵門線,18.3,錦糸町,渋谷,0,28,35.6967393,139.8144835
322,東京メトロ半蔵門線,16.5,押上,渋谷,0,31,35.710332,139.8132971
323,東京メトロ南北線,19.7,本駒込,渋谷,1,27,35.7246424,139.7537444
324,東京メトロ南北線,18.0,駒込,渋谷,0,23,35.7365665,139.7470098
325,東京メトロ南北線,16.1,西ケ原,渋谷,1,29,35.7459577,139.7422689
326,東京メトロ南北線,14.5,王子,渋谷,1,31,35.7529945,139.7378714
327,東京メトロ南北線,14.8,王子神谷,渋谷,1,33,35.7654235,139.7356263
328,東京メトロ南北線,16.6,志茂,渋谷,1,35,35.778324,139.7322949
329,東京メトロ南北線,15.0,赤羽岩淵,渋谷,0,36,35.783504,139.721821
330,東京メトロ副都心線,19.6,池袋,渋谷,0,11,35.7295028,139.7109001
331,東京メトロ副都心線,17.0,要町,渋谷,0,22,35.7331846,139.6989819
332,東京メトロ副都心線,13.7,千川,渋谷,0,24,35.7382658,139.6893487
333,東京メトロ副都心線,12.5,小竹向原,渋谷,0,16,35.74334109999999,139.6795208
334,東京メトロ副都心線,12.2,氷川台,渋谷,0,28,35.7495622,139.6654662
335,東京メトロ副都心線,12.0,地下鉄赤塚,渋谷,0,33,35.769976,139.6440227
336,東京メトロ副都心線,11.8,地下鉄成増,渋谷,0,35,35.7766972,139.6311902
337,東京メトロ副都心線,10.9,和光市,渋谷,0,26,35.788363,139.6127811
338,西武有楽町線,12.5,小竹向原,渋谷,0,16,35.74334109999999,139.6795208
339,西武有楽町線,12.8,新桜台,渋谷,0,19,35.7412366,139.6688231
340,西武有楽町線,13.7,練馬,渋谷,0,21,35.737841,139.653912
341,西武新宿線,18.0,下落合,渋谷,1,21,35.71587410000001,139.6950191
342,西武新宿線,16.2,中井,渋谷,1,21,35.7150776,139.6871252
343,西武新宿線,15.2,新井薬師前,渋谷,1,28,35.71578950000001,139.6719543
344,西武新宿線,14.7,沼袋,渋谷,1,30,35.719315,139.6644193
345,西武新宿線,14.2,野方,渋谷,1,31,35.719738,139.6530016
346,西武新宿線,13.0,都立家政,渋谷,1,33,35.722366,139.644539
347,西武新宿線,13.0,鷺ノ宮,渋谷,1,26,35.7226237,139.638906
348,西武新宿線,12.5,下井草,渋谷,1,36,35.72387000000001,139.624693
349,西武新宿線,12.3,井荻,渋谷,1,38,35.724675,139.61561
350,西武新宿線,12.2,上井草,渋谷,1,41,35.725258,139.602945
351,西武新宿線,11.7,上石神井,渋谷,1,31,35.7262543,139.5921496
352,西武新宿線,11.5,武蔵関,渋谷,1,32,35.72761790000001,139.5763635
353,西武新宿線,10.8,東伏見,渋谷,1,34,35.7286904,139.5642362
354,西武新宿線,10.1,西武柳沢,渋谷,1,35,35.728637,139.5525518
355,西武新宿線,10.0,田無,渋谷,1,35,35.7273335,139.5394451
356,西武新宿線,8.9,花小金井,渋谷,1,38,35.726172,139.5132046
357,西武新宿線,8.0,小平,渋谷,1,41,35.7370711,139.4881602
358,西武新宿線,8.3,久米川,渋谷,1,42,35.7500258,139.472007
359,西武新宿線,8.4,東村山,渋谷,1,45,35.760471,139.46585
360,西武新宿線,8.2,所沢,渋谷,0,42,35.7866173,139.4732246
361,西武新宿線,8.4,航空公園,渋谷,1,51,35.798329,139.465592
362,西武新宿線,7.8,新所沢,渋谷,1,53,35.8068135,139.4560541
363,西武新宿線,6.3,入曽,渋谷,1,53,35.8324757,139.4273112
364,西武新宿線,6.2,狭山市,渋谷,1,56,35.8570712,139.4132333
365,西武池袋線,19.6,池袋,渋谷,0,11,35.7295028,139.7109001
366,西武池袋線,15.9,椎名町,渋谷,1,20,35.7264722,139.6949221
367,西武池袋線,14.7,東長崎,渋谷,1,22,35.7303273,139.6829125
368,西武池袋線,13.5,江古田,渋谷,1,23,35.737481,139.672744
369,西武池袋線,13.0,桜台,渋谷,1,25,0.0,0.0
370,西武池袋線,13.7,練馬,渋谷,0,21,35.737841,139.653912
371,西武池袋線,12.7,中村橋,渋谷,0,37,35.7367952,139.6376668
372,西武池袋線,12.6,富士見台,渋谷,0,39,35.7359327,139.6300404
373,西武池袋線,12.0,練馬高野台,渋谷,0,41,35.7406329,139.6168772
374,西武池袋線,11.9,石神井公園,渋谷,0,26,35.740211,139.606288
375,西武池袋線,10.7,大泉学園,渋谷,0,45,35.7493601,139.5865462
376,西武池袋線,10.0,保谷,渋谷,0,48,35.7483557,139.5676
377,西武池袋線,9.3,ひばりヶ丘,渋谷,0,32,35.75142,139.545782
378,西武池袋線,9.1,東久留米,渋谷,0,34,35.76034509999999,139.5339486
379,西武池袋線,8.7,清瀬,渋谷,0,37,35.772096,139.5197762
380,西武池袋線,8.3,秋津,渋谷,0,39,35.7784973,139.4964877
381,西武池袋線,8.2,所沢,渋谷,0,42,35.7866173,139.4732246
382,西武池袋線,8.0,西所沢,渋谷,0,47,35.7892995,139.4560334
383,西武池袋線,7.5,小手指,渋谷,0,49,35.8005786,139.4380557
384,西武池袋線,7.0,狭山ヶ丘,渋谷,0,52,35.8103821,139.4170127
385,西武池袋線,6.8,武蔵藤沢,渋谷,0,54,35.820853,139.412763
386,西武池袋線,6.8,稲荷山公園,渋谷,0,57,35.844683,139.399402
387,西武池袋線,6.5,入間市,渋谷,0,59,35.8420017,139.3895814
388,西武拝島線,8.0,小平,渋谷,1,41,35.7370711,139.4881602
389,西武拝島線,8.2,萩山,渋谷,1,44,35.74048550000001,139.4774398
390,西武拝島線,8.0,小川,渋谷,1,47,35.7375059,139.4635625
391,西武拝島線,7.3,東大和市,渋谷,1,50,35.732891,139.434403
392,西武拝島線,7.5,玉川上水,渋谷,1,53,35.7318915,139.4183678
393,西武拝島線,7.3,武蔵砂川,渋谷,1,56,35.7289059,139.3922923
394,西武拝島線,7.5,西武立川,渋谷,1,58,35.7262968,139.3705432
395,西武拝島線,7.2,拝島,渋谷,1,49,35.72113,139.3436514
396,西武山口線,6.9,多摩湖,渋谷,2,55,35.7661519,139.4426132
397,西武国分寺線,11.6,国分寺,渋谷,1,36,35.7002201,139.4802697
398,西武国分寺線,11.0,恋ヶ窪,渋谷,2,41,35.711339,139.463902
399,西武国分寺線,7.9,鷹の台,渋谷,2,48,35.7234,139.461022
400,西武国分寺線,8.0,小川,渋谷,1,47,35.7375059,139.4635625
401,西武国分寺線,8.4,東村山,渋谷,1,45,35.760471,139.46585
402,西武多摩川線,13.5,武蔵境,渋谷,1,32,35.7021388,139.5436578
403,西武多摩川線,12.4,新小金井,渋谷,2,42,35.695926,139.526786
404,西武多摩川線,10.1,多磨,渋谷,2,46,35.6766308,139.5170499
405,西武多摩川線,9.7,競艇場前,渋谷,2,51,35.6562249,139.4996999
406,西武多摩川線,9.2,是政,渋谷,2,53,35.6563503,139.4888503
407,西武多摩湖線,11.6,国分寺,渋谷,1,36,35.7002201,139.4802697
408,西武多摩湖線,8.8,一橋学園,渋谷,2,43,35.72206,139.480039
409,西武多摩湖線,8.2,萩山,渋谷,1,44,35.74048550000001,139.4774398
410,西武多摩湖線,8.3,八坂,渋谷,2,50,35.744863,139.467761
411,西武多摩湖線,7.2,武蔵大和,渋谷,2,53,35.756417,139.444263
412,西武多摩湖線,6.9,多摩湖,渋谷,2,55,35.7661519,139.4426132
413,西武豊島線,13.9,豊島園,渋谷,1,24,35.742056,139.64911
414,東武東上線,19.6,池袋,渋谷,0,11,35.7295028,139.7109001
415,東武東上線,18.9,北池袋,渋谷,1,17,35.7406552,139.7166436
416,東武東上線,15.5,下板橋,渋谷,1,18,35.7457094,139.7148162
417,東武東上線,14.8,大山,渋谷,1,20,35.7485637,139.7022837
418,東武東上線,13.2,中板橋,渋谷,1,22,35.75560189999999,139.6954142
419,東武東上線,11.5,上板橋,渋谷,1,26,35.7635268,139.6764216
420,東武東上線,11.0,東武練馬,渋谷,1,32,35.7686261,139.6617156
421,東武東上線,12.0,下赤塚,渋谷,0,38,35.770476,139.644884
422,東武東上線,11.5,成増,渋谷,1,27,35.7775982,139.6329467
423,東武東上線,10.9,和光市,渋谷,0,26,35.788363,139.6127811
424,東武東上線,9.4,朝霞,渋谷,0,31,35.7971136,139.6001932
425,東武東上線,9.2,朝霞台,渋谷,0,34,35.814553,139.587081
426,東武東上線,8.5,志木,渋谷,0,36,35.822163,139.575249
427,東武東上線,7.8,柳瀬川,渋谷,0,39,35.830495,139.562555
428,東武東上線,7.5,みずほ台,渋谷,0,41,35.8382458,139.5508554
429,東武東上線,8.0,鶴瀬,渋谷,0,43,35.8458048,139.5395148
430,東武東上線,8.5,ふじみ野,渋谷,0,46,35.8608216,139.5231273
431,東武東上線,8.2,上福岡,渋谷,0,52,35.8738668,139.5117306
432,東武東上線,7.1,新河岸,渋谷,0,55,35.8914814,139.4968579
433,東武東上線,8.9,川越市,渋谷,0,59,35.9141008,139.4771758
434,東武東上線,6.5,霞ヶ関,渋谷,1,13,35.6740083,139.7511011
435,東武東上線,4.1,小川町,渋谷,1,20,35.6951799,139.7668774
436,東武伊勢崎線,18.0,浅草,渋谷,0,33,35.7107924,139.7977621
437,東武伊勢崎線,17.1,とうきょうスカイツリー,渋谷,0,45,35.7095445,139.8090493
438,東武伊勢崎線,16.5,押上,渋谷,0,31,35.710332,139.8132971
439,東武伊勢崎線,15.1,曳舟,渋谷,0,35,35.7183941,139.8167618
440,東武伊勢崎線,12.8,東向島,渋谷,1,39,35.7245871,139.8192932
441,東武伊勢崎線,13.5,鐘ヶ淵,渋谷,1,41,35.7334267,139.8200022
442,東武伊勢崎線,12.7,堀切,渋谷,1,43,35.7429583,139.817731
443,東武伊勢崎線,14.3,北千住,渋谷,0,42,35.7496762,139.8053433
444,東武伊勢崎線,11.9,小菅,渋谷,1,47,35.7587165,139.8126622
445,東武伊勢崎線,10.7,五反野,渋谷,1,49,35.7660319,139.8093604
446,東武伊勢崎線,12.0,梅島,渋谷,1,51,35.7723647,139.7980149
447,東武伊勢崎線,10.9,西新井,渋谷,0,47,35.777174,139.790427
448,東武伊勢崎線,8.9,竹ノ塚,渋谷,1,50,35.7943929,139.7907537
449,東武伊勢崎線,8.5,谷塚,渋谷,1,53,35.814215,139.801345
450,東武伊勢崎線,8.0,草加,渋谷,0,53,35.8283858,139.8035406
451,東武伊勢崎線,8.0,獨協大学前,渋谷,1,59,35.8432776,139.8006731
452,東武伊勢崎線,8.4,新越谷,渋谷,0,58,35.8756114,139.789783
453,東武亀戸線,15.1,曳舟,渋谷,0,35,35.7183941,139.8167618
454,東武亀戸線,13.5,小村井,渋谷,1,41,35.7101364,139.8280191
455,東武亀戸線,13.0,東あずま,渋谷,1,42,35.7070922,139.831884
456,東武亀戸線,13.5,亀戸水神,渋谷,1,44,35.7002625,139.8336793
457,東武亀戸線,14.2,亀戸,渋谷,1,33,35.6973225,139.8265658
458,東武大師線,10.9,西新井,渋谷,0,47,35.777174,139.790427
459,東武大師線,10.7,大師前,渋谷,1,54,35.7788779,139.7816241
460,東急東横線,19.8,学芸大学,渋谷,0,7,35.6288624,139.6853301
461,東急東横線,19.5,自由が丘,渋谷,0,9,35.6072728,139.6686661
462,東急東横線,17.4,田園調布,渋谷,0,13,35.5968481,139.6673415
463,東急東横線,15.0,多摩川,渋谷,0,14,35.589497,139.6687779
464,東急東横線,14.8,新丸子,渋谷,0,23,35.5805941,139.6619306
465,東急東横線,14.0,武蔵小杉,渋谷,0,14,35.5766335,139.659466
466,東急東横線,12.4,元住吉,渋谷,0,26,35.5643213,139.6540395
467,東急東横線,12.0,日吉,渋谷,0,20,35.553449,139.6470623
468,東急東横線,12.0,綱島,渋谷,0,23,35.5367529,139.6348167
469,東急東横線,12.0,大倉山,渋谷,0,33,35.5218361,139.6298577
470,東急東横線,12.1,菊名,渋谷,0,22,35.5099195,139.6313685
471,東急東横線,11.7,妙蓮寺,渋谷,0,41,35.4984086,139.6331408
472,東急東横線,12.4,白楽,渋谷,0,43,35.4897067,139.6279197
473,東急東横線,13.2,東白楽,渋谷,0,44,35.4832623,139.6294695
474,東急東横線,14.9,反町,渋谷,0,46,35.4746702,139.6252473
475,東急東横線,15.8,横浜,渋谷,0,28,35.46598110000001,139.622062
476,東急田園都市線,19.2,駒沢大学,渋谷,0,7,35.6332937,139.6613891
477,東急田園都市線,17.9,桜新町,渋谷,0,10,35.6318735,139.6450254
478,東急田園都市線,17.2,用賀,渋谷,0,12,35.6263427,139.6338175
479,東急田園都市線,16.6,二子玉川,渋谷,0,11,35.6124172,139.6275666
480,東急田園都市線,14.0,二子新地,渋谷,0,16,35.60695750000001,139.6224949
481,東急田園都市線,11.5,溝の口,渋谷,0,15,35.5999649,139.6106234
482,東急田園都市線,11.0,梶が谷,渋谷,0,21,35.5937453,139.6056828
483,東急田園都市線,11.0,宮崎台,渋谷,0,23,35.5872174,139.5912012
484,東急田園都市線,10.7,宮前平,渋谷,0,25,35.5849594,139.5820475
485,東急田園都市線,10.8,鷺沼,渋谷,0,19,35.5797753,139.573327
486,東急田園都市線,10.5,たまプラーザ,渋谷,0,21,35.5774058,139.5585278
487,東急田園都市線,10.5,あざみ野,渋谷,0,23,35.5685796,139.5534552
488,東急田園都市線,9.9,江田,渋谷,0,36,35.5586471,139.5515112
489,東急田園都市線,9.0,市が尾,渋谷,0,38,35.5514428,139.5413635
490,東急田園都市線,9.1,藤が丘,渋谷,0,40,0.0,0.0
491,東急田園都市線,8.8,青葉台,渋谷,0,27,35.5432506,139.5172181
492,東急田園都市線,9.2,田奈,渋谷,0,44,35.535888,139.504516
493,東急田園都市線,9.0,長津田,渋谷,0,31,35.5319546,139.4943049
494,東急田園都市線,8.8,つくし野,渋谷,0,51,35.5276343,139.4851046
495,東急田園都市線,8.5,すずかけ台,渋谷,0,52,35.5169205,139.4814272
496,東急田園都市線,8.5,南町田グランベリーパーク,渋谷,0,34,35.5114471,139.4706636
497,東急田園都市線,8.9,つきみ野,渋谷,0,56,35.5103418,139.458048
498,東急田園都市線,8.9,中央林間,渋谷,0,38,35.5080279,139.4441058
499,東急池上線,19.2,戸越銀座,渋谷,1,16,35.6159746,139.7150258
500,東急池上線,17.2,荏原中延,渋谷,1,18,35.6099618,139.7119604
501,東急池上線,15.8,旗の台,渋谷,1,20,35.6048821,139.7027206
502,東急池上線,15.5,長原,渋谷,1,21,35.6022186,139.6979694
503,東急池上線,15.7,洗足池,渋谷,1,23,35.5999476,139.6914069
504,東急池上線,16.1,石川台,渋谷,1,24,35.5969326,139.6852664
505,東急池上線,16.2,雪が谷大塚,渋谷,1,26,35.5919356,139.6810018
506,東急池上線,16.0,御嶽山,渋谷,1,28,35.5852756,139.682388
507,東急池上線,15.5,久が原,渋谷,1,29,35.5798491,139.685354
508,東急池上線,14.4,千鳥町,渋谷,1,31,35.5729995,139.6914155
509,東急池上線,14.7,池上,渋谷,1,33,35.5720944,139.7029729
510,東急池上線,14.1,蓮沼,渋谷,1,34,35.5641984,139.7084797
511,東急池上線,14.7,蒲田,渋谷,1,24,35.5624794,139.7160731
512,東急目黒線,19.5,武蔵小山,渋谷,1,12,35.6205185,139.7044048
513,東急目黒線,19.2,西小山,渋谷,1,17,35.6156922,139.6988653
514,東急目黒線,18.8,洗足,渋谷,0,33,35.6104126,139.6944011
515,東急目黒線,19.0,大岡山,渋谷,1,17,35.607486,139.685643
516,東急目黒線,18.8,奥沢,渋谷,1,21,35.6039879,139.6722637
517,東急目黒線,17.4,田園調布,渋谷,0,13,35.5968481,139.6673415
518,東急目黒線,15.0,多摩川,渋谷,0,14,35.589497,139.6687779
519,東急目黒線,14.8,新丸子,渋谷,0,23,35.5805941,139.6619306
520,東急目黒線,14.0,武蔵小杉,渋谷,0,14,35.5766335,139.659466
521,東急目黒線,12.4,元住吉,渋谷,0,26,35.5643213,139.6540395
522,東急目黒線,12.0,日吉,渋谷,0,20,35.553449,139.6470623
523,東急多摩川線,15.0,多摩川,渋谷,0,14,35.589497,139.6687779
524,東急多摩川線,14.5,沼部,渋谷,1,19,35.58282630000001,139.6730957
525,東急多摩川線,14.5,鵜の木,渋谷,1,21,35.5754987,139.6806138
526,東急多摩川線,14.4,下丸子,渋谷,1,23,35.5712152,139.6858078
527,東急多摩川線,13.7,武蔵新田,渋谷,1,24,35.5679766,139.6922031
528,東急多摩川線,14.2,矢口渡,渋谷,1,26,35.5625586,139.7002623
529,東急多摩川線,14.7,蒲田,渋谷,1,24,35.5624794,139.7160731
530,東急大井町線,18.9,大井町,渋谷,0,11,35.6076153,139.7346592
531,東急大井町線,17.3,戸越公園,渋谷,1,24,35.6089128,139.718384
532,東急大井町線,18.0,中延,渋谷,1,19,35.6058183,139.7127554
533,東急大井町線,16.0,荏原町,渋谷,1,25,35.6038632,139.707503
534,東急大井町線,15.8,旗の台,渋谷,1,20,35.6048821,139.7027206
535,東急大井町線,18.5,北千束,渋谷,1,18,35.6064301,139.6929472
536,東急大井町線,19.0,大岡山,渋谷,1,17,35.607486,139.685643
537,東急大井町線,19.5,自由が丘,渋谷,0,9,35.6072728,139.6686661
538,東急大井町線,18.4,九品仏,渋谷,1,15,35.6053587,139.6614803
539,東急大井町線,17.4,尾山台,渋谷,1,16,35.6069669,139.6538896
540,東急大井町線,17.4,等々力,渋谷,0,43,35.6083487,139.648072
541,東急大井町線,18.2,上野毛,渋谷,1,17,35.6119618,139.6389246
542,東急大井町線,16.6,二子玉川,渋谷,0,11,35.6124172,139.6275666
543,東急大井町線,14.0,二子新地,渋谷,0,16,35.60695750000001,139.6224949
544,東急大井町線,11.5,溝の口,渋谷,0,15,35.5999649,139.6106234
545,東急世田谷線,19.9,松陰神社前,渋谷,0,33,35.6440032,139.655263
546,東急世田谷線,17.2,世田谷,渋谷,0,35,35.6434634,139.6507137
547,東急世田谷線,17.0,上町,渋谷,0,35,35.6433787,139.6467074
548,東急世田谷線,17.2,宮の坂,渋谷,1,27,35.6478292,139.6449316
549,東急世田谷線,16.4,下高井戸,渋谷,1,15,35.6661402,139.6414073
550,都営浅草線,15.1,西馬込,渋谷,1,23,35.5868252,139.7059056
551,都営浅草線,15.0,馬込,渋谷,1,21,35.5963863,139.7118295
552,都営浅草線,18.0,中延,渋谷,1,19,35.6058183,139.7127554
553,都営浅草線,19.3,戸越,渋谷,1,17,35.6145248,139.7163324
554,都営浅草線,19.9,蔵前,渋谷,1,32,35.703782,139.791563
555,都営浅草線,18.0,浅草,渋谷,0,33,35.7107924,139.7977621
556,都営浅草線,17.2,本所吾妻橋,渋谷,1,37,35.7085984,139.8045672
557,都営浅草線,16.5,押上,渋谷,0,31,35.710332,139.8132971
558,都営三田線,19.7,千石,渋谷,1,26,35.7278755,139.7448665
559,都営三田線,19.5,巣鴨,渋谷,0,21,35.7334192,139.7392848
560,都営三田線,19.9,西巣鴨,渋谷,1,28,35.7436944,139.7285589
561,都営三田線,17.4,新板橋,渋谷,0,25,35.7488113,139.7201652
562,都営三田線,15.2,板橋区役所前,渋谷,1,31,35.7515914,139.7097176
563,都営三田線,14.0,板橋本町,渋谷,1,33,35.7612601,139.7055333
564,都営三田線,13.6,本蓮沼,渋谷,1,35,35.7685159,139.70247
565,都営三田線,13.3,志村坂上,渋谷,1,37,35.7757692,139.6953874
566,都営三田線,12.2,志村三丁目,渋谷,1,39,35.7774805,139.6858707
567,都営三田線,12.4,蓮根,渋谷,1,41,35.7841976,139.6790192
568,都営三田線,11.0,西台,渋谷,1,43,35.7870582,139.6727974
569,都営三田線,10.2,高島平,渋谷,1,45,35.788919,139.661271
570,都営三田線,10.3,新高島平,渋谷,1,46,35.7902275,139.6542777
571,都営三田線,9.8,西高島平,渋谷,1,48,35.7918903,139.6458828
572,都営新宿線,18.4,森下,渋谷,1,27,35.6880172,139.7982074
573,都営新宿線,17.8,菊川,渋谷,1,29,34.7616646,138.0853425
574,都営新宿線,15.4,西大島,渋谷,1,32,35.689371,139.826351
575,都営新宿線,12.8,東大島,渋谷,1,36,35.689932,139.8475291
576,都営新宿線,11.7,船堀,渋谷,1,39,35.6838551,139.8641384
577,都営新宿線,11.3,一之江,渋谷,1,41,35.685936,139.882978
578,都営新宿線,11.3,瑞江,渋谷,1,44,35.69332,139.8977053
579,都営新宿線,11.1,篠崎,渋谷,1,46,35.7059504,139.9039271
580,都営新宿線,10.7,本八幡,渋谷,1,47,35.7210914,139.9272341
581,都営大江戸線,19.8,新御徒町,渋谷,1,34,35.7069936,139.7819408
582,都営大江戸線,19.9,蔵前,渋谷,1,32,35.703782,139.791563
583,都営大江戸線,18.7,両国,渋谷,1,29,35.6961328,139.7927196
584,都営大江戸線,18.4,森下,渋谷,1,27,35.6880172,139.7982074
585,都営大江戸線,17.7,清澄白河,渋谷,0,23,35.6822525,139.7987778
586,都営大江戸線,17.2,門前仲町,渋谷,1,26,35.6720326,139.7956907
587,都営大江戸線,18.8,中野坂上,渋谷,0,40,35.6970686,139.6821613
588,都営大江戸線,17.4,東中野,渋谷,1,12,35.7062478,139.6837613
589,都営大江戸線,16.2,中井,渋谷,1,21,35.7150776,139.6871252
590,都営大江戸線,14.8,落合南長崎,渋谷,1,24,35.7234039,139.6834785
591,都営大江戸線,14.0,新江古田,渋谷,1,26,35.7325921,139.6704387
592,都営大江戸線,13.7,練馬,渋谷,0,21,35.737841,139.653912
593,都営大江戸線,13.9,豊島園,渋谷,1,24,35.742056,139.64911
594,都営大江戸線,12.8,練馬春日町,渋谷,1,33,35.7514626,139.6401514
595,都営大江戸線,12.0,光が丘,渋谷,1,35,35.7585093,139.6289329
596,都電荒川線,19.1,早稲田,渋谷,1,22,35.7058216,139.7212004
597,都電荒川線,18.3,面影橋,渋谷,1,21,35.7130162,139.7142544
598,都電荒川線,17.3,鬼子母神前,渋谷,0,21,35.7200509,139.7146731
599,都電荒川線,18.9,大塚駅前,渋谷,0,21,35.7315799,139.7293294
600,都電荒川線,18.0,庚申塚,渋谷,1,29,35.7396241,139.729754
601,都電荒川線,19.6,新庚申塚,渋谷,1,30,35.7415497,139.7306585
602,都電荒川線,17.9,西ヶ原四丁目,渋谷,1,31,35.7444259,139.732773
603,都電荒川線,14.2,滝野川一丁目,渋谷,1,33,35.7472737,139.7354215
604,都電荒川線,14.6,飛鳥山,渋谷,1,34,35.7501674,139.7373831
605,都電荒川線,15.3,王子駅前,渋谷,1,34,35.7528359,139.7381972
606,都電荒川線,14.0,梶原,渋谷,1,40,35.7510889,139.7478397
607,都電荒川線,13.8,荒川車庫前,渋谷,1,41,35.7508582,139.7527811
608,都電荒川線,15.1,荒川遊園地前,渋谷,1,47,35.7506878,139.7579215
609,都電荒川線,12.9,小台,渋谷,1,38,35.7505233,139.7615643
610,都電荒川線,15.2,宮ノ前,渋谷,1,50,35.7500408,139.7652709
611,都電荒川線,14.8,熊野前,渋谷,1,43,35.7485267,139.7698487
612,都電荒川線,13.8,東尾久三丁目,渋谷,1,54,35.7457854,139.7736639
613,都電荒川線,12.6,町屋二丁目,渋谷,1,55,35.74369799999999,139.7770331
614,都電荒川線,15.8,町屋駅前,渋谷,1,36,35.7427846,139.7809419
615,都電荒川線,16.0,三ノ輪橋,渋谷,1,45,35.7321051,139.7916155
616,日暮里・舎人ライナー,17.9,日暮里,渋谷,0,28,35.7281578,139.7706414
617,日暮里・舎人ライナー,17.2,西日暮里,渋谷,0,27,35.7324125,139.7677967
618,日暮里・舎人ライナー,14.7,赤土小学校前,渋谷,1,36,35.7428713,139.769041
619,日暮里・舎人ライナー,14.8,熊野前,渋谷,1,43,35.7485267,139.7698487
620,日暮里・舎人ライナー,13.0,足立小台,渋谷,1,39,35.7546201,139.7704015
621,日暮里・舎人ライナー,10.7,扇大橋,渋谷,1,41,35.763891,139.7708649
622,日暮里・舎人ライナー,12.2,江北,渋谷,1,44,33.2193926,130.160758
623,日暮里・舎人ライナー,10.0,西新井大師西,渋谷,1,45,35.781478,139.770095
624,日暮里・舎人ライナー,9.2,谷在家,渋谷,1,47,35.788783,139.770039
625,日暮里・舎人ライナー,8.9,舎人公園,渋谷,1,49,35.7963955,139.7701791
626,日暮里・舎人ライナー,8.9,舎人,渋谷,1,51,35.8056258,139.77023
627,日暮里・舎人ライナー,8.0,見沼代親水公園,渋谷,1,53,35.814558,139.770732
628,京王井の頭線,19.5,下北沢,渋谷,0,4,35.6615848,139.6668918
629,京王井の頭線,17.8,新代田,渋谷,0,8,35.6625779,139.66052
630,京王井の頭線,17.0,東松原,渋谷,0,9,35.662658,139.6555128
631,京王井の頭線,16.8,明大前,渋谷,0,7,35.6684407,139.6504908
632,京王井の頭線,15.6,永福町,渋谷,0,10,35.676272,139.6426236
633,京王井の頭線,16.0,西永福,渋谷,0,19,35.6786872,139.6355635
634,京王井の頭線,15.5,浜田山,渋谷,0,21,35.681636,139.6275022
635,京王井の頭線,15.5,高井戸,渋谷,0,23,35.6832249,139.6152696
636,京王井の頭線,14.9,富士見ヶ丘,渋谷,0,24,35.6847865,139.6072018
637,京王井の頭線,13.5,久我山,渋谷,0,16,35.6879961,139.5995882
638,京王井の頭線,13.5,三鷹台,渋谷,0,28,35.692235,139.58892
639,京王井の頭線,15.0,井の頭公園,渋谷,0,30,35.6974902,139.5827401
640,京王井の頭線,14.0,吉祥寺,渋谷,0,19,35.7031485,139.5798087
641,京王競馬場線,10.9,東府中,渋谷,1,55,35.6689181,139.4950907
642,京王新線,18.9,幡ヶ谷,渋谷,0,32,35.6770576,139.6761859
643,京王線,18.3,笹塚,渋谷,0,33,35.673654,139.667136
644,京王線,17.0,代田橋,渋谷,0,41,35.671071,139.659387
645,京王線,16.8,明大前,渋谷,0,7,35.6684407,139.6504908
646,京王線,16.4,下高井戸,渋谷,1,15,35.6661402,139.6414073
647,京王線,15.7,桜上水,渋谷,1,17,35.6675857,139.6319134
648,京王線,15.4,上北沢,渋谷,1,22,35.6688641,139.6233742
649,京王線,14.7,八幡山,渋谷,1,24,35.6698304,139.6161352
650,京王線,13.6,芦花公園,渋谷,1,25,35.6706012,139.6086903
651,京王線,13.1,千歳烏山,渋谷,1,16,35.6681814,139.6010149
652,京王線,12.9,仙川,渋谷,1,24,35.66230360000001,139.5849083
653,京王線,12.0,つつじヶ丘,渋谷,1,26,35.6581118,139.5753087
654,京王線,12.0,柴崎,渋谷,1,41,35.6541654,139.5667501
655,京王線,12.0,国領,渋谷,1,42,35.6501355,139.5583464
656,京王線,12.8,布田,渋谷,1,44,35.64984990000001,139.5518261
657,京王線,12.2,調布,渋谷,1,23,35.651788,139.5447823
658,京王線,11.7,西調布,渋谷,1,49,35.6570844,139.5300797
659,京王線,10.4,飛田給,渋谷,1,50,35.6600815,139.5235242
660,京王線,9.8,武蔵野台,渋谷,1,52,35.6641996,139.5110719
661,京王線,10.0,多磨霊園,渋谷,1,53,35.6660926,139.5030064
662,京王線,10.9,東府中,渋谷,1,55,35.6689181,139.4950907
663,京王線,10.6,分倍河原,渋谷,1,33,35.6685677,139.46874
664,京王線,9.0,聖蹟桜ヶ丘,渋谷,1,36,35.65079,139.446933
665,京王線,8.2,高幡不動,渋谷,1,40,35.6621387,139.4132073
666,京王線,8.2,北野,渋谷,1,45,35.6443991,139.3544968
667,京王線,8.8,京王八王子,渋谷,1,48,35.6579325,139.3430318
668,京王動物園線,6.8,多摩動物公園,渋谷,2,47,35.6486261,139.4037523
669,京王相模原線,12.2,調布,渋谷,1,23,35.651788,139.5447823
670,京王相模原線,12.0,京王多摩川,渋谷,1,37,35.644376,139.536537
671,京王相模原線,10.0,京王稲田堤,渋谷,1,28,35.6337511,139.5312067
672,京王相模原線,9.8,京王よみうりランド,渋谷,1,44,35.633044,139.517761
673,京王相模原線,9.3,稲城,渋谷,1,46,35.6362285,139.5003665
674,京王相模原線,10.7,若葉台,渋谷,1,49,35.619238,139.472405
675,京王相模原線,8.0,京王永山,渋谷,1,33,35.6302365,139.4482672
676,京王相模原線,7.4,京王多摩センター,渋谷,1,35,35.6252662,139.4244263
677,京王相模原線,8.4,京王堀之内,渋谷,1,57,35.62443,139.400299
678,京王相模原線,8.4,南大沢,渋谷,1,39,35.6141774,139.3800458
679,京王相模原線,8.0,橋本,渋谷,1,43,35.5948639,139.3449224
680,京王高尾線,8.2,北野,渋谷,1,45,35.6443991,139.3544968
681,京王高尾線,9.4,京王片倉,渋谷,1,53,35.6443985,139.3373021
682,京王高尾線,7.0,めじろ台,渋谷,1,56,35.6434197,139.3077388
683,京王高尾線,7.5,狭間,渋谷,1,58,35.640565,139.293641
684,京成押上線,11.5,青砥,渋谷,1,43,35.7456437,139.8561328
685,京成押上線,11.3,京成立石,渋谷,1,44,35.7382817,139.8486384
686,京成押上線,10.9,四ツ木,渋谷,1,42,35.7318394,139.8349402
687,京成押上線,11.8,八広,渋谷,1,41,35.7272484,139.8283594
688,京成押上線,14.1,京成曳舟,渋谷,0,43,35.718101,139.8196323
689,京成押上線,16.5,押上,渋谷,0,31,35.710332,139.8132971
690,京成金町線,11.0,京成高砂,渋谷,1,49,35.7509628,139.8675536
691,京成金町線,10.0,柴又,渋谷,2,56,35.75670780000001,139.875498
692,京成金町線,9.6,京成金町,渋谷,1,50,35.7685695,139.8704944
693,京成本線,17.9,日暮里,渋谷,0,28,35.7281578,139.7706414
694,京成本線,16.0,新三河島,渋谷,1,38,35.7371879,139.7739183
695,京成本線,15.1,町屋,渋谷,1,36,35.7427846,139.7809419
696,京成本線,15.3,千住大橋,渋谷,1,42,35.742372,139.797261
697,京成本線,15.1,京成関屋,渋谷,1,44,35.7439417,139.8118024
698,京成本線,10.9,堀切菖蒲園,渋谷,1,46,35.7476203,139.8274499
699,京成本線,10.9,お花茶屋,渋谷,1,47,35.7475917,139.8401103
700,京成本線,11.5,青砥,渋谷,1,43,35.7456437,139.8561328
701,京成本線,11.0,京成高砂,渋谷,1,49,35.7509628,139.8675536
702,京成本線,11.0,京成小岩,渋谷,1,52,35.7420784,139.8839119
703,京成本線,11.0,京成八幡,渋谷,1,55,35.723822,139.928167
704,京成本線,10.2,京成西船,渋谷,1,54,35.7115501,139.9589401
705,京成本線,11.0,京成船橋,渋谷,1,56,35.7001512,139.9854356
706,京急本線,17.8,鮫洲,渋谷,1,26,35.6050378,139.742288
707,京急本線,16.4,立会川,渋谷,1,24,35.5985567,139.7389574
708,京急本線,15.4,大森海岸,渋谷,1,31,35.58769960000001,139.7354656
709,京急本線,14.0,平和島,渋谷,1,25,35.5787778,139.7349051
710,京急本線,13.9,大森町,渋谷,1,38,35.5724704,139.7320923
711,京急本線,13.7,梅屋敷,渋谷,1,39,35.5668067,139.728246
712,京急本線,14.6,京急蒲田,渋谷,1,28,35.5613144,139.724151
713,京急本線,14.0,雑色,渋谷,1,42,35.5494967,139.714922
714,京急本線,13.7,六郷土手,渋谷,1,44,35.540531,139.707582
715,京急本線,12.6,京急川崎,渋谷,1,32,35.5329877,139.7008715
716,京急本線,12.9,八丁畷,渋谷,1,48,35.523005,139.691445
717,京急本線,11.5,鶴見市場,渋谷,1,49,35.517842,139.6866381
718,京急本線,12.0,京急鶴見,渋谷,1,37,35.5073064,139.6779355
719,京急本線,11.8,花月総持寺,渋谷,1,58,35.500456,139.6729925
720,京急本線,10.9,生麦,渋谷,1,50,35.4953221,139.6669431
721,京急本線,13.4,京急新子安,渋谷,1,40,35.487097,139.6554621
722,京急本線,12.8,子安,渋谷,1,47,35.4845915,139.6450063
723,京急本線,13.8,神奈川新町,渋谷,1,37,35.4808858,139.6396221
724,京急本線,14.0,京急東神奈川,渋谷,1,36,35.4772739,139.6343656
725,京急本線,16.5,神奈川,渋谷,1,42,35.4710145,139.6271196
726,京急本線,15.8,横浜,渋谷,0,28,35.46598110000001,139.622062
727,京急本線,13.4,戸部,渋谷,1,42,35.4566877,139.6195624
728,京急本線,14.0,日ノ出町,渋谷,1,44,35.4455459,139.6267666
729,京急本線,12.8,黄金町,渋谷,1,45,35.43970700000001,139.62251
730,京急本線,11.7,南太田,渋谷,1,47,35.4370778,139.6141561
731,京急本線,10.8,井土ヶ谷,渋谷,1,49,35.433874,139.600512
732,京急本線,9.9,弘明寺,渋谷,1,56,35.4243856,139.5968031
733,京急本線,9.8,上大岡,渋谷,1,47,35.4091218,139.5966291
734,京急本線,10.1,屏風浦,渋谷,1,57,35.39412900000001,139.61043
735,京急本線,9.5,杉田,渋谷,1,57,35.3835612,139.615876
736,京急本線,9.8,金沢文庫,渋谷,1,55,35.342926,139.6216477
737,京急本線,9.5,金沢八景,渋谷,1,57,35.3314185,139.6202096
738,京急本線,8.5,追浜,渋谷,1,58,35.315638,139.624904
739,京急空港線,14.6,京急蒲田,渋谷,1,28,35.5613144,139.724151
740,京急空港線,13.5,糀谷,渋谷,1,32,35.5547524,139.7294866
741,京急空港線,13.0,大鳥居,渋谷,1,34,35.552281,139.740162
742,京急空港線,13.0,穴守稲荷,渋谷,1,36,35.5504391,139.746748
743,京急空港線,12.0,天空橋,渋谷,1,37,35.548032,139.754661
744,京急空港線,5.4,羽田空港第１・第２ターミナル,渋谷,0,59,35.5499709,139.786427
745,小田急線,19.5,下北沢,渋谷,0,4,35.6615848,139.6668918
746,小田急線,17.1,世田谷代田,渋谷,1,11,35.6582291,139.6613023
747,小田急線,16.9,梅ヶ丘,渋谷,0,31,35.6559198,139.6535836
748,小田急線,16.5,豪徳寺,渋谷,0,43,35.6536518,139.6474222
749,小田急線,16.8,経堂,渋谷,0,40,35.651208,139.6368059
750,小田急線,16.7,千歳船橋,渋谷,0,44,35.647502,139.6238843
751,小田急線,16.9,祖師ヶ谷大蔵,渋谷,0,47,35.6433164,139.6095789
752,小田急線,15.4,成城学園前,渋谷,0,52,35.640128,139.599087
753,小田急線,13.9,喜多見,渋谷,1,26,35.6365467,139.5872448
754,小田急線,11.2,狛江,渋谷,1,28,35.6323896,139.577638
755,小田急線,12.0,和泉多摩川,渋谷,1,29,35.6272844,139.5737096
756,小田急線,11.1,登戸,渋谷,1,23,35.6207662,139.5700976
757,小田急線,10.5,向ヶ丘遊園,渋谷,1,28,35.6171694,139.5645675
758,小田急線,9.1,生田,渋谷,1,39,35.6150136,139.5422351
759,小田急線,9.5,読売ランド前,渋谷,1,41,35.6147668,139.5279379
760,小田急線,10.4,百合ヶ丘,渋谷,1,43,35.609033,139.5161625
761,小田急線,9.5,新百合ヶ丘,渋谷,1,34,35.60344,139.5077543
762,小田急線,9.3,柿生,渋谷,1,50,35.5898073,139.4979307
763,小田急線,7.0,鶴川,渋谷,1,52,35.5831257,139.4813915
764,小田急線,8.1,玉川学園前,渋谷,1,56,35.563495,139.463408
765,小田急線,9.0,町田,渋谷,1,37,0.0,0.0
766,小田急線,9.5,相模大野,渋谷,1,40,35.5324566,139.4381701
767,小田急多摩線,9.5,新百合ヶ丘,渋谷,1,34,35.60344,139.5077543
768,小田急多摩線,9.8,五月台,渋谷,1,38,35.6001505,139.4936716
769,小田急多摩線,8.9,栗平,渋谷,1,40,35.6059323,139.4810111
770,小田急多摩線,9.5,はるひ野,渋谷,1,43,35.6188249,139.4646427
771,小田急多摩線,7.8,小田急永山,渋谷,1,35,35.629931,139.4480172
772,小田急多摩線,7.6,小田急多摩センター,渋谷,1,37,35.625066,139.4245312
773,小田急多摩線,9.0,唐木田,渋谷,1,50,35.616626,139.411771
774,多摩都市モノレール,7.7,多摩センター,渋谷,1,41,35.623931,139.422853
775,多摩都市モノレール,7.3,松が谷,渋谷,2,47,35.6318078,139.42213
776,多摩都市モノレール,8.6,大塚・帝京大学,渋谷,2,49,35.6368975,139.4165036
777,多摩都市モノレール,8.4,中央大学・明星大学,渋谷,2,51,35.6419553,139.4085967
778,多摩都市モノレール,6.8,多摩動物公園,渋谷,2,47,35.6486261,139.4037523
779,多摩都市モノレール,7.2,程久保,渋谷,2,54,35.6552969,139.4108225
780,多摩都市モノレール,8.2,高幡不動,渋谷,1,40,35.6621387,139.4132073
781,多摩都市モノレール,8.9,万願寺,渋谷,2,48,35.671203,139.420046
782,多摩都市モノレール,9.1,甲州街道,渋谷,2,45,35.6783134,139.4094353
783,多摩都市モノレール,10.6,柴崎体育館,渋谷,2,45,35.6897342,139.4093141
784,多摩都市モノレール,11.8,立川南,渋谷,1,40,35.69614180000001,139.4126105
785,多摩都市モノレール,12.5,立川北,渋谷,1,40,35.69950559999999,139.4124342
786,多摩都市モノレール,9.6,立飛,渋谷,2,50,35.7143864,139.4171489
787,多摩都市モノレール,9.1,泉体育館,渋谷,2,54,35.7188242,139.4195487
788,多摩都市モノレール,8.2,砂川七番,渋谷,2,53,35.723392,139.418127
789,多摩都市モノレール,7.5,玉川上水,渋谷,1,53,35.7318915,139.4183678
790,多摩都市モノレール,7.1,桜街道,渋谷,2,57,35.738918,139.416682
791,多摩都市モノレール,6.9,上北台,渋谷,2,59,35.7459673,139.4158115
792,りんかい線,19.8,新木場,渋谷,0,27,35.6459065,139.8267917
793,りんかい線,19.4,品川シーサイド,渋谷,0,14,35.609715,139.749688
794,りんかい線,18.9,大井町,渋谷,0,11,35.6076153,139.7346592
795,北総線,11.0,京成高砂,渋谷,1,49,35.7509628,139.8675536
796,北総線,10.9,新柴又,渋谷,1,53,35.75114689999999,139.8794192
797,北総線,7.4,矢切,渋谷,1,55,35.75729,139.899752
798,北総線,7.9,北国分,渋谷,1,57,35.762929,139.913889
799,北総線,8.0,秋山,渋谷,1,59,35.765484,139.93111
800,東京モノレール,12.8,大井競馬場前,渋谷,1,31,35.5956475,139.7469415
801,東京モノレール,12.8,流通センター,渋谷,1,33,35.582037,139.7487512
802,東京モノレール,12.5,昭和島,渋谷,1,35,35.570682,139.7498986
803,東京モノレール,12.0,整備場,渋谷,1,37,35.5551801,139.7534099
804,東京モノレール,12.0,天空橋,渋谷,1,37,35.548032,139.754661
805,東京モノレール,5.4,新整備場,渋谷,1,44,35.5428648,139.7872944
806,東京モノレール,5.4,羽田空港第１ターミナル,渋谷,1,45,35.5491383,139.7847121
807,新交通ゆりかもめ,5.4,テレコムセンター,渋谷,1,32,35.6175526,139.7794062
808,埼玉高速鉄道,15.0,赤羽岩淵,渋谷,0,36,35.783504,139.721821
809,埼玉高速鉄道,10.0,川口元郷,渋谷,1,41,35.800392,139.730209
810,埼玉高速鉄道,9.0,南鳩ヶ谷,渋谷,1,44,35.8162585,139.7361382
811,埼玉高速鉄道,8.3,鳩ヶ谷,渋谷,1,46,35.8309205,139.7360906
812,埼玉高速鉄道,8.3,新井宿,渋谷,1,48,35.842748,139.737956
813,埼玉高速鉄道,8.5,戸塚安行,渋谷,1,52,35.8586842,139.7536976
814,埼玉高速鉄道,9.0,東川口,渋谷,1,50,35.8752776,139.7443175
815,埼玉高速鉄道,9.9,浦和美園,渋谷,1,57,35.893687,139.727872
816,つくばエクスプレス,19.8,新御徒町,渋谷,1,34,35.7069936,139.7819408
817,つくばエクスプレス,18.1,浅草,渋谷,0,33,35.7107924,139.7977621
818,つくばエクスプレス,16.7,南千住,渋谷,1,38,35.7331617,139.7989223
819,つくばエクスプレス,14.3,北千住,渋谷,0,42,35.7496762,139.8053433
820,つくばエクスプレス,10.6,青井,渋谷,1,51,35.772368,139.8203769
821,つくばエクスプレス,9.5,六町,渋谷,1,54,35.7848987,139.8216325
822,つくばエクスプレス,7.9,八潮,渋谷,1,57,35.8078355,139.8448262
823,成田スカイアクセス,17.9,日暮里,渋谷,0,28,35.7281578,139.7706414
824,成田スカイアクセス,11.5,青砥,渋谷,1,43,35.7456437,139.8561328
825,成田スカイアクセス,11.0,京成高砂,渋谷,1,49,35.7509628,139.8675536
826,東急こどもの国線,9.0,長津田,渋谷,0,31,35.5319546,139.4943049
827,東急こどもの国線,8.0,恩田,渋谷,1,42,35.5456004,139.4921258
828,東急こどもの国線,7.9,こどもの国,渋谷,1,52,0.0,0.0
829,東急新横浜線,12.3,新横浜,渋谷,0,27,35.5076585,139.6175553
830,東急新横浜線,13.5,新綱島,渋谷,0,23,35.5359744,139.6359773
831,東急新横浜線,12.0,日吉,渋谷,0,20,35.553449,139.6470623
832,ＪＲ根岸線,15.8,横浜,渋谷,0,28,35.46598110000001,139.622062
833,ＪＲ根岸線,18.7,桜木町,渋谷,1,40,35.4509136,139.6310595
834,ＪＲ根岸線,17.4,関内,渋谷,1,42,35.4439663,139.6354978
835,ＪＲ根岸線,15.6,石川町,渋谷,1,44,35.4387746,139.6430494
836,ＪＲ根岸線,12.0,山手,渋谷,1,46,35.42686,139.6463741
837,ＪＲ根岸線,11.7,根岸,渋谷,1,49,35.415819,139.6350457
838,ＪＲ根岸線,11.3,磯子,渋谷,1,52,35.3998639,139.6179011
839,ＪＲ根岸線,9.8,新杉田,渋谷,1,54,35.3867269,139.619549
840,ＪＲ根岸線,8.5,洋光台,渋谷,1,58,35.378769,139.597042
841,ＪＲ根岸線,9.2,大船,渋谷,0,46,35.3540475,139.5312989
842,ＪＲ鶴見線,11.4,鶴見,渋谷,1,32,35.5080356,139.6762625
843,ＪＲ鶴見線,13.0,国道,渋谷,2,38,35.5008127,139.6756975
844,ＪＲ鶴見線,11.8,鶴見小野,渋谷,2,40,35.497344,139.6809751
845,ＪＲ鶴見線,10.4,弁天橋,渋谷,2,42,35.4959232,139.6897811
846,ＪＲ鶴見線,10.5,浅野,渋谷,2,44,35.4974723,139.6960747
847,ＪＲ鶴見線,5.4,新芝浦,渋谷,2,49,35.4918977,139.7001403
848,ＪＲ鶴見線,10.5,安善,渋谷,2,45,35.4998135,139.7012787
849,ＪＲ鶴見線,5.4,大川,渋谷,2,50,35.4955801,139.7110847
850,ＪＲ鶴見線,10.2,武蔵白石,渋谷,2,47,35.5018412,139.7064449
851,ＪＲ鶴見線,10.5,浜川崎,渋谷,2,44,35.5102284,139.7138465
852,ＪＲ鶴見線,13.4,昭和,渋谷,2,52,35.5065319,139.7240616
853,ＪＲ相模線,7.1,入谷,渋谷,1,37,35.7208778,139.7846947
854,ＪＲ相模線,8.0,橋本,渋谷,1,43,35.5948639,139.3449224
855,京急大師線,12.6,京急川崎,渋谷,1,32,35.5329877,139.7008715
856,京急大師線,12.0,港町,渋谷,2,38,35.5349,139.712567
857,京急大師線,11.5,鈴木町,渋谷,2,40,35.5353076,139.7202714
858,京急大師線,11.5,川崎大師,渋谷,2,41,35.535681,139.7261452
859,京急大師線,11.4,東門前,渋谷,2,42,35.5367374,139.734725
860,京急大師線,11.4,大師橋,渋谷,2,44,35.5367,139.7408592
861,京急大師線,11.4,小島新田,渋谷,2,45,35.5348941,139.7475512
862,京急逗子線,9.5,金沢八景,渋谷,1,57,35.3314185,139.6202096
863,小田急小田原線,9.5,相模大野,渋谷,1,40,35.5324566,139.4381701
864,小田急小田原線,7.5,本厚木,渋谷,1,52,35.4394083,139.3644221
865,小田急小田原線,7.1,愛甲石田,渋谷,1,55,35.417605,139.3439017
866,小田急小田原線,7.0,伊勢原,渋谷,1,59,35.3960371,139.3135935
867,小田急江ノ島線,9.5,相模大野,渋谷,1,40,35.5324566,139.4381701
868,小田急江ノ島線,9.5,東林間,渋谷,1,49,35.52051489999999,139.4389007
869,小田急江ノ島線,8.9,中央林間,渋谷,0,38,35.5080279,139.4441058
870,小田急江ノ島線,8.2,南林間,渋谷,1,47,35.4957294,139.447992
871,小田急江ノ島線,8.1,鶴間,渋谷,1,49,35.4902148,139.4508226
872,小田急江ノ島線,8.0,大和,渋谷,0,54,35.4698305,139.4614634
873,小田急江ノ島線,7.4,桜ヶ丘,渋谷,1,54,35.4505747,139.4657593
874,小田急江ノ島線,7.0,高座渋谷,渋谷,1,57,35.4321788,139.464706
875,小田急江ノ島線,8.3,長後,渋谷,1,59,35.4125215,139.4654723
876,小田急江ノ島線,9.9,藤沢,渋谷,0,52,35.3388984,139.4874695
877,相鉄本線,15.8,横浜,渋谷,0,28,35.46598110000001,139.622062
878,相鉄本線,13.1,平沼橋,渋谷,1,39,35.4595591,139.6162066
879,相鉄本線,12.1,西横浜,渋谷,1,43,35.4534061,139.608495
880,相鉄本線,11.5,天王町,渋谷,1,45,35.4539501,139.6028158
881,相鉄本線,10.5,星川,渋谷,1,42,35.458881,139.5947656
882,相鉄本線,9.5,和田町,渋谷,1,48,35.4635684,139.5868889
883,相鉄本線,9.2,上星川,渋谷,1,47,35.467669,139.580075
884,相鉄本線,9.2,西谷,渋谷,0,36,35.4780848,139.5656182
885,相鉄本線,7.5,鶴ケ峰,渋谷,0,42,35.4749324,139.5492929
886,相鉄本線,8.3,二俣川,渋谷,0,44,35.4635766,139.5323099
887,相鉄本線,8.0,希望ケ丘,渋谷,0,49,35.4604235,139.5141563
888,相鉄本線,7.7,三ツ境,渋谷,0,52,35.4677563,139.5027413
889,相鉄本線,8.4,瀬谷,渋谷,0,54,35.47031390000001,139.4824961
890,相鉄本線,8.0,大和,渋谷,0,54,35.4698305,139.4614634
891,相鉄いずみ野線,8.3,二俣川,渋谷,0,44,35.4635766,139.5323099
892,相鉄いずみ野線,8.5,南万騎が原,渋谷,0,53,35.45253599999999,139.526351
893,相鉄いずみ野線,8.2,緑園都市,渋谷,0,55,35.4395193,139.5219504
894,相鉄いずみ野線,8.3,弥生台,渋谷,0,57,35.4299397,139.5064623
895,相鉄いずみ野線,7.0,いずみ野,渋谷,0,59,35.429455,139.494993
896,相鉄新横浜線,12.3,新横浜,渋谷,0,27,35.5076585,139.6175553
897,相鉄新横浜線,9.0,羽沢横浜国大,渋谷,0,33,35.48117,139.5860839
898,相鉄新横浜線,9.2,西谷,渋谷,0,36,35.4780848,139.5656182
899,ブルーライン,10.5,あざみ野,渋谷,0,23,35.5685796,139.5534552
900,ブルーライン,11.3,センター北,渋谷,1,35,35.553138,139.578482
901,ブルーライン,11.1,センター南,渋谷,1,36,35.5455828,139.5745099
902,ブルーライン,11.0,仲町台,渋谷,1,39,35.5353086,139.5896081
903,ブルーライン,11.8,新羽,渋谷,1,38,35.527475,139.612119
904,ブルーライン,11.8,北新横浜,渋谷,1,36,35.519226,139.612813
905,ブルーライン,12.3,新横浜,渋谷,0,27,35.5076585,139.6175553
906,ブルーライン,12.0,岸根公園,渋谷,1,38,35.4965468,139.6171984
907,ブルーライン,8.5,片倉町,渋谷,1,40,35.489951,139.6064261
908,ブルーライン,10.5,三ツ沢上町,渋谷,1,42,35.4764874,139.6046976
909,ブルーライン,13.0,三ツ沢下町,渋谷,1,40,35.4765007,139.6150268
910,ブルーライン,15.8,横浜,渋谷,0,28,35.46598110000001,139.622062
911,ブルーライン,16.8,高島町,渋谷,1,43,35.458788,139.623537
912,ブルーライン,18.7,桜木町,渋谷,1,40,35.4509136,139.6310595
913,ブルーライン,17.4,関内,渋谷,1,42,35.4439663,139.6354978
914,ブルーライン,14.4,伊勢佐木長者町,渋谷,1,49,35.4411351,139.6329989
915,ブルーライン,13.0,阪東橋,渋谷,1,51,35.437596,139.625177
916,ブルーライン,12.2,吉野町,渋谷,1,52,35.4353957,139.6184715
917,ブルーライン,11.0,蒔田,渋谷,1,54,35.429902,139.609956
918,ブルーライン,10.3,弘明寺,渋谷,1,56,35.4243856,139.5968031
919,ブルーライン,9.8,上大岡,渋谷,1,47,35.4091218,139.5966291
920,ブルーライン,10.2,舞岡,渋谷,1,53,35.4025543,139.5512281
921,ブルーライン,9.0,戸塚,渋谷,0,41,35.4006131,139.5342406
922,ブルーライン,8.9,踊場,渋谷,1,47,35.4055836,139.5187107
923,ブルーライン,8.9,立場,渋谷,1,51,35.4144844,139.5009935
924,ブルーライン,9.4,下飯田,渋谷,1,53,35.4034517,139.4831672
925,グリーンライン,9.2,中山,渋谷,1,38,35.5148115,139.53935
926,グリーンライン,9.2,川和町,渋谷,1,47,35.5284388,139.5492424
927,グリーンライン,10.2,都筑ふれあいの丘,渋谷,1,45,35.5365677,139.5613048
928,グリーンライン,11.1,センター南,渋谷,1,36,35.5455828,139.5745099
929,グリーンライン,11.3,センター北,渋谷,1,35,35.553138,139.578482
930,グリーンライン,10.4,東山田,渋谷,1,36,35.554194,139.60484
931,グリーンライン,12.0,日吉本町,渋谷,1,29,35.550036,139.6336133
932,グリーンライン,12.0,日吉,渋谷,0,20,35.553449,139.6470623
933,みなとみらい線,15.8,横浜,渋谷,0,28,35.46598110000001,139.622062
934,みなとみらい線,19.0,日本大通り,渋谷,0,39,35.4468153,139.6425887
935,みなとみらい線,15.1,元町・中華街,渋谷,0,37,35.4427858,139.6499956
936,シーサイドライン,9.8,新杉田,渋谷,1,54,35.3867269,139.619549
937,シーサイドライン,9.5,金沢八景,渋谷,1,57,35.3314185,139.6202096
938,江ノ島電鉄線,9.9,藤沢,渋谷,0,52,35.3388984,139.4874695
939,江ノ島電鉄線,15.8,鎌倉,渋谷,0,55,35.3190156,139.5504157
940,湘南モノレール,9.2,大船,渋谷,0,46,35.3540475,139.5312989
941,湘南モノレール,11.2,富士見町,渋谷,1,57,35.4346656,133.3365881
942,湘南モノレール,11.6,湘南町屋,渋谷,1,59,35.3378269,139.5226892
943,ＪＲ京浜東北線,9.0,大宮,渋谷,0,37,35.9064485,139.6238548
944,ＪＲ京浜東北線,10.9,さいたま新都心,渋谷,1,39,35.893795,139.633741
945,ＪＲ京浜東北線,9.5,与野,渋谷,1,39,35.8843917,139.6390764
946,ＪＲ京浜東北線,9.6,北浦和,渋谷,1,36,35.872187,139.645713
947,ＪＲ京浜東北線,9.9,浦和,渋谷,0,31,35.8587283,139.6573784
948,ＪＲ京浜東北線,9.4,南浦和,渋谷,1,38,35.8473849,139.6695734
949,ＪＲ京浜東北線,9.1,蕨,渋谷,1,35,35.8280777,139.6903234
950,ＪＲ京浜東北線,9.7,西川口,渋谷,1,31,35.8155374,139.7043642
951,ＪＲ京浜東北線,9.8,川口,渋谷,1,30,35.8018754,139.7177024
952,ＪＲ川越線,9.0,大宮,渋谷,0,37,35.9064485,139.6238548
953,ＪＲ川越線,6.9,西大宮,渋谷,0,52,35.9223389,139.5798987
954,ＪＲ川越線,6.8,指扇,渋谷,0,55,35.91693,139.56494
955,ＪＲ川越線,7.5,南古谷,渋谷,0,59,35.90318,139.519139
956,西武狭山線,8.0,西所沢,渋谷,0,47,35.7892995,139.4560334
957,西武狭山線,6.7,下山口,渋谷,2,55,35.7793925,139.4408485
958,東武野田線,9.0,大宮,渋谷,0,37,35.9064485,139.6238548
959,東武野田線,9.2,北大宮,渋谷,1,52,35.9171964,139.6247293
960,東武野田線,9.0,大宮公園,渋谷,1,54,35.9234976,139.6321636
961,東武野田線,6.9,大和田,渋谷,1,57,35.9293778,139.6503575
962,東武野田線,6.6,七里,渋谷,1,59,35.9365546,139.6662907
963,東武野田線,8.5,柏,渋谷,1,58,35.8621498,139.9709172
964,東武野田線,11.1,新船橋,渋谷,2,59,35.711515,139.979873
965,東武野田線,9.9,船橋,渋谷,1,50,35.7017357,139.9853815
966,埼玉新都市交通伊奈線,9.0,大宮,渋谷,0,37,35.9064485,139.6238548
967,埼玉新都市交通伊奈線,8.0,鉄道博物館,渋谷,1,52,35.9204218,139.6177544
968,埼玉新都市交通伊奈線,8.0,加茂宮,渋谷,1,55,35.9357127,139.6170337
969,埼玉新都市交通伊奈線,7.8,東宮原,渋谷,1,57,35.9425794,139.6183602
970,埼玉新都市交通伊奈線,7.9,今羽,渋谷,1,58,35.9499263,139.6193842
971,新京成線,8.4,松戸,渋谷,1,49,35.7843004,139.9006607
972,新京成線,8.3,上本郷,渋谷,2,57,35.7897487,139.9163439
973,新京成線,8.0,松戸新田,渋谷,2,58,35.7906492,139.9229877
974,新京成線,7.7,みのり台,渋谷,2,59,35.7893535,139.9294876
975,流鉄流山線,7.8,馬橋,渋谷,1,56,35.81134000000001,139.917276
976,東葉高速鉄道,9.5,西船橋,渋谷,1,44,35.7074443,139.9590775
977,東葉高速鉄道,10.0,東海神,渋谷,1,57,35.7062911,139.981519
